Student_ID,gender,branch,cgpa,tenth_percentage,twelfth_percentage,backlogs,study_hours_per_day,attendance_percentage,projects_completed,internships_completed,coding_skill_rating,communication_skill_rating,aptitude_skill_rating,hackathons_participated,certifications_count,sleep_hours,stress_level,part_time_job,family_income_level,city_tier,internet_access,extracurricular_involvement,placement_status,salary_lpa
1,Male,ECE,3.74,63.6,35.9,0,3.3,51.2,1,2,2,3,2,0,1,6.5,8,No,Low,Tier 2,Yes,Low,Not Placed,0.0
2,Female,ECE,3.33,43.3,54.8,0,2.9,56.2,4,2,3,3,4,1,1,7.3,6,No,High,Tier 2,Yes,Low,Not Placed,0.0
3,Female,ME,1.76,21.8,44.4,0,0.8,61.6,3,1,2,5,2,1,0,6.3,5,No,Low,Tier 1,Yes,Medium,Not Placed,0.0
4,Male,CSE,6.07,67.8,67.6,0,7.3,41.1,4,2,4,0,2,4,4,8.1,5,Yes,Medium,Tier 3,Yes,Medium,Placed,14.66
5,Male,ME,4.77,50.0,76.5,2,5.1,71.0,4,1,3,2,1,2,2,7.9,6,No,Low,Tier 2,Yes,Medium,Not Placed,0.0
6,Male,CSE,8.66,82.4,95.5,0,6.9,82.4,3,4,3,5,3,2,1,7.7,7,No,Medium,Tier 1,Yes,Medium,Placed,16.78
7,Male,IT,0.32,22.1,27.4,0,1.9,31.0,1,0,0,2,1,2,1,6.2,7,No,Low,Tier 3,Yes,Medium,Not Placed,0.0
8,Female,ME,6.44,53.7,61.5,0,5.2,65.5,3,2,3,1,4,3,1,7.7,1,Yes,Medium,Tier 1,No,High,Placed,13.17
9,Female,CSE,7.63,65.4,85.3,0,4.2,76.4,5,3,4,5,4,2,0,6.1,3,No,Low,Tier 2,Yes,Medium,Placed,15.77
10,Female,ECE,7.59,79.7,80.9,0,9.8,88.0,4,3,3,1,3,1,1,6.9,6,No,Low,Tier 2,Yes,Low,Placed,14.85
11,Male,CSE,8.86,90.1,94.1,0,7.9,81.7,5,4,5,4,5,4,5,4.0,3,No,Medium,Tier 3,No,Medium,Placed,18.68
12,Female,IT,7.29,80.4,69.5,0,6.0,98.6,6,3,4,1,4,2,1,8.4,2,No,Medium,Tier 2,Yes,Low,Placed,14.3
13,Female,ECE,9.28,100.0,93.5,2,6.1,98.2,4,3,3,1,5,4,0,9.1,7,No,High,Tier 3,Yes,Low,Placed,18.14
14,Male,IT,3.33,44.4,36.5,0,2.3,57.4,2,2,1,3,5,1,0,7.3,6,Yes,Low,Tier 3,Yes,Medium,Not Placed,0.0
15,Male,CSE,5.03,63.7,36.8,0,6.7,63.2,5,1,4,2,3,3,1,5.1,9,No,Medium,Tier 2,Yes,Low,Not Placed,0.0
16,Male,CSE,0.14,6.4,29.1,0,3.1,50.1,2,0,2,3,2,1,1,6.7,7,No,High,Tier 1,Yes,Medium,Not Placed,0.0
17,Male,CSE,0.07,23.3,3.5,0,2.3,51.5,2,0,0,5,3,1,1,7.1,4,Yes,Medium,Tier 2,Yes,Medium,Not Placed,0.0
18,Male,CSE,2.4,30.1,38.3,0,2.1,35.5,1,1,1,3,3,2,1,7.0,6,No,Medium,Tier 1,Yes,Medium,Not Placed,0.0
19,Male,ECE,1.01,24.3,29.4,0,3.7,32.6,1,0,0,5,1,0,4,10.0,4,Yes,High,Tier 1,Yes,High,Not Placed,0.0
20,Male,ME,2.6,36.0,42.1,0,3.8,58.2,2,1,3,3,3,3,0,6.7,2,Yes,Medium,Tier 1,No,High,Not Placed,0.0
21,Female,IT,1.77,40.4,29.3,2,3.4,56.9,1,1,2,4,1,1,3,6.3,8,No,Medium,Tier 2,Yes,Low,Not Placed,0.0
22,Male,ECE,0.29,4.4,23.0,0,2.1,33.1,4,0,3,0,0,2,1,7.2,5,No,High,Tier 2,Yes,High,Not Placed,0.0
23,Male,EE,9.09,69.4,95.4,1,6.4,80.6,4,2,4,4,3,5,2,6.8,8,No,Low,Tier 2,Yes,Medium,Placed,16.51
24,Male,IT,0.08,13.5,26.0,1,0.4,36.4,1,1,1,4,2,1,1,6.1,6,Yes,Medium,Tier 3,Yes,Medium,Not Placed,0.0
25,Male,CE,7.36,82.2,94.2,0,6.1,96.9,3,3,5,3,4,4,5,4.9,6,No,Medium,Tier 3,Yes,Low,Placed,17.41
26,Female,ECE,1.52,29.4,32.5,0,3.2,44.6,5,0,3,5,3,2,1,7.9,7,No,Medium,Tier 2,Yes,High,Not Placed,0.0
27,Male,CSE,9.12,100.0,91.6,0,6.5,74.6,5,3,5,2,5,4,3,6.0,5,Yes,Medium,Tier 2,Yes,High,Placed,18.46
28,Male,CSE,8.93,95.3,80.4,0,7.6,89.9,5,4,4,1,4,4,2,5.8,5,No,High,Tier 2,Yes,Medium,Placed,17.78
29,Male,IT,6.54,65.0,74.7,3,5.9,83.6,2,2,3,4,4,1,0,6.0,6,No,Medium,Tier 3,Yes,Low,Placed,14.04
30,Male,CSE,6.72,48.9,78.4,0,7.0,74.1,2,3,2,1,4,1,1,5.2,8,No,Medium,Tier 3,Yes,Low,Placed,13.92
31,Female,CSE,0.05,13.1,16.5,2,2.2,50.4,1,1,0,3,0,1,3,7.8,7,No,Low,Tier 1,Yes,Medium,Not Placed,0.0
32,Male,ECE,9.85,100.0,100.0,2,7.4,100.0,5,3,5,5,3,4,1,7.6,6,No,High,Tier 1,Yes,Low,Placed,19.63
33,Male,ECE,8.78,85.7,85.3,0,9.1,86.9,5,2,5,4,4,5,0,7.2,5,No,Low,Tier 1,Yes,Low,Placed,16.93
34,Female,IT,8.95,91.4,96.3,0,6.6,89.2,3,4,4,3,5,3,1,7.9,5,No,Medium,Tier 1,No,Low,Placed,16.37
35,Female,CSE,6.59,75.2,79.8,0,7.2,52.4,4,3,4,3,3,5,3,7.5,4,No,Medium,Tier 1,Yes,Low,Placed,15.13
36,Female,ECE,3.45,34.2,54.6,2,3.4,70.2,1,1,2,5,4,2,1,7.7,4,Yes,Low,Tier 2,No,High,Not Placed,0.0
37,Male,IT,8.94,97.2,90.7,2,7.9,84.7,4,4,5,2,5,6,0,9.2,5,No,Medium,Tier 2,Yes,High,Placed,17.78
38,Male,EE,2.92,56.2,31.0,0,3.8,47.7,3,2,3,4,2,4,2,8.2,6,No,Low,Tier 3,Yes,Low,Not Placed,0.0
39,Female,IT,5.63,61.1,56.9,0,5.6,62.2,4,3,4,5,2,2,1,7.2,7,No,High,Tier 1,Yes,High,Placed,16.29
40,Male,CE,1.0,12.2,32.0,0,2.9,46.5,2,0,2,4,2,3,0,5.9,3,No,High,Tier 1,Yes,Low,Not Placed,0.0
41,Male,IT,9.22,92.7,100.0,2,8.3,76.8,6,3,5,3,3,5,3,5.1,6,No,Medium,Tier 2,No,High,Placed,16.88
42,Male,ECE,1.41,4.7,25.9,3,3.3,31.6,2,2,2,3,2,2,2,4.9,6,No,Medium,Tier 3,Yes,Low,Not Placed,0.0
43,Male,CSE,2.25,37.5,40.6,0,3.5,47.9,4,3,4,2,1,4,1,8.1,4,No,Low,Tier 3,Yes,Medium,Not Placed,0.0
44,Female,IT,5.58,67.0,57.1,0,4.1,61.0,5,2,5,2,3,3,0,6.3,5,No,Medium,Tier 2,Yes,Low,Placed,15.95
45,Male,IT,7.64,96.7,69.4,0,7.1,84.9,3,2,4,3,4,3,0,7.1,7,No,Medium,Tier 2,Yes,Medium,Placed,16.53
46,Female,IT,6.19,65.7,60.8,0,5.3,65.1,3,3,3,4,2,2,1,5.9,5,No,Medium,Tier 2,Yes,Medium,Placed,14.08
47,Male,ECE,2.32,38.8,15.7,2,2.0,68.1,3,1,2,5,0,4,1,9.6,1,No,Medium,Tier 1,Yes,Low,Not Placed,0.0
48,Male,ECE,0.01,6.5,31.6,0,1.2,43.4,1,1,0,1,0,0,0,4.8,7,No,Low,Tier 1,Yes,Medium,Not Placed,0.0
49,Male,CSE,7.57,75.8,56.3,0,7.0,88.6,5,1,5,0,5,2,2,7.2,6,No,Low,Tier 2,Yes,Medium,Placed,16.08
50,Male,ECE,9.85,83.5,94.2,0,8.6,86.8,5,3,4,5,5,2,0,6.6,2,No,Medium,Tier 3,Yes,Low,Placed,18.76
51,Female,CSE,8.1,81.9,71.0,0,8.2,100.0,4,3,5,3,3,4,3,7.0,4,Yes,Medium,Tier 2,Yes,Medium,Placed,17.14
52,Female,ME,4.6,51.0,46.0,0,6.0,57.3,5,0,5,3,5,4,1,6.6,5,No,Low,Tier 1,Yes,Low,Placed,14.24
53,Female,CSE,9.04,94.8,100.0,1,8.2,80.7,5,2,3,4,5,3,0,5.9,6,Yes,Medium,Tier 3,No,Medium,Placed,16.35
54,Female,CSE,4.1,43.6,52.8,1,4.9,68.1,2,0,2,3,3,2,1,5.7,8,No,Low,Tier 3,Yes,Medium,Not Placed,0.0
55,Male,ECE,5.25,60.5,50.3,0,5.3,68.8,3,2,2,5,2,1,2,9.5,4,No,Low,Tier 3,Yes,Medium,Placed,13.05
56,Female,IT,4.77,52.2,50.3,0,5.6,53.8,2,1,1,4,4,1,2,6.6,5,No,Medium,Tier 2,Yes,Medium,Placed,11.05
57,Male,ECE,4.48,49.8,46.2,0,5.1,88.2,2,1,2,2,3,3,2,7.4,7,No,Low,Tier 3,Yes,Low,Not Placed,0.0
58,Male,CSE,7.75,81.7,79.6,0,6.9,93.2,6,3,5,3,3,4,2,5.1,8,No,Low,Tier 2,Yes,Medium,Placed,16.71
59,Male,ECE,5.27,60.2,61.9,0,7.3,66.7,3,1,4,3,3,4,3,4.5,5,No,Low,Tier 1,Yes,Low,Placed,14.86
60,Male,CSE,3.17,49.6,62.3,0,3.2,82.8,3,2,2,2,1,2,0,6.2,4,No,High,Tier 3,Yes,Low,Not Placed,0.0
61,Male,CE,2.58,35.7,19.5,0,4.8,60.2,0,3,0,5,1,0,3,8.0,6,Yes,Low,Tier 2,Yes,Medium,Not Placed,0.0
62,Male,CE,0.38,14.7,20.7,2,0.4,37.1,2,0,1,3,0,2,1,7.0,1,No,High,Tier 1,Yes,Low,Not Placed,0.0
63,Female,ECE,5.83,62.7,61.5,0,6.4,97.4,2,0,2,2,4,2,4,6.4,5,Yes,Medium,Tier 2,Yes,Low,Not Placed,0.0
64,Male,CSE,2.3,27.4,45.9,0,4.5,56.7,1,1,0,3,2,1,1,7.5,5,No,High,Tier 2,Yes,Low,Not Placed,0.0
65,Male,IT,1.48,24.0,33.4,0,0.6,51.3,1,1,0,5,1,2,5,6.3,5,No,Medium,Tier 3,Yes,High,Not Placed,0.0
66,Male,CSE,6.54,90.9,76.2,2,6.2,69.6,4,2,4,4,4,3,1,8.7,6,No,Low,Tier 3,Yes,Low,Placed,15.85
67,Male,ECE,6.81,63.8,75.9,0,7.0,76.5,3,3,4,2,3,4,1,8.7,8,No,Medium,Tier 1,Yes,High,Placed,14.86
68,Female,CSE,7.52,76.1,68.8,0,7.0,75.2,4,2,4,2,5,4,2,6.3,4,No,Medium,Tier 3,Yes,Medium,Placed,16.54
69,Male,CE,5.04,54.0,70.4,0,5.4,82.5,3,1,2,5,3,2,5,6.1,4,Yes,Medium,Tier 1,Yes,Medium,Placed,12.88
70,Female,CSE,8.94,88.5,97.5,0,7.9,69.3,5,1,4,1,3,4,2,6.9,7,No,Medium,Tier 2,Yes,Medium,Placed,15.36
71,Female,ECE,9.36,91.2,100.0,2,7.0,100.0,4,3,3,3,4,2,2,7.5,3,No,Low,Tier 1,Yes,Medium,Placed,15.25
72,Male,IT,8.07,86.4,95.2,3,9.5,72.9,4,2,5,2,3,4,2,6.7,4,No,Low,Tier 2,Yes,Medium,Placed,16.05
73,Male,ECE,6.36,52.0,73.1,0,5.4,72.5,5,2,5,5,4,4,3,8.3,10,No,High,Tier 2,Yes,Low,Placed,16.17
74,Female,CSE,3.04,51.2,57.1,1,4.1,49.7,2,0,3,2,3,2,1,7.3,6,No,High,Tier 3,Yes,High,Not Placed,0.0
75,Female,EE,9.83,100.0,100.0,0,7.7,87.7,5,3,5,2,3,2,1,8.3,5,Yes,Medium,Tier 2,Yes,Medium,Placed,19.93
76,Female,ECE,2.74,25.9,37.7,0,1.1,59.7,3,2,2,4,2,2,2,5.7,2,No,High,Tier 3,Yes,High,Not Placed,0.0
77,Female,IT,2.03,9.6,34.2,1,2.0,47.1,0,0,0,4,3,0,0,6.3,1,No,Low,Tier 3,Yes,High,Not Placed,0.0
78,Male,CSE,4.42,42.8,53.1,0,3.1,53.5,4,1,2,5,1,3,2,7.6,8,No,Medium,Tier 1,Yes,Low,Not Placed,0.0
79,Male,ECE,0.57,17.4,17.4,0,3.0,40.3,0,0,1,4,1,1,2,7.1,3,No,Medium,Tier 1,Yes,Low,Not Placed,0.0
80,Male,ECE,9.78,100.0,100.0,2,7.7,85.3,6,3,4,3,4,4,2,6.8,6,No,Medium,Tier 1,Yes,Medium,Placed,16.02
81,Female,CSE,5.88,70.4,68.0,0,5.1,63.8,2,1,3,4,4,2,2,6.4,8,No,High,Tier 2,Yes,Low,Placed,13.22
82,Female,CSE,5.57,44.3,63.5,0,4.3,50.5,2,3,3,1,3,2,0,7.1,5,No,Medium,Tier 2,Yes,Low,Placed,12.58
83,Male,ME,6.56,63.9,74.4,1,6.2,69.0,3,1,3,2,4,1,1,8.7,5,No,Medium,Tier 1,Yes,Low,Placed,13.63
84,Male,CSE,4.97,56.7,87.6,2,4.3,70.8,5,2,5,1,3,2,1,4.6,7,No,High,Tier 1,Yes,Low,Placed,14.25
85,Male,CSE,0.32,20.3,9.2,2,2.7,37.4,0,0,0,0,1,1,1,6.8,8,No,Medium,Tier 1,Yes,Low,Not Placed,0.0
86,Male,ECE,6.12,53.9,58.5,0,6.1,93.5,4,1,4,4,5,3,2,6.9,7,Yes,Low,Tier 1,Yes,Medium,Placed,13.16
87,Female,IT,7.16,74.5,61.5,2,5.9,100.0,3,3,3,5,3,4,0,5.7,8,Yes,Medium,Tier 2,Yes,High,Placed,14.87
88,Female,CSE,4.17,43.3,49.0,1,5.3,54.4,2,1,3,4,0,3,1,6.8,1,No,Medium,Tier 3,Yes,Low,Not Placed,0.0
89,Female,ECE,7.57,68.3,81.0,0,6.8,70.4,5,4,4,3,2,3,3,5.0,6,No,High,Tier 3,Yes,Low,Placed,15.51
90,Male,CSE,2.27,36.9,31.5,1,3.1,62.2,4,0,2,3,2,0,0,6.3,8,No,Medium,Tier 1,Yes,High,Not Placed,0.0
91,Male,CSE,2.21,41.5,30.3,0,1.6,52.3,0,0,1,3,1,3,1,6.7,6,No,Low,Tier 3,Yes,Medium,Not Placed,0.0
92,Female,CSE,1.61,37.1,32.3,0,2.6,58.3,3,1,1,5,1,1,2,7.0,5,No,Low,Tier 2,Yes,Medium,Not Placed,0.0
93,Female,ME,3.72,52.4,42.7,0,4.4,62.1,3,1,2,5,2,0,1,9.3,3,No,High,Tier 3,Yes,Low,Not Placed,0.0
94,Male,CSE,8.47,82.0,88.9,0,8.8,83.5,4,3,4,2,5,3,2,6.0,4,No,High,Tier 2,No,Low,Placed,16.82
95,Female,CSE,8.28,92.5,95.4,0,6.5,82.4,3,4,3,4,4,1,4,5.4,8,No,Low,Tier 2,Yes,Medium,Placed,17.19
96,Male,ECE,3.83,50.6,55.4,0,6.5,63.2,4,2,4,4,3,2,1,8.2,5,Yes,Medium,Tier 2,Yes,Low,Not Placed,0.0
97,Male,ME,5.89,66.4,73.9,0,6.2,67.8,2,1,1,4,2,1,3,4.0,4,Yes,Medium,Tier 3,Yes,High,Placed,10.78
98,Male,CSE,7.21,70.2,86.5,0,5.0,92.9,6,2,3,3,3,2,3,6.3,2,No,Medium,Tier 2,No,Medium,Placed,16.0
99,Male,ECE,2.41,30.5,40.1,0,2.3,33.8,4,2,1,3,3,2,0,6.6,6,No,Low,Tier 1,Yes,High,Not Placed,0.0
100,Male,CSE,1.68,30.0,29.9,1,4.1,59.6,1,1,2,1,2,1,3,5.9,4,Yes,High,Tier 2,No,Medium,Not Placed,0.0
101,Male,ECE,9.72,100.0,88.0,2,9.5,70.8,5,3,5,1,5,4,0,6.9,5,No,Medium,Tier 3,Yes,Low,Placed,16.56
102,Female,ECE,6.18,70.5,63.5,2,5.8,73.8,2,2,2,4,4,2,2,6.2,9,No,Medium,Tier 3,Yes,Medium,Not Placed,0.0
103,Male,ECE,9.81,92.3,91.2,0,8.5,89.9,6,2,5,2,5,4,1,4.9,7,Yes,Medium,Tier 3,Yes,Low,Placed,19.01
104,Male,CSE,3.38,35.4,52.4,1,2.7,37.1,2,1,2,1,4,2,2,7.7,8,No,High,Tier 1,Yes,High,Not Placed,0.0
105,Female,CSE,7.03,69.8,77.7,0,7.7,52.5,3,2,4,1,3,3,1,7.8,6,No,Medium,Tier 1,Yes,Low,Placed,15.4
106,Male,CSE,2.23,55.7,42.8,0,2.1,35.2,1,1,0,2,1,2,1,5.8,7,No,Medium,Tier 3,Yes,Medium,Not Placed,0.0
107,Male,ECE,2.61,33.2,27.3,1,4.2,51.2,2,1,2,3,0,2,5,6.4,8,Yes,Medium,Tier 2,Yes,High,Not Placed,0.0
108,Female,CSE,5.12,67.6,73.3,0,6.4,58.5,5,1,4,4,4,2,1,9.2,4,No,Medium,Tier 2,Yes,Low,Placed,15.15
109,Male,IT,3.2,38.4,39.3,2,3.8,41.7,5,1,2,4,2,0,1,7.5,5,No,Low,Tier 2,Yes,Medium,Not Placed,0.0
110,Male,EE,1.68,31.9,20.4,0,3.6,61.3,3,2,2,3,3,1,2,7.0,4,No,Medium,Tier 1,Yes,Medium,Not Placed,0.0
111,Male,EE,2.63,45.3,34.6,0,5.2,36.0,3,0,2,3,2,2,3,8.9,4,No,Medium,Tier 3,Yes,Low,Not Placed,0.0
112,Male,ME,0.36,12.3,45.7,2,2.0,45.3,2,1,0,4,1,0,0,5.1,5,No,Low,Tier 3,Yes,Low,Not Placed,0.0
113,Female,IT,7.04,68.4,70.4,0,6.3,66.6,3,2,2,4,2,1,1,4.6,4,No,High,Tier 2,Yes,Low,Placed,13.77
114,Female,IT,4.92,73.4,54.1,2,4.9,51.0,4,2,4,2,4,2,3,7.2,5,Yes,Medium,Tier 2,Yes,Medium,Placed,13.68
115,Female,CSE,0.94,32.8,23.6,1,1.4,33.4,2,0,2,3,1,3,1,8.0,7,No,High,Tier 2,Yes,Low,Not Placed,0.0
116,Female,IT,1.72,37.5,30.3,0,1.9,52.8,4,1,3,1,2,3,1,4.9,5,No,Low,Tier 2,Yes,High,Not Placed,0.0
117,Female,ECE,1.03,31.6,18.4,0,2.7,24.7,1,1,0,3,2,1,2,5.4,4,No,High,Tier 3,Yes,Low,Not Placed,0.0
118,Male,ECE,6.13,71.7,68.5,0,5.6,75.2,2,1,3,2,3,2,1,8.0,7,No,Medium,Tier 2,Yes,Medium,Placed,14.89
119,Female,IT,0.94,43.2,36.3,0,2.5,29.1,4,2,2,5,0,0,2,5.6,4,Yes,Medium,Tier 2,No,Low,Not Placed,0.0
120,Male,CSE,7.54,79.5,81.5,0,5.3,70.9,2,3,3,2,4,1,2,6.7,3,No,Medium,Tier 1,Yes,High,Placed,14.5
121,Female,CSE,0.21,22.6,8.6,0,1.6,41.1,1,0,2,3,2,0,1,7.3,8,No,Medium,Tier 2,No,Low,Not Placed,0.0
122,Female,CE,2.49,21.7,34.5,3,4.3,76.0,1,0,1,2,2,0,0,8.1,7,No,High,Tier 2,Yes,Medium,Not Placed,0.0
123,Male,CSE,8.91,82.5,83.8,2,6.6,77.5,4,2,4,2,5,4,0,6.6,5,Yes,High,Tier 3,Yes,High,Placed,15.05
124,Male,ECE,7.19,64.1,76.0,1,6.5,86.8,5,3,4,3,4,3,3,7.6,9,Yes,Medium,Tier 3,Yes,Medium,Placed,14.94
125,Male,CE,0.73,33.9,37.1,0,0.2,35.6,1,0,0,2,1,0,1,5.5,4,Yes,Medium,Tier 3,Yes,Medium,Not Placed,0.0
126,Male,IT,8.21,59.3,82.2,0,5.9,78.6,2,3,2,5,3,3,4,7.7,7,No,Low,Tier 3,Yes,High,Placed,15.38
127,Female,ECE,4.93,52.9,56.6,1,5.8,77.4,2,1,3,1,5,1,3,5.9,2,No,Medium,Tier 1,Yes,High,Not Placed,0.0
128,Female,CSE,8.47,57.1,100.0,0,7.1,75.7,6,4,5,4,5,4,3,5.3,3,Yes,Low,Tier 3,Yes,Medium,Placed,17.35
129,Male,CSE,6.01,57.8,74.8,2,7.5,57.2,4,2,4,3,3,2,1,9.5,8,No,Low,Tier 3,Yes,Low,Not Placed,0.0
130,Male,ME,6.82,68.1,78.3,3,6.7,81.4,4,3,4,3,4,3,4,9.2,8,No,Medium,Tier 1,Yes,Medium,Placed,15.18
131,Male,ECE,9.94,100.0,100.0,0,9.0,100.0,5,3,5,3,4,5,2,7.2,5,No,Medium,Tier 2,Yes,Medium,Placed,18.79
132,Male,ECE,2.32,38.7,41.5,1,2.0,57.9,3,1,3,4,1,1,0,8.9,10,Yes,High,Tier 2,Yes,Low,Not Placed,0.0
133,Male,CSE,6.24,59.7,48.1,0,5.5,55.6,4,2,4,3,2,4,2,6.6,8,No,Medium,Tier 3,Yes,Medium,Not Placed,0.0
134,Male,CSE,4.6,64.8,63.1,1,4.0,55.2,6,2,3,4,3,3,0,6.8,4,No,High,Tier 1,Yes,Low,Not Placed,0.0
135,Female,EE,0.39,18.5,5.2,0,0.7,49.1,3,1,2,3,1,1,2,6.8,5,Yes,Medium,Tier 3,Yes,Low,Not Placed,0.0
136,Male,ECE,0.14,16.6,23.6,0,2.3,54.8,0,0,0,2,2,0,2,5.9,3,No,High,Tier 3,No,Low,Not Placed,0.0
137,Male,IT,1.19,13.1,10.4,1,3.2,44.9,2,1,1,3,1,1,1,4.2,5,No,High,Tier 1,No,High,Not Placed,0.0
138,Female,CSE,6.49,60.3,65.3,1,6.4,67.0,1,1,2,4,4,2,0,6.6,6,Yes,Medium,Tier 1,No,High,Not Placed,0.0
139,Male,IT,5.67,54.9,59.7,0,4.6,88.8,3,1,4,3,4,3,2,8.6,6,Yes,High,Tier 1,Yes,Medium,Placed,13.81
140,Female,CE,5.53,62.5,54.5,0,5.7,67.3,4,2,2,2,5,1,0,7.3,6,No,Low,Tier 3,Yes,Low,Not Placed,0.0
141,Female,ECE,0.32,18.5,17.1,1,0.0,29.7,4,1,4,4,3,4,0,8.0,7,No,Medium,Tier 1,Yes,Medium,Not Placed,0.0
142,Male,CSE,4.69,70.3,65.8,1,6.1,53.8,3,1,2,3,4,3,1,7.5,6,No,Medium,Tier 3,Yes,Low,Placed,10.79
143,Male,ECE,9.25,97.5,84.9,4,6.7,76.2,3,3,5,2,5,5,1,6.0,7,No,Medium,Tier 2,Yes,Low,Not Placed,0.0
144,Male,IT,3.98,21.8,55.3,2,3.2,92.9,1,0,2,3,1,3,1,7.3,6,Yes,Medium,Tier 1,Yes,Medium,Not Placed,0.0
145,Male,ECE,6.25,70.8,58.3,1,6.0,89.6,3,2,3,3,3,2,1,6.6,6,No,Low,Tier 1,Yes,High,Placed,14.36
146,Male,ME,7.8,66.8,78.5,1,7.2,73.9,2,3,3,3,5,1,0,5.7,7,No,Low,Tier 1,Yes,Low,Placed,15.17
147,Female,IT,7.84,72.0,84.0,0,6.9,100.0,2,2,3,4,4,3,2,8.1,7,Yes,High,Tier 1,Yes,Medium,Placed,16.27
148,Male,ME,5.19,51.0,49.6,0,4.0,72.5,0,1,1,3,2,0,1,5.4,3,No,Medium,Tier 1,Yes,Medium,Placed,9.06
149,Male,IT,8.58,81.3,73.5,0,8.6,92.2,5,3,5,4,4,5,1,6.2,9,No,Low,Tier 3,No,High,Placed,18.29
150,Male,CSE,3.91,34.5,54.2,2,2.6,49.8,3,1,2,2,1,1,2,9.7,6,No,High,Tier 1,Yes,Low,Not Placed,0.0
151,Female,CSE,8.89,92.6,100.0,2,6.2,82.2,7,5,5,5,3,3,2,7.8,4,No,Medium,Tier 1,Yes,Medium,Placed,17.43
152,Male,CSE,2.4,21.3,36.4,0,3.1,48.9,0,1,1,5,2,1,3,7.3,5,No,Medium,Tier 3,Yes,High,Not Placed,0.0
153,Male,CE,2.8,42.4,35.8,0,2.2,28.2,2,2,3,2,3,2,0,4.4,6,No,Medium,Tier 2,Yes,Low,Not Placed,0.0
154,Male,IT,0.53,41.9,23.8,0,3.1,32.3,2,0,3,2,0,3,1,6.9,7,No,Medium,Tier 1,Yes,Low,Not Placed,0.0
155,Female,IT,7.96,69.4,82.2,0,5.9,82.8,6,3,5,4,3,4,2,5.6,7,No,Medium,Tier 1,No,Low,Placed,17.69
156,Male,CSE,4.17,47.6,53.8,0,6.0,75.7,3,1,3,3,1,0,2,6.9,7,No,Medium,Tier 2,Yes,Medium,Not Placed,0.0
157,Female,CSE,2.29,9.2,11.0,0,4.1,41.3,0,1,1,4,2,4,1,6.8,9,Yes,Medium,Tier 3,Yes,High,Not Placed,0.0
158,Female,IT,2.32,31.7,25.9,3,4.4,58.7,2,0,3,2,0,2,1,6.0,6,No,Medium,Tier 2,Yes,Medium,Not Placed,0.0
159,Male,ECE,9.01,98.0,81.6,0,9.7,64.3,4,4,4,3,4,6,3,8.4,5,No,Low,Tier 2,Yes,High,Placed,18.45
160,Female,CSE,8.34,93.1,86.2,0,7.4,99.0,4,3,4,3,4,3,3,8.1,3,No,Low,Tier 3,Yes,High,Placed,17.64
161,Male,IT,5.54,62.9,64.2,0,4.4,57.4,2,2,3,3,1,1,0,5.6,7,No,High,Tier 2,Yes,High,Placed,12.96
162,Female,CSE,6.16,76.3,73.6,5,5.7,73.5,2,3,2,2,2,1,0,8.9,7,No,Medium,Tier 1,No,Medium,Not Placed,0.0
163,Female,CSE,4.74,80.8,58.5,2,4.3,68.3,2,2,3,3,3,3,3,5.6,4,Yes,High,Tier 3,Yes,Medium,Placed,12.05
164,Male,ECE,3.92,65.4,36.4,0,3.5,61.0,3,2,3,1,2,3,2,9.0,6,No,Medium,Tier 2,Yes,High,Not Placed,0.0
165,Male,CSE,9.15,87.5,100.0,5,8.1,88.6,4,4,4,2,4,3,0,6.7,5,No,Medium,Tier 1,Yes,High,Not Placed,0.0
166,Female,EE,1.26,11.2,40.8,0,2.1,27.7,3,1,2,3,2,2,2,6.5,6,Yes,High,Tier 3,Yes,Medium,Not Placed,0.0
167,Male,CSE,4.18,46.5,38.9,0,3.7,49.4,2,2,0,4,1,0,1,8.8,5,No,Low,Tier 3,Yes,High,Not Placed,0.0
168,Male,CSE,3.45,34.9,48.9,0,3.7,67.7,1,2,1,4,3,1,1,6.8,6,No,Medium,Tier 3,Yes,High,Not Placed,0.0
169,Male,CSE,4.98,61.8,51.9,0,5.5,57.7,2,3,2,4,2,3,3,8.3,2,No,Medium,Tier 2,Yes,Low,Placed,12.73
170,Male,IT,4.58,42.1,56.0,0,5.7,61.2,1,2,3,1,2,3,3,5.4,5,No,Low,Tier 3,Yes,Low,Placed,11.41
171,Female,ECE,5.19,58.4,70.1,3,3.5,48.2,6,1,4,5,1,2,3,7.0,6,No,Medium,Tier 1,No,High,Not Placed,0.0
172,Male,ECE,1.4,35.3,50.5,1,2.2,53.7,0,1,1,2,1,0,2,7.6,4,No,Medium,Tier 1,Yes,Medium,Not Placed,0.0
173,Male,CSE,5.13,57.6,66.6,0,4.9,49.9,3,2,3,2,3,1,0,8.4,6,No,Low,Tier 1,Yes,Low,Placed,13.34
174,Male,CSE,2.42,26.1,40.3,0,2.0,60.5,0,2,2,3,2,1,0,7.9,10,No,Medium,Tier 1,Yes,Medium,Not Placed,0.0
175,Female,ECE,1.84,42.4,29.3,0,2.7,33.3,1,1,2,3,2,2,1,7.1,3,Yes,Low,Tier 2,Yes,High,Not Placed,0.0
176,Male,ME,0.65,1.7,25.0,0,2.1,51.1,3,1,1,3,1,1,3,7.6,2,No,Low,Tier 2,Yes,Low,Not Placed,0.0
177,Female,ME,7.63,76.6,92.6,0,7.4,80.9,4,3,3,4,4,3,0,6.1,8,Yes,High,Tier 2,Yes,Low,Placed,16.49
178,Male,CSE,4.27,50.9,51.7,0,4.6,53.9,3,2,2,2,1,2,0,7.7,10,No,Medium,Tier 1,Yes,Medium,Not Placed,0.0
179,Female,ECE,6.27,68.5,59.3,1,5.0,91.8,4,1,4,3,3,5,2,7.6,6,No,High,Tier 2,Yes,Low,Placed,14.31
180,Male,CE,7.28,78.7,60.0,1,8.6,77.9,7,3,5,3,3,4,0,6.1,6,No,High,Tier 2,Yes,Low,Placed,15.48
181,Male,ECE,6.79,78.8,77.5,0,7.1,71.4,5,3,5,4,2,4,3,7.1,4,Yes,Low,Tier 3,Yes,High,Placed,16.99
182,Male,ME,4.71,54.7,58.2,0,5.3,74.2,3,1,2,2,3,0,2,7.9,7,No,High,Tier 1,Yes,High,Placed,11.98
183,Female,CSE,3.88,44.3,42.6,0,5.2,40.5,4,2,1,2,1,1,0,9.9,5,No,Medium,Tier 2,Yes,Medium,Not Placed,0.0
184,Female,CE,3.76,42.9,58.3,0,4.4,27.2,3,2,2,2,3,2,2,8.4,7,No,Medium,Tier 1,Yes,Low,Not Placed,0.0
185,Male,IT,6.4,63.3,65.0,0,7.3,87.3,3,2,3,2,4,2,2,7.3,2,No,Medium,Tier 1,Yes,Low,Placed,14.52
186,Female,CE,4.95,65.0,56.3,0,5.0,54.7,4,1,3,1,2,1,2,7.3,6,No,Medium,Tier 2,Yes,Medium,Placed,14.07
187,Female,IT,8.49,80.7,85.8,0,7.4,96.3,6,2,5,2,5,5,0,6.8,4,No,Low,Tier 3,Yes,High,Placed,17.27
188,Male,ECE,8.75,97.8,84.5,2,8.3,88.1,6,5,5,5,4,3,0,7.1,7,No,High,Tier 1,Yes,Medium,Placed,17.86
189,Male,CE,1.71,29.7,34.0,0,4.3,31.3,2,0,1,4,1,1,3,7.9,3,No,Low,Tier 3,Yes,High,Not Placed,0.0
190,Male,CSE,1.36,21.3,40.4,1,4.0,50.4,3,1,1,5,0,1,2,7.9,7,No,Medium,Tier 2,No,High,Not Placed,0.0
191,Male,CSE,6.3,74.7,57.0,0,6.5,67.9,7,2,4,2,3,3,0,6.9,4,No,Low,Tier 1,Yes,High,Placed,15.46
192,Female,IT,3.01,33.3,47.0,2,4.1,40.1,2,2,3,1,1,1,3,5.7,5,No,Medium,Tier 1,Yes,Medium,Not Placed,0.0
193,Female,IT,0.19,23.0,21.2,0,2.3,23.5,2,0,1,3,0,1,1,6.7,7,No,Medium,Tier 1,Yes,High,Not Placed,0.0
194,Female,CE,8.89,92.7,90.7,0,8.7,67.5,5,4,4,5,4,2,4,6.0,4,No,Low,Tier 1,Yes,Low,Placed,18.14
195,Male,CSE,2.27,28.3,44.9,0,4.4,53.5,1,1,1,2,2,1,2,5.5,2,No,Medium,Tier 3,Yes,Medium,Not Placed,0.0
196,Male,IT,9.29,99.3,92.8,0,7.8,79.5,3,3,3,3,5,3,0,7.7,6,No,Medium,Tier 1,Yes,Medium,Placed,16.7
197,Female,IT,7.17,81.4,80.2,0,7.8,77.6,6,2,4,1,4,4,1,7.4,4,No,High,Tier 1,Yes,Low,Placed,17.5
198,Female,CSE,7.63,91.4,86.2,5,7.2,78.6,3,2,4,3,4,4,1,5.9,3,No,Medium,Tier 2,Yes,High,Not Placed,0.0
199,Female,ECE,2.01,41.7,29.0,1,3.6,35.8,1,1,2,3,2,1,3,6.6,6,No,High,Tier 2,Yes,Medium,Not Placed,0.0
200,Female,CSE,2.34,39.8,39.7,0,4.5,30.8,3,1,3,0,1,2,0,7.4,6,No,Low,Tier 3,Yes,High,Not Placed,0.0
201,Female,CSE,5.21,48.0,57.2,0,5.9,96.7,2,0,4,2,3,4,3,7.3,6,No,Low,Tier 2,Yes,Medium,Placed,13.67
202,Male,EE,1.72,54.1,30.4,0,3.6,44.7,0,0,0,2,1,1,1,7.5,7,No,Low,Tier 2,Yes,Low,Not Placed,0.0
203,Male,IT,3.05,26.9,39.2,2,3.2,75.2,1,2,2,1,1,3,0,6.1,2,No,High,Tier 1,Yes,Medium,Not Placed,0.0
204,Female,IT,3.21,51.8,48.4,1,5.2,68.2,3,1,3,2,2,4,1,7.4,4,Yes,Low,Tier 1,Yes,Low,Not Placed,0.0
205,Female,EE,1.6,32.9,31.6,0,3.3,40.7,3,0,1,4,1,0,1,6.9,6,No,Medium,Tier 3,Yes,Low,Not Placed,0.0
206,Male,ECE,2.05,20.7,38.3,1,3.1,49.5,1,0,1,2,1,2,2,7.9,8,No,Low,Tier 1,Yes,Low,Not Placed,0.0
207,Male,ME,7.89,80.8,80.9,1,8.1,84.2,6,2,5,4,5,3,2,8.3,6,No,Medium,Tier 2,Yes,High,Placed,17.11
208,Female,ECE,1.67,28.4,15.3,0,5.3,67.2,2,1,1,3,0,2,2,10.0,8,No,Medium,Tier 3,Yes,Medium,Not Placed,0.0
209,Male,ME,0.28,30.4,20.6,0,0.5,46.6,0,0,0,3,0,0,1,8.6,4,No,Medium,Tier 1,Yes,High,Not Placed,0.0
210,Male,CSE,6.29,61.3,69.0,1,5.1,63.1,3,3,3,4,4,3,0,7.2,4,No,Low,Tier 1,No,High,Placed,13.25
211,Male,CE,9.76,95.3,98.5,2,10.0,97.8,4,2,4,5,4,2,3,7.0,5,No,Medium,Tier 1,Yes,Medium,Placed,16.23
212,Female,CSE,3.31,19.8,38.5,0,4.2,64.5,4,1,4,2,4,4,3,5.9,5,No,Low,Tier 3,Yes,Medium,Not Placed,0.0
213,Female,CSE,1.19,42.5,15.6,4,2.5,28.0,3,1,2,4,0,3,1,5.9,2,No,Medium,Tier 3,Yes,Medium,Not Placed,0.0
214,Male,IT,5.7,52.7,69.8,0,5.4,75.1,4,1,3,2,3,2,2,7.3,5,No,Low,Tier 1,Yes,Low,Placed,13.6
215,Female,ECE,9.06,95.3,87.7,0,9.1,100.0,3,3,4,5,5,2,1,7.4,5,Yes,Medium,Tier 3,Yes,Low,Placed,19.0
216,Male,IT,7.84,80.6,82.4,0,9.6,71.8,3,1,4,2,3,3,0,10.0,4,No,High,Tier 3,Yes,Medium,Placed,15.66
217,Male,ECE,6.23,67.0,65.0,3,5.2,63.7,3,2,5,3,5,3,1,6.1,4,Yes,Medium,Tier 2,Yes,High,Placed,15.01
218,Female,IT,3.15,49.9,43.1,0,3.6,67.8,3,2,3,5,2,1,4,6.0,6,No,High,Tier 2,Yes,Medium,Not Placed,0.0
219,Female,CSE,5.42,77.8,56.9,0,4.9,63.3,2,1,2,2,3,0,1,7.3,7,No,Medium,Tier 1,Yes,Medium,Placed,13.15
220,Female,CSE,0.91,25.2,15.6,0,2.9,28.7,2,1,1,4,1,2,0,6.4,6,Yes,Medium,Tier 2,Yes,Medium,Not Placed,0.0
221,Female,CSE,6.79,79.3,77.1,0,7.5,86.3,4,2,3,2,5,4,1,7.5,6,No,Medium,Tier 2,Yes,Low,Placed,15.95
222,Male,ECE,7.25,79.9,70.0,2,8.2,85.4,3,3,3,5,4,2,2,6.4,5,No,Medium,Tier 2,Yes,Low,Placed,15.98
223,Male,CSE,9.65,100.0,96.8,0,9.0,94.0,3,2,3,1,5,2,2,6.7,6,No,Low,Tier 2,Yes,Medium,Placed,16.35
224,Male,ECE,2.6,32.5,42.9,2,5.8,64.1,2,1,2,1,3,2,0,7.5,7,No,High,Tier 3,Yes,Low,Not Placed,0.0
225,Male,ECE,0.18,27.3,13.6,3,1.1,50.4,0,0,0,2,2,1,3,6.3,9,No,Medium,Tier 3,Yes,Low,Not Placed,0.0
226,Male,CSE,5.46,72.5,49.6,0,4.5,66.8,3,1,4,2,2,5,1,6.6,8,Yes,Low,Tier 1,Yes,Medium,Placed,13.92
227,Female,ECE,7.07,85.9,98.8,1,7.9,100.0,2,2,4,4,4,4,2,7.6,3,No,High,Tier 1,Yes,Medium,Placed,16.95
228,Male,ME,7.9,75.5,75.9,0,7.2,100.0,3,3,3,5,3,1,2,7.1,1,No,Medium,Tier 1,No,Low,Placed,15.73
229,Female,CSE,1.94,29.8,39.8,0,1.5,22.8,0,0,0,4,2,1,3,6.2,7,No,Low,Tier 2,Yes,Medium,Not Placed,0.0
230,Female,ECE,2.62,39.7,58.4,0,3.0,38.4,2,1,3,3,2,2,3,6.4,6,No,High,Tier 2,Yes,Medium,Not Placed,0.0
231,Female,IT,5.13,44.9,66.9,1,5.3,38.7,4,2,3,3,2,2,2,8.3,5,No,Medium,Tier 2,Yes,High,Placed,11.48
232,Male,ECE,3.31,59.1,41.5,0,3.2,51.0,3,0,2,2,2,3,3,7.4,6,No,Low,Tier 3,Yes,Medium,Not Placed,0.0
233,Male,IT,8.61,88.1,86.2,0,6.5,72.1,4,1,3,3,4,1,1,6.6,5,No,Medium,Tier 3,Yes,High,Placed,13.93
234,Male,ECE,4.74,58.1,47.6,3,4.6,53.7,5,2,4,3,2,3,2,8.0,2,No,High,Tier 1,No,Low,Not Placed,0.0
235,Male,ECE,8.0,77.2,90.8,1,6.0,96.1,3,2,3,3,5,1,2,7.5,3,Yes,Low,Tier 2,Yes,Medium,Placed,14.98
236,Female,CSE,5.81,51.1,70.1,0,6.2,48.8,3,1,3,2,3,1,0,8.6,3,No,Medium,Tier 3,Yes,Medium,Placed,12.69
237,Male,IT,7.73,74.7,74.7,0,5.0,82.9,5,3,4,2,5,2,2,8.1,7,Yes,Low,Tier 1,Yes,High,Placed,16.14
238,Male,IT,3.33,45.5,34.2,0,3.9,56.5,5,1,4,3,3,5,3,8.4,9,No,Low,Tier 2,Yes,High,Not Placed,0.0
239,Female,CSE,8.31,92.4,71.3,0,7.8,83.9,5,4,4,3,2,3,1,6.6,5,No,Low,Tier 3,No,Low,Placed,15.44
240,Male,ECE,2.75,40.0,49.9,0,3.3,53.1,1,1,1,2,1,4,0,5.9,10,No,Medium,Tier 1,Yes,Medium,Not Placed,0.0
241,Female,EE,5.46,64.9,62.9,0,6.4,41.0,2,2,3,2,5,3,0,7.9,2,No,High,Tier 3,Yes,Low,Placed,14.11
242,Female,ECE,2.14,29.8,37.3,0,1.6,38.1,3,0,3,4,3,3,0,7.9,4,No,Low,Tier 1,Yes,High,Not Placed,0.0
243,Female,ECE,4.76,60.4,47.9,1,4.1,82.1,4,2,4,4,1,2,0,6.9,6,No,Medium,Tier 2,Yes,Medium,Placed,12.36
244,Male,CE,3.18,56.9,28.8,0,3.4,39.7,2,1,1,5,3,1,0,5.7,1,No,Medium,Tier 3,Yes,Medium,Not Placed,0.0
245,Male,IT,2.67,44.7,49.0,0,4.1,71.0,3,4,2,5,1,0,0,7.4,9,No,Low,Tier 2,Yes,Low,Not Placed,0.0
246,Female,ECE,9.67,100.0,95.8,0,8.5,76.1,3,3,3,2,2,2,2,7.5,4,No,Medium,Tier 3,Yes,Medium,Placed,16.14
247,Male,IT,1.6,31.5,39.9,0,4.8,26.3,2,1,2,3,3,1,0,5.4,6,No,Medium,Tier 3,No,Medium,Not Placed,0.0
248,Female,ME,7.87,66.9,77.1,0,6.2,70.8,5,3,4,1,4,3,1,7.4,6,No,Low,Tier 2,Yes,Low,Placed,15.65
249,Female,ECE,9.84,88.2,94.4,0,7.0,100.0,5,3,4,1,5,4,2,8.4,2,Yes,Low,Tier 3,Yes,Low,Placed,17.94
250,Female,ECE,0.2,21.2,26.7,0,3.4,29.6,2,1,2,5,0,1,0,5.4,10,No,Medium,Tier 1,Yes,Medium,Not Placed,0.0
251,Male,ECE,6.99,74.3,81.2,0,5.0,81.1,3,4,4,5,2,4,1,7.6,6,No,Medium,Tier 2,Yes,Low,Placed,16.1
252,Male,EE,2.53,40.9,46.2,0,4.0,51.1,2,0,2,2,0,0,2,8.6,5,Yes,Low,Tier 3,Yes,High,Not Placed,0.0
253,Female,IT,0.4,35.2,18.2,0,0.8,36.7,3,0,1,4,3,1,1,8.6,3,No,Medium,Tier 2,Yes,Low,Not Placed,0.0
254,Male,CSE,4.03,56.5,56.4,0,2.3,74.5,1,0,2,5,1,1,0,4.8,6,No,Medium,Tier 3,Yes,Low,Not Placed,0.0
255,Male,ME,9.35,100.0,100.0,0,7.7,100.0,5,4,4,1,5,3,2,8.3,2,No,High,Tier 1,Yes,Medium,Placed,19.04
256,Male,ECE,0.12,17.0,17.9,0,2.5,22.0,0,0,0,4,0,1,4,6.6,6,No,Low,Tier 2,No,Low,Not Placed,0.0
257,Female,CSE,5.88,56.9,59.9,1,4.4,67.0,3,4,4,2,2,2,0,6.5,8,No,High,Tier 3,Yes,Medium,Placed,14.35
258,Female,ECE,5.01,57.0,71.5,4,5.6,86.0,3,2,2,3,3,3,5,10.0,8,No,Medium,Tier 2,Yes,Medium,Not Placed,0.0
259,Male,ECE,8.73,81.2,81.3,0,8.4,91.2,5,2,4,5,3,3,1,7.3,4,No,Medium,Tier 3,Yes,Low,Placed,15.31
260,Male,ME,0.84,37.7,31.0,1,0.8,21.9,1,0,1,5,1,3,0,6.5,5,No,High,Tier 2,Yes,High,Not Placed,0.0
261,Female,CSE,6.82,80.9,72.0,1,6.0,58.7,6,2,5,3,3,4,2,8.0,7,No,Low,Tier 2,Yes,Medium,Placed,15.85
262,Female,ME,6.8,78.0,54.0,3,7.8,86.5,6,1,5,5,3,5,1,9.0,8,No,High,Tier 1,No,Low,Placed,15.11
263,Male,ECE,6.69,84.2,82.8,0,6.8,83.6,2,2,3,1,3,2,5,7.2,9,No,Medium,Tier 2,Yes,Medium,Placed,14.4
264,Male,CSE,9.42,74.9,65.8,2,7.8,80.5,5,4,5,4,5,4,2,6.4,9,No,Low,Tier 1,Yes,Medium,Placed,17.28
265,Female,EE,8.23,90.8,64.0,3,7.7,93.4,6,2,4,4,4,3,0,7.1,4,Yes,Medium,Tier 2,Yes,Medium,Placed,14.98
266,Female,ECE,0.42,5.5,26.6,0,1.1,56.7,1,0,0,4,1,0,1,8.3,7,No,Medium,Tier 2,Yes,Low,Not Placed,0.0
267,Female,CSE,4.71,55.0,61.0,0,5.9,80.8,0,1,2,2,4,1,1,6.6,3,No,Low,Tier 2,Yes,Medium,Placed,11.45
268,Female,ECE,3.98,45.7,43.5,4,5.4,78.1,3,2,4,3,3,3,0,8.3,5,Yes,Medium,Tier 1,Yes,Low,Not Placed,0.0
269,Male,ME,3.1,48.0,44.3,0,3.8,60.3,5,2,4,4,2,4,4,6.8,3,No,Medium,Tier 3,No,Low,Not Placed,0.0
270,Male,CSE,4.51,55.6,28.8,0,4.9,59.9,3,2,3,0,2,3,0,4.8,3,No,Low,Tier 3,Yes,Medium,Not Placed,0.0
271,Female,CSE,3.84,61.1,55.8,1,3.2,53.2,3,3,2,3,2,2,1,8.8,6,No,Medium,Tier 2,Yes,High,Not Placed,0.0
272,Female,CSE,4.32,45.7,55.1,0,3.2,60.7,4,0,2,2,2,0,2,7.4,4,Yes,Medium,Tier 2,Yes,Medium,Not Placed,0.0
273,Female,CSE,9.79,100.0,95.9,0,8.0,83.2,4,3,4,4,5,4,2,8.3,6,No,Medium,Tier 2,Yes,High,Placed,18.49
274,Female,IT,0.89,24.2,25.3,0,2.0,36.0,1,1,1,5,2,0,3,7.4,3,No,Low,Tier 1,Yes,Medium,Not Placed,0.0
275,Male,ECE,9.22,77.0,96.7,0,9.0,100.0,3,4,4,2,5,1,2,7.0,6,No,Medium,Tier 1,Yes,Low,Placed,18.11
276,Male,CSE,4.8,46.6,56.1,2,5.8,44.5,4,2,3,2,3,4,2,7.9,5,No,Low,Tier 2,No,High,Placed,12.45
277,Female,CSE,6.24,66.5,49.2,0,6.1,54.0,3,3,3,3,2,4,4,6.8,5,No,Medium,Tier 3,Yes,High,Placed,14.59
278,Female,CSE,8.3,96.7,100.0,2,8.5,94.8,4,4,4,2,4,3,5,9.2,3,No,Low,Tier 2,Yes,Medium,Placed,15.85
279,Female,CE,3.6,50.2,58.8,0,3.1,52.4,1,2,2,3,2,3,0,7.0,8,Yes,Low,Tier 1,Yes,Medium,Not Placed,0.0
280,Female,CSE,4.3,39.9,39.6,0,5.6,37.7,3,1,3,3,3,2,1,9.2,6,No,Low,Tier 2,No,Low,Not Placed,0.0
281,Female,EE,4.1,48.4,47.3,0,3.6,58.9,2,1,2,4,3,1,1,7.7,7,No,Medium,Tier 1,Yes,Medium,Not Placed,0.0
282,Male,ECE,3.75,67.1,45.6,0,5.4,55.1,0,0,2,3,1,1,1,4.1,3,No,High,Tier 3,Yes,Low,Not Placed,0.0
283,Male,CSE,9.26,94.8,100.0,2,8.0,85.4,3,4,4,3,4,2,2,5.8,7,No,Medium,Tier 2,Yes,High,Placed,16.01
284,Male,ME,8.29,82.2,62.7,0,5.3,93.0,6,4,5,5,4,3,0,8.0,6,No,Medium,Tier 2,Yes,Low,Placed,17.57
285,Male,ECE,1.09,29.2,21.7,2,3.0,25.5,3,0,1,3,2,0,1,5.9,5,No,Medium,Tier 3,Yes,High,Not Placed,0.0
286,Male,IT,1.08,31.8,9.0,0,3.1,41.6,2,0,2,2,1,0,2,5.4,8,No,Medium,Tier 2,Yes,Medium,Not Placed,0.0
287,Male,EE,4.28,46.8,49.4,0,4.0,58.1,2,0,2,3,2,1,1,8.5,6,No,Low,Tier 2,Yes,High,Not Placed,0.0
288,Male,CSE,0.99,28.4,21.2,0,1.8,41.4,3,0,2,2,2,1,2,5.1,6,No,High,Tier 1,Yes,Low,Not Placed,0.0
289,Male,CSE,6.19,64.3,68.3,1,5.7,51.4,6,1,4,2,3,3,4,7.9,2,Yes,Low,Tier 3,Yes,High,Placed,14.11
290,Male,IT,1.44,34.4,23.5,0,0.6,37.4,1,0,2,1,1,1,3,6.6,8,No,High,Tier 1,Yes,High,Not Placed,0.0
291,Male,CSE,5.22,61.1,52.2,1,2.8,66.6,2,2,3,4,2,3,1,7.8,6,No,High,Tier 3,Yes,Medium,Placed,13.67
292,Male,CSE,0.07,20.4,24.8,1,2.9,41.9,0,2,0,2,1,0,4,7.3,8,Yes,Medium,Tier 3,Yes,High,Not Placed,0.0
293,Female,CSE,3.17,34.4,47.9,0,2.9,76.2,2,2,1,3,4,0,1,4.5,4,Yes,Medium,Tier 3,Yes,Medium,Not Placed,0.0
294,Male,CSE,6.77,64.3,77.7,0,8.1,85.3,4,2,4,3,3,2,1,6.6,4,No,Medium,Tier 3,Yes,Low,Placed,13.74
295,Male,IT,4.84,65.6,55.0,0,6.3,69.6,4,2,5,3,3,2,1,6.7,9,No,High,Tier 1,Yes,Low,Placed,14.21
296,Male,CSE,9.78,97.3,90.5,3,9.9,100.0,6,5,5,4,4,3,2,7.5,7,No,Low,Tier 2,Yes,Low,Placed,17.35
297,Female,ECE,8.74,92.1,86.7,0,7.0,83.8,3,4,3,3,4,2,2,7.4,3,No,Medium,Tier 1,Yes,Low,Placed,16.29
298,Male,IT,3.59,42.5,51.7,0,2.4,75.2,4,1,3,2,2,3,1,6.7,6,No,Low,Tier 2,No,Medium,Not Placed,0.0
299,Female,ECE,0.45,27.8,0.0,0,0.7,51.1,2,1,0,2,2,0,1,5.6,8,Yes,High,Tier 1,Yes,High,Not Placed,0.0
300,Male,CSE,8.46,80.8,89.6,1,7.0,80.4,3,2,4,4,4,1,0,7.6,6,No,High,Tier 2,Yes,Low,Placed,16.74
301,Male,IT,9.11,91.1,94.0,1,5.5,100.0,3,3,5,4,4,3,4,8.0,4,No,Medium,Tier 2,Yes,High,Placed,17.17
302,Male,CSE,8.21,92.6,84.3,3,6.8,89.6,5,3,4,4,4,3,3,7.4,4,No,Medium,Tier 2,Yes,High,Placed,15.96
303,Male,IT,1.28,37.6,26.7,2,2.2,69.0,0,1,1,3,0,0,1,6.7,6,No,Low,Tier 1,Yes,Low,Not Placed,0.0
304,Female,ME,9.98,94.6,72.2,0,7.2,98.5,4,3,4,1,5,3,3,6.6,8,No,Medium,Tier 1,Yes,High,Placed,18.3
305,Female,ECE,2.59,56.6,34.3,0,2.3,43.8,3,2,3,4,1,1,1,5.9,4,No,Medium,Tier 2,Yes,Low,Not Placed,0.0
306,Female,ECE,7.24,79.7,93.8,1,6.3,69.2,4,2,3,3,5,2,3,7.3,1,Yes,Low,Tier 1,Yes,Low,Placed,14.69
307,Male,ECE,9.08,81.8,90.8,3,8.2,85.2,4,3,5,3,4,3,1,7.2,5,No,Medium,Tier 2,Yes,Low,Placed,17.95
308,Male,ECE,2.36,38.8,33.8,0,2.3,42.3,1,2,0,1,3,0,0,8.0,6,No,Medium,Tier 3,Yes,Medium,Not Placed,0.0
309,Female,ME,9.08,88.4,90.8,0,8.1,100.0,4,3,5,2,4,5,1,6.3,7,No,Low,Tier 3,Yes,Medium,Placed,17.87
310,Male,ME,3.09,45.6,46.3,2,3.8,53.2,0,0,1,2,1,2,1,7.1,3,No,Medium,Tier 1,Yes,Low,Not Placed,0.0
311,Male,CSE,9.76,97.5,100.0,0,8.4,74.2,4,3,4,3,5,2,2,5.4,6,Yes,High,Tier 1,Yes,Medium,Placed,17.81
312,Male,IT,2.81,39.6,38.2,0,2.8,54.4,2,2,1,4,1,3,0,6.6,4,No,Medium,Tier 2,Yes,Low,Not Placed,0.0
313,Male,CE,9.53,86.9,98.5,3,6.8,93.7,5,2,5,3,5,5,1,6.3,7,No,Medium,Tier 2,Yes,Medium,Placed,17.68
314,Female,EE,0.54,29.5,39.1,2,3.6,32.6,4,1,2,4,2,1,2,8.3,5,No,Low,Tier 2,Yes,Low,Not Placed,0.0
315,Female,ECE,7.09,63.7,84.8,0,7.1,80.8,6,2,5,5,5,3,0,9.0,7,No,Low,Tier 3,Yes,Low,Placed,18.1
316,Female,ECE,5.32,49.1,84.0,0,6.2,66.4,4,2,3,3,2,3,0,5.6,6,No,High,Tier 2,Yes,High,Placed,13.75
317,Male,CSE,4.78,59.3,49.7,0,4.8,71.3,4,3,3,4,4,3,0,8.1,7,No,Medium,Tier 2,Yes,High,Placed,12.06
318,Male,EE,2.23,50.0,52.6,3,2.9,55.3,3,0,3,2,1,4,0,7.8,5,Yes,Low,Tier 2,Yes,Low,Not Placed,0.0
319,Male,CSE,7.06,71.5,66.6,5,6.9,81.7,5,1,4,2,1,4,1,6.3,4,No,High,Tier 1,Yes,High,Not Placed,0.0
320,Male,ECE,1.91,38.2,36.8,1,1.0,30.9,3,2,2,4,3,1,0,6.1,5,No,Low,Tier 3,Yes,Medium,Not Placed,0.0
321,Male,CSE,5.53,72.7,69.6,0,4.3,93.6,4,1,4,2,3,2,4,6.1,7,No,High,Tier 2,Yes,High,Not Placed,0.0
322,Female,CSE,2.53,44.7,33.1,0,2.5,31.5,2,0,3,4,3,3,0,6.5,10,Yes,Medium,Tier 2,Yes,Low,Not Placed,0.0
323,Female,ECE,9.56,93.1,95.4,1,7.7,90.8,6,4,5,5,4,2,1,6.6,8,No,Medium,Tier 3,Yes,Medium,Placed,18.59
324,Male,EE,0.29,6.6,29.4,0,0.8,23.6,0,1,0,4,1,2,2,6.8,9,No,Medium,Tier 1,Yes,Low,Not Placed,0.0
325,Female,CSE,2.0,9.9,26.9,0,3.2,51.8,3,0,1,3,3,0,4,6.4,5,No,Low,Tier 2,Yes,Low,Not Placed,0.0
326,Female,ECE,2.42,32.9,54.1,0,3.3,51.2,0,1,1,1,2,2,2,8.0,4,Yes,Medium,Tier 3,Yes,Medium,Not Placed,0.0
327,Male,CSE,4.14,62.0,37.3,0,5.8,57.8,4,2,3,3,2,3,1,7.6,1,No,Medium,Tier 3,No,Medium,Not Placed,0.0
328,Female,CSE,2.33,23.6,56.0,3,5.6,67.2,3,3,3,4,2,5,3,6.8,4,No,Medium,Tier 2,Yes,Medium,Not Placed,0.0
329,Male,ECE,4.91,63.7,67.3,0,3.7,77.8,2,1,1,3,3,1,0,6.4,3,No,High,Tier 3,Yes,Low,Not Placed,0.0
330,Male,ECE,8.72,79.6,86.9,1,7.8,83.4,1,4,2,4,1,1,2,6.3,7,No,Medium,Tier 2,Yes,Low,Placed,13.79
331,Male,CSE,7.12,76.6,70.9,0,6.6,87.4,1,2,3,3,4,2,2,7.5,5,No,Medium,Tier 2,Yes,Low,Placed,13.3
332,Female,CSE,5.8,71.4,59.3,1,5.5,88.6,5,3,3,3,4,2,0,7.1,3,No,Medium,Tier 2,No,Low,Placed,13.28
333,Male,CSE,0.89,16.0,23.8,1,1.0,53.6,2,0,2,3,1,1,1,7.2,7,No,High,Tier 2,No,Low,Not Placed,0.0
334,Male,CSE,6.94,75.7,73.0,0,5.4,75.0,4,2,3,1,3,4,0,8.0,6,Yes,High,Tier 3,Yes,High,Placed,15.39
335,Male,EE,1.66,25.0,43.8,0,2.9,25.9,2,1,2,2,2,3,0,6.9,3,No,Medium,Tier 2,Yes,Medium,Not Placed,0.0
336,Male,CE,7.86,88.9,100.0,0,6.1,86.1,5,3,4,2,5,3,1,8.6,9,No,Medium,Tier 1,Yes,Low,Placed,16.63
337,Female,CSE,2.5,38.6,40.0,0,3.4,58.0,1,1,1,4,2,0,1,4.6,4,No,Low,Tier 1,Yes,Low,Not Placed,0.0
338,Female,ECE,4.17,51.0,42.9,1,4.2,50.8,3,1,4,3,3,3,1,5.4,7,Yes,Medium,Tier 3,Yes,Medium,Not Placed,0.0
339,Male,CE,3.5,60.3,40.5,0,4.1,56.3,3,1,2,4,2,1,2,9.2,5,No,Low,Tier 3,Yes,Medium,Not Placed,0.0
340,Male,CSE,8.59,94.6,84.9,0,6.6,85.5,6,4,5,3,3,4,4,6.5,9,No,High,Tier 3,Yes,Medium,Placed,18.38
341,Male,ME,1.27,18.9,17.9,0,2.5,59.3,2,1,1,2,1,1,0,7.4,7,No,Medium,Tier 3,Yes,High,Not Placed,0.0
342,Male,CE,5.66,62.3,51.5,0,4.6,91.2,3,2,3,2,3,3,0,8.5,3,No,High,Tier 1,Yes,Medium,Placed,14.52
343,Male,CSE,1.42,26.3,50.3,1,2.7,57.6,0,1,0,2,0,2,5,7.4,9,No,Medium,Tier 1,Yes,Low,Not Placed,0.0
344,Male,CSE,7.05,75.7,77.4,0,7.8,76.3,3,3,4,3,3,3,1,8.1,3,No,Low,Tier 2,Yes,Medium,Placed,16.88
345,Male,EE,9.05,100.0,82.1,0,8.1,100.0,4,2,5,3,5,4,1,7.7,3,Yes,Medium,Tier 1,Yes,Low,Placed,18.82
346,Female,ECE,4.35,55.7,61.0,2,4.9,68.9,3,2,3,2,2,5,2,8.2,9,Yes,Medium,Tier 1,Yes,Medium,Not Placed,0.0
347,Female,CSE,4.88,36.1,45.3,0,5.7,63.4,4,0,3,4,0,3,2,7.6,5,No,High,Tier 3,Yes,Low,Not Placed,0.0
348,Male,CSE,9.27,88.4,81.2,1,6.6,100.0,4,2,4,3,5,3,2,7.9,6,Yes,Medium,Tier 3,No,Medium,Placed,18.11
349,Male,ECE,5.21,40.0,51.6,0,6.9,57.4,1,1,3,3,2,2,3,6.3,6,No,Medium,Tier 1,Yes,Low,Placed,11.99
350,Female,IT,4.88,53.2,73.6,0,3.9,71.5,1,2,3,2,2,1,2,7.6,3,No,Medium,Tier 2,Yes,High,Placed,12.51
351,Male,IT,5.78,44.3,61.7,0,6.4,79.8,3,2,3,2,4,3,2,7.0,9,No,Medium,Tier 3,Yes,Low,Placed,13.78
352,Female,EE,6.89,64.8,48.7,0,7.1,72.9,4,2,4,3,3,2,2,6.9,10,No,Medium,Tier 2,Yes,Low,Placed,15.91
353,Female,CSE,1.07,8.9,38.7,2,1.3,48.1,1,0,0,1,0,0,1,5.0,2,Yes,Medium,Tier 2,Yes,Low,Not Placed,0.0
354,Male,ECE,8.21,88.6,80.6,0,8.3,95.6,3,3,4,4,4,2,1,6.5,5,No,Medium,Tier 2,Yes,Low,Placed,17.03
355,Male,ECE,4.36,52.1,34.4,0,5.0,64.1,0,1,1,2,3,2,2,6.8,7,No,High,Tier 1,Yes,Medium,Not Placed,0.0
356,Female,ECE,0.72,24.1,20.6,0,3.9,45.0,2,2,1,3,1,1,2,8.9,5,No,Low,Tier 1,Yes,Low,Not Placed,0.0
357,Male,CSE,7.86,80.8,86.1,0,7.2,83.4,5,2,3,4,4,3,0,6.7,4,No,Low,Tier 3,No,Low,Placed,15.68
358,Male,EE,3.77,33.1,52.2,1,4.0,67.2,0,1,2,3,1,2,2,7.3,7,No,Medium,Tier 1,Yes,Low,Not Placed,0.0
359,Female,ME,1.0,28.6,44.0,0,1.7,38.3,0,1,0,2,0,0,1,8.7,7,Yes,Low,Tier 1,Yes,High,Not Placed,0.0
360,Male,ECE,6.34,88.1,60.2,2,4.2,69.3,5,3,4,5,3,3,0,5.5,9,No,Low,Tier 1,Yes,Low,Placed,15.03
361,Male,IT,8.8,93.9,88.9,4,7.3,88.0,5,2,4,1,5,3,0,6.5,2,No,Medium,Tier 2,Yes,Low,Not Placed,0.0
362,Female,CSE,8.88,86.2,82.0,0,7.4,100.0,3,3,4,0,4,3,1,8.1,3,No,Medium,Tier 2,Yes,Low,Placed,14.94
363,Male,ECE,9.58,82.1,79.2,1,8.5,71.5,6,4,5,4,5,4,1,10.0,4,Yes,Low,Tier 2,Yes,Medium,Placed,17.01
364,Male,IT,8.68,79.7,96.3,0,6.2,76.2,5,3,5,1,5,5,2,4.6,10,No,Medium,Tier 1,Yes,High,Placed,18.76
365,Female,ECE,0.02,19.7,22.8,0,1.3,62.4,1,0,0,5,2,2,3,6.9,9,No,Low,Tier 2,Yes,Medium,Not Placed,0.0
366,Male,EE,3.8,58.0,51.2,0,4.7,61.1,3,1,4,3,1,3,2,7.8,6,No,Medium,Tier 2,Yes,High,Not Placed,0.0
367,Female,IT,8.19,87.2,87.8,0,7.9,79.3,5,2,5,3,4,4,3,8.0,5,No,Low,Tier 1,Yes,Low,Placed,17.74
368,Female,ECE,3.66,54.1,40.4,5,2.2,66.5,3,1,4,2,3,4,0,9.7,6,Yes,Low,Tier 2,Yes,High,Not Placed,0.0
369,Male,IT,6.02,73.2,56.1,0,6.4,61.7,4,2,4,2,3,3,1,6.2,8,Yes,Low,Tier 3,Yes,Low,Placed,15.75
370,Male,CSE,6.06,71.6,66.9,0,5.5,46.1,2,3,2,3,2,2,0,6.7,5,No,Medium,Tier 3,Yes,Medium,Placed,12.54
371,Male,ECE,3.65,39.4,58.8,0,3.9,61.2,2,1,2,2,2,2,0,5.0,6,No,Medium,Tier 1,Yes,Low,Not Placed,0.0
372,Male,CSE,9.04,93.6,100.0,1,5.5,80.5,6,4,3,4,2,4,2,7.2,5,No,Medium,Tier 2,Yes,Low,Placed,17.72
373,Male,ECE,5.03,49.3,66.2,0,6.5,66.4,5,3,2,2,2,4,2,7.6,3,No,Low,Tier 1,No,Low,Placed,11.36
374,Female,IT,4.65,54.7,55.5,1,4.9,66.9,2,2,2,4,2,1,0,9.5,2,No,High,Tier 2,Yes,Low,Placed,12.59
375,Male,ECE,9.98,100.0,100.0,0,7.0,96.6,6,2,4,4,4,5,2,9.0,4,Yes,Medium,Tier 3,Yes,Medium,Placed,18.27
376,Male,IT,4.94,73.8,57.6,2,5.3,44.1,2,2,3,2,4,3,1,8.8,5,No,Low,Tier 3,Yes,Medium,Placed,13.6
377,Female,ECE,1.78,17.0,22.0,2,3.1,46.0,2,0,1,3,0,1,3,6.2,6,No,Low,Tier 3,Yes,High,Not Placed,0.0
378,Male,CSE,5.13,63.4,59.3,1,6.3,71.1,2,1,2,2,2,2,1,7.5,6,No,Low,Tier 2,Yes,Low,Placed,11.56
379,Female,ME,8.14,99.0,69.8,0,6.9,67.0,4,3,4,3,3,3,1,7.5,3,Yes,High,Tier 3,Yes,Medium,Placed,16.44
380,Male,CSE,7.77,88.6,78.9,0,7.0,63.4,8,3,5,2,5,4,0,7.6,6,No,High,Tier 1,Yes,Low,Placed,18.14
381,Male,CSE,7.89,90.4,97.5,2,6.4,69.5,5,1,5,2,5,3,2,6.9,4,No,Low,Tier 3,No,Low,Placed,16.89
382,Female,ECE,7.08,81.1,82.9,0,7.1,86.4,3,2,3,3,4,2,1,8.4,5,No,Low,Tier 2,Yes,Low,Placed,16.82
383,Female,CSE,2.54,49.6,29.1,0,2.5,26.3,1,3,2,2,2,3,0,6.6,6,Yes,Low,Tier 2,Yes,High,Not Placed,0.0
384,Female,CSE,8.62,77.4,86.2,0,6.6,96.7,2,2,3,4,3,3,1,7.4,8,No,Low,Tier 2,Yes,Low,Placed,16.31
385,Female,IT,8.93,77.0,81.1,0,7.7,93.3,4,3,5,2,4,4,2,8.7,5,No,High,Tier 2,Yes,Medium,Placed,18.38
386,Female,ECE,1.94,31.4,32.9,0,1.6,43.5,2,0,1,1,1,3,4,9.6,9,No,Low,Tier 2,Yes,Medium,Not Placed,0.0
387,Male,ECE,1.3,4.4,38.8,0,4.0,25.0,2,1,1,3,1,3,1,6.0,3,No,Medium,Tier 2,Yes,High,Not Placed,0.0
388,Male,EE,9.76,100.0,100.0,0,10.0,84.0,5,2,5,3,4,4,2,7.7,4,No,Low,Tier 3,No,Medium,Placed,18.91
389,Female,ECE,8.68,100.0,100.0,0,7.1,96.5,3,2,3,3,3,4,1,7.5,5,No,Medium,Tier 3,Yes,Low,Placed,17.12
390,Female,ME,8.93,86.6,100.0,0,6.4,100.0,2,4,2,3,4,2,4,8.5,3,No,Low,Tier 2,Yes,High,Placed,15.79
391,Female,CSE,8.86,86.6,90.9,0,8.0,75.8,4,3,5,1,5,4,1,9.0,3,No,Low,Tier 1,Yes,Low,Placed,18.8
392,Male,ECE,5.42,60.3,68.1,1,4.8,81.2,3,1,3,4,5,3,2,6.6,6,No,High,Tier 2,Yes,Low,Placed,13.47
393,Male,ME,6.46,70.4,67.7,0,7.2,82.0,3,2,3,3,4,2,1,6.9,3,No,Low,Tier 1,Yes,Medium,Placed,14.09
394,Female,ECE,5.45,62.6,50.3,0,4.5,67.6,4,1,5,3,5,1,2,7.1,4,Yes,Low,Tier 3,Yes,Medium,Placed,15.13
395,Male,IT,0.51,24.9,35.1,0,2.4,29.2,2,1,2,5,1,1,5,7.6,5,No,Medium,Tier 1,Yes,Medium,Not Placed,0.0
396,Female,ECE,7.46,76.7,87.8,0,6.8,72.8,6,3,4,5,5,1,2,8.0,9,Yes,Medium,Tier 1,Yes,Medium,Placed,17.04
397,Female,CSE,5.05,67.4,56.0,0,4.4,87.2,4,1,2,3,3,1,2,6.5,5,Yes,Medium,Tier 1,Yes,Low,Not Placed,0.0
398,Male,ECE,6.48,74.5,72.6,0,6.3,76.0,4,2,4,1,4,2,2,9.2,6,No,Low,Tier 3,Yes,High,Placed,16.26
399,Female,ECE,5.03,51.7,70.6,2,5.9,81.1,1,1,1,1,3,0,1,4.8,3,Yes,Medium,Tier 3,No,High,Not Placed,0.0
400,Female,ME,4.92,70.2,65.8,0,5.0,67.4,2,1,2,4,3,1,2,5.6,3,No,Low,Tier 1,Yes,Low,Placed,11.43
401,Male,CSE,1.72,16.0,17.1,1,2.8,39.9,3,2,1,3,2,0,4,7.7,1,No,High,Tier 2,Yes,Medium,Not Placed,0.0
402,Female,EE,2.79,37.8,42.8,3,2.6,58.7,2,2,2,3,1,1,2,6.8,4,No,Medium,Tier 3,Yes,Medium,Not Placed,0.0
403,Male,EE,1.59,38.2,29.0,0,3.8,70.4,2,0,1,2,2,1,2,6.3,7,No,Low,Tier 2,Yes,Low,Not Placed,0.0
404,Female,CSE,1.96,24.4,44.8,0,3.9,39.0,1,1,1,4,0,1,4,8.2,4,No,Medium,Tier 1,Yes,Low,Not Placed,0.0
405,Male,CSE,9.73,100.0,100.0,0,7.9,100.0,4,2,5,4,5,4,1,8.0,6,No,Low,Tier 1,Yes,Medium,Placed,18.24
406,Female,ME,1.53,33.4,43.4,3,2.4,46.5,1,1,0,5,2,1,2,8.5,6,No,High,Tier 2,No,Medium,Not Placed,0.0
407,Male,EE,2.69,29.3,28.3,1,4.8,33.7,2,1,2,2,3,1,3,5.8,7,No,Low,Tier 1,Yes,Low,Not Placed,0.0
408,Male,ECE,5.91,64.5,57.4,1,4.5,52.8,4,3,3,4,2,1,1,8.0,9,No,High,Tier 1,Yes,Medium,Placed,14.4
409,Female,CSE,6.1,65.3,77.9,0,6.4,66.2,2,1,4,3,2,5,3,8.0,7,No,High,Tier 3,No,High,Placed,13.46
410,Male,ECE,1.54,22.6,24.4,2,2.0,48.4,3,0,1,4,3,2,2,5.8,5,No,Low,Tier 3,Yes,Medium,Not Placed,0.0
411,Male,IT,7.94,100.0,66.3,1,8.8,93.2,4,2,4,3,3,2,2,7.0,7,No,Low,Tier 3,Yes,High,Placed,16.31
412,Female,CSE,7.85,74.1,86.1,0,7.1,63.2,2,3,4,2,3,2,2,8.2,6,No,Medium,Tier 3,Yes,High,Placed,14.79
413,Female,IT,2.37,45.2,31.5,0,4.4,57.1,1,1,0,5,2,0,1,8.6,1,No,Low,Tier 3,Yes,Low,Not Placed,0.0
414,Male,CSE,2.89,35.6,59.0,0,2.8,50.9,2,2,2,3,2,1,1,6.8,3,Yes,Medium,Tier 3,Yes,Medium,Not Placed,0.0
415,Female,CSE,9.38,83.9,96.0,0,6.8,91.3,3,3,3,3,4,3,2,5.7,5,No,Low,Tier 3,Yes,Medium,Placed,17.5
416,Male,ECE,8.26,86.2,85.7,2,7.0,91.6,4,4,4,3,4,1,0,8.8,4,Yes,Medium,Tier 1,Yes,Medium,Placed,17.66
417,Male,ECE,6.98,80.8,70.1,0,6.6,97.8,3,1,3,2,4,1,3,7.0,5,No,Low,Tier 3,Yes,Low,Placed,14.82
418,Male,CSE,0.82,31.2,40.5,0,1.6,43.6,2,0,2,3,1,3,2,4.7,1,No,Low,Tier 3,Yes,Low,Not Placed,0.0
419,Female,ECE,4.18,66.2,55.0,0,5.2,43.8,1,3,2,3,3,2,2,6.7,7,No,Low,Tier 2,Yes,Low,Not Placed,0.0
420,Female,CSE,5.59,92.0,58.6,0,5.2,66.3,3,1,2,2,3,2,1,8.4,5,No,Low,Tier 3,Yes,Medium,Not Placed,0.0
421,Female,CSE,1.87,33.4,25.0,0,0.7,56.4,3,1,3,5,2,2,1,5.5,8,No,Medium,Tier 1,Yes,Low,Not Placed,0.0
422,Female,CSE,4.48,46.4,53.1,5,5.2,72.5,3,2,2,2,1,2,1,7.1,6,No,Low,Tier 2,Yes,Low,Not Placed,0.0
423,Male,EE,6.01,70.6,56.3,0,4.8,79.0,5,2,4,3,4,1,0,6.6,6,No,High,Tier 2,Yes,High,Placed,14.39
424,Male,ECE,3.27,40.1,54.4,0,3.4,48.5,3,1,3,3,3,2,0,7.0,3,No,Medium,Tier 1,Yes,Medium,Not Placed,0.0
425,Male,ECE,7.81,90.6,62.4,0,8.5,65.4,4,2,4,2,4,1,1,6.5,3,No,Medium,Tier 1,Yes,High,Placed,16.94
426,Male,ECE,8.4,73.4,83.8,0,9.2,92.5,2,2,3,3,5,2,1,7.6,6,Yes,Low,Tier 3,Yes,Low,Placed,15.3
427,Male,EE,3.24,66.2,50.0,0,3.2,39.9,2,2,3,1,1,2,2,6.7,6,No,Low,Tier 3,Yes,Low,Not Placed,0.0
428,Female,CSE,8.39,94.9,88.5,0,8.0,93.7,5,3,5,5,3,2,1,7.8,2,No,Medium,Tier 1,Yes,Low,Placed,18.67
429,Male,IT,1.04,7.0,19.1,0,1.7,49.6,1,0,0,3,2,1,2,6.6,7,No,Medium,Tier 1,Yes,Low,Not Placed,0.0
430,Male,IT,8.38,79.1,91.6,0,7.1,79.7,5,2,4,3,4,4,0,8.3,6,No,High,Tier 2,Yes,Low,Placed,17.98
431,Male,IT,1.53,36.2,21.4,0,2.0,42.8,4,1,2,5,2,3,0,7.0,4,No,Medium,Tier 3,Yes,Medium,Not Placed,0.0
432,Female,CSE,0.83,33.8,24.4,0,0.4,42.4,1,0,1,2,2,0,1,5.6,4,Yes,Medium,Tier 3,No,Low,Not Placed,0.0
433,Female,IT,6.42,56.8,75.9,1,6.1,66.1,4,4,4,5,4,2,1,6.0,7,Yes,Low,Tier 2,Yes,High,Placed,15.37
434,Male,CSE,4.72,62.3,60.4,0,5.1,46.7,4,2,4,4,3,4,0,5.6,4,No,Medium,Tier 2,Yes,Low,Placed,14.2
435,Male,ECE,9.08,72.7,83.9,3,7.2,89.0,5,3,5,1,4,5,1,5.7,6,No,Medium,Tier 2,Yes,Medium,Placed,16.88
436,Female,IT,3.63,45.0,59.0,0,5.1,57.6,2,2,2,3,0,3,1,5.4,5,No,High,Tier 2,Yes,Low,Not Placed,0.0
437,Male,CSE,2.87,50.5,41.8,0,3.1,68.6,1,2,1,4,3,1,0,5.7,4,No,Medium,Tier 1,Yes,Low,Not Placed,0.0
438,Female,ME,5.01,52.1,65.5,4,4.4,55.7,2,2,2,3,3,1,1,7.0,3,No,Medium,Tier 1,Yes,Low,Not Placed,0.0
439,Female,CSE,4.56,38.7,69.8,0,5.2,75.2,2,0,2,3,1,2,4,7.9,8,Yes,Low,Tier 3,Yes,Low,Not Placed,0.0
440,Male,ME,3.44,45.7,56.7,0,2.4,41.9,1,2,1,2,1,0,0,5.4,3,No,Medium,Tier 2,Yes,Medium,Not Placed,0.0
441,Male,ECE,6.94,67.9,84.7,0,7.3,60.5,1,3,2,2,4,2,3,6.0,4,Yes,Low,Tier 1,Yes,Low,Placed,12.6
442,Female,CSE,7.6,85.9,80.7,1,6.4,77.0,5,2,5,3,5,6,2,8.0,8,No,Medium,Tier 3,Yes,Low,Placed,16.38
443,Male,CSE,8.53,78.7,94.2,0,8.5,74.9,4,4,5,5,1,3,0,6.8,5,No,Medium,Tier 3,Yes,Low,Placed,18.47
444,Male,EE,9.73,90.0,98.0,0,9.6,77.1,4,4,4,2,5,1,4,4.9,6,No,Medium,Tier 3,Yes,High,Placed,18.95
445,Female,CSE,2.67,17.5,27.3,0,4.0,74.4,1,1,2,2,2,2,2,7.0,9,No,Low,Tier 2,Yes,Low,Not Placed,0.0
446,Female,CSE,7.16,77.6,78.3,1,5.7,72.5,2,2,2,3,4,1,2,7.4,8,No,Medium,Tier 2,Yes,Medium,Placed,15.23
447,Female,CSE,3.94,46.9,52.1,0,3.0,86.4,4,2,4,1,3,3,6,7.4,4,No,Medium,Tier 3,Yes,Medium,Not Placed,0.0
448,Female,IT,6.77,60.7,78.0,0,4.8,63.7,2,3,2,4,3,3,1,9.7,8,No,High,Tier 2,Yes,High,Placed,14.13
449,Male,ECE,4.76,57.4,54.8,0,5.9,43.1,3,3,3,1,3,3,1,6.1,2,No,Low,Tier 1,Yes,Low,Placed,13.53
450,Male,CSE,9.94,100.0,89.9,2,8.3,100.0,4,4,3,2,4,2,1,8.3,2,No,Low,Tier 2,No,Medium,Placed,16.3
451,Female,CSE,7.29,74.8,82.9,0,6.0,70.0,3,3,3,2,4,3,2,7.0,6,No,High,Tier 2,Yes,Medium,Placed,15.29
452,Male,CSE,9.52,98.6,81.0,0,8.0,93.8,6,4,5,1,5,2,1,7.6,5,No,Medium,Tier 1,Yes,Medium,Placed,17.58
453,Male,CSE,8.35,88.7,99.4,2,8.4,68.8,3,3,3,5,3,2,2,6.2,7,No,Low,Tier 1,Yes,High,Placed,15.66
454,Female,ECE,9.03,79.7,87.9,0,8.6,88.7,4,1,4,4,3,3,4,6.2,7,No,High,Tier 2,No,Low,Placed,17.07
455,Male,IT,8.14,100.0,85.6,0,7.6,67.4,5,3,5,4,4,1,2,5.5,7,No,Low,Tier 3,Yes,High,Placed,18.77
456,Male,CSE,4.59,49.3,60.3,4,5.4,61.7,2,1,3,4,4,1,4,5.2,9,No,Medium,Tier 2,Yes,Low,Not Placed,0.0
457,Male,ECE,2.52,43.0,44.1,2,3.4,44.4,1,1,2,3,1,2,0,7.8,9,No,Medium,Tier 3,Yes,Medium,Not Placed,0.0
458,Male,ECE,3.7,54.1,33.5,0,4.4,60.0,4,1,3,3,2,3,2,6.4,7,No,Low,Tier 3,Yes,Low,Not Placed,0.0
459,Male,EE,0.2,15.3,27.8,0,1.9,43.7,2,1,0,4,1,0,2,10.0,5,Yes,Medium,Tier 3,Yes,Medium,Not Placed,0.0
460,Male,EE,5.24,65.6,63.0,0,5.2,69.3,6,1,5,5,3,3,3,6.4,5,No,Low,Tier 3,Yes,Low,Placed,15.3
461,Male,ME,5.05,60.4,52.0,3,5.8,70.7,1,3,1,1,3,2,3,7.8,5,No,Low,Tier 1,Yes,Medium,Not Placed,0.0
462,Female,CSE,5.25,45.4,52.5,5,5.5,65.2,6,3,4,5,3,3,1,7.1,4,No,High,Tier 3,Yes,Low,Not Placed,0.0
463,Female,CSE,9.74,94.5,92.6,0,7.4,88.2,6,2,5,1,4,5,1,4.8,7,No,Medium,Tier 1,Yes,Medium,Placed,18.22
464,Male,CSE,9.11,86.3,77.9,1,8.4,95.3,5,3,5,2,5,4,1,5.4,8,Yes,High,Tier 2,Yes,Medium,Placed,17.27
465,Female,CSE,1.62,24.2,48.2,2,2.9,43.4,4,0,2,3,0,1,2,5.2,4,No,Medium,Tier 2,Yes,Low,Not Placed,0.0
466,Male,ECE,3.69,33.3,62.4,0,4.7,56.3,2,2,3,3,4,3,2,8.8,5,No,Medium,Tier 2,Yes,Medium,Not Placed,0.0
467,Male,IT,4.24,62.3,56.4,0,4.4,65.2,3,2,2,5,2,3,1,8.6,2,No,Low,Tier 1,Yes,Low,Not Placed,0.0
468,Female,ME,3.61,61.7,44.6,0,4.8,44.3,1,0,2,4,2,3,0,9.3,5,No,Medium,Tier 3,Yes,High,Not Placed,0.0
469,Male,ME,7.98,92.6,79.9,0,7.0,100.0,3,2,3,3,5,2,1,4.3,6,No,Low,Tier 2,Yes,Medium,Placed,17.36
470,Female,ECE,5.24,72.2,67.5,2,5.9,63.4,6,1,3,4,2,2,1,5.4,3,No,Medium,Tier 1,Yes,Medium,Placed,10.24
471,Male,IT,5.72,60.2,81.3,3,5.0,70.8,4,1,3,3,5,3,3,7.7,4,Yes,Medium,Tier 1,Yes,High,Placed,13.19
472,Female,CSE,8.53,81.1,80.5,0,7.1,85.6,7,2,5,2,5,5,2,6.1,3,No,Low,Tier 1,Yes,Low,Placed,18.52
473,Male,CSE,8.06,75.7,71.3,0,7.7,91.2,5,3,4,4,4,2,3,7.8,2,No,High,Tier 3,Yes,Low,Placed,16.82
474,Female,IT,1.32,32.7,44.0,0,2.1,47.0,1,1,0,3,2,0,3,6.5,8,No,Medium,Tier 2,Yes,Medium,Not Placed,0.0
475,Male,CSE,7.14,78.0,57.2,1,8.7,77.2,3,2,3,2,3,2,2,6.3,2,Yes,Low,Tier 3,Yes,High,Placed,13.89
476,Female,ECE,4.35,51.2,42.7,0,5.1,78.5,3,1,2,5,1,2,0,4.8,6,No,Medium,Tier 1,Yes,Medium,Not Placed,0.0
477,Male,CSE,2.95,53.0,39.1,0,3.6,14.3,1,0,1,3,1,0,2,6.3,7,No,Medium,Tier 2,Yes,Low,Not Placed,0.0
478,Male,IT,0.5,23.3,6.4,0,2.7,52.9,1,2,0,2,2,1,5,7.4,8,No,Medium,Tier 2,No,High,Not Placed,0.0
479,Female,IT,4.87,48.0,68.1,0,4.4,75.3,3,2,3,2,2,1,4,5.8,3,Yes,Medium,Tier 3,No,Low,Placed,13.13
480,Male,CSE,3.55,38.4,55.0,0,4.9,34.3,4,2,4,4,1,2,1,7.1,8,Yes,High,Tier 3,Yes,High,Not Placed,0.0
481,Female,ME,2.52,43.2,32.4,5,4.2,61.3,1,2,1,4,2,1,1,5.7,6,No,Low,Tier 2,Yes,High,Not Placed,0.0
482,Female,CSE,6.95,84.5,86.4,0,7.6,89.4,2,2,2,4,4,1,2,6.1,7,No,Medium,Tier 2,Yes,Medium,Placed,14.77
483,Male,ECE,7.69,85.9,94.0,0,6.4,87.9,3,1,3,4,4,2,1,6.2,9,No,Medium,Tier 2,Yes,Low,Placed,15.44
484,Female,IT,2.45,54.8,36.5,0,2.0,31.0,1,0,2,2,2,1,2,7.6,7,No,Medium,Tier 3,Yes,Low,Not Placed,0.0
485,Male,IT,0.49,35.5,17.4,0,1.2,46.1,3,1,2,3,2,4,0,8.0,4,No,Medium,Tier 1,Yes,Medium,Not Placed,0.0
486,Female,EE,8.49,91.6,100.0,0,7.2,98.0,4,3,4,3,5,2,2,9.2,1,No,Medium,Tier 1,No,Low,Placed,17.47
487,Male,CSE,0.1,7.5,26.0,0,3.2,28.7,0,1,0,3,1,0,1,7.9,7,No,Low,Tier 1,Yes,Medium,Not Placed,0.0
488,Male,IT,9.37,81.5,95.5,2,10.0,96.5,2,3,3,3,4,1,3,7.4,6,No,Medium,Tier 2,Yes,Low,Placed,16.17
489,Female,IT,6.28,64.5,81.9,0,6.2,68.4,4,4,4,2,4,2,3,9.1,4,No,Low,Tier 2,Yes,Low,Placed,14.63
490,Female,CE,3.22,49.9,46.8,0,3.8,64.9,4,0,3,4,2,1,0,7.3,6,No,Low,Tier 1,Yes,Medium,Not Placed,0.0
491,Male,CSE,2.46,54.2,32.6,0,2.9,46.0,5,1,4,2,1,3,0,7.7,3,No,Medium,Tier 2,Yes,Medium,Not Placed,0.0
492,Female,IT,0.09,19.9,19.5,1,2.4,28.6,0,0,0,1,2,2,2,8.1,6,No,Medium,Tier 3,No,Medium,Not Placed,0.0
493,Male,ECE,2.35,46.7,47.2,0,5.3,48.6,2,2,2,2,2,3,2,7.2,3,No,Medium,Tier 1,Yes,Low,Not Placed,0.0
494,Male,CSE,1.38,24.3,9.1,2,4.3,27.2,2,0,0,4,2,0,3,6.9,8,No,Medium,Tier 2,Yes,High,Not Placed,0.0
495,Male,ECE,6.12,73.2,64.1,0,6.9,70.1,2,1,2,3,3,1,2,6.8,10,No,Medium,Tier 3,Yes,Low,Placed,12.77
496,Male,CSE,1.67,37.4,45.2,0,3.8,49.4,0,0,0,1,3,1,0,6.3,6,No,Low,Tier 1,Yes,Low,Not Placed,0.0
497,Male,ECE,5.29,40.2,55.2,0,6.0,77.2,4,1,3,4,1,2,2,6.4,6,No,Medium,Tier 1,Yes,Low,Placed,12.02
498,Male,ME,5.9,61.0,80.7,5,5.6,73.4,3,3,2,3,5,1,2,8.3,7,No,High,Tier 2,Yes,Low,Not Placed,0.0
499,Female,ECE,2.98,49.8,56.0,0,2.8,35.7,3,2,4,2,0,4,1,5.7,6,No,High,Tier 1,Yes,Low,Not Placed,0.0
500,Female,IT,0.35,20.7,20.1,0,1.7,53.3,1,1,0,3,0,2,1,7.2,3,No,Medium,Tier 2,Yes,High,Not Placed,0.0
501,Female,ECE,0.37,6.2,15.3,0,2.2,54.5,2,0,2,1,1,3,1,7.0,8,No,Medium,Tier 3,Yes,High,Not Placed,0.0
502,Male,CSE,0.26,0.0,17.2,0,0.2,37.9,0,0,0,3,1,2,1,5.3,6,No,High,Tier 2,Yes,Medium,Not Placed,0.0
503,Male,CSE,7.39,74.2,100.0,0,6.5,70.3,6,2,5,1,3,4,2,8.0,7,Yes,Low,Tier 1,Yes,Low,Placed,19.21
504,Female,ECE,3.18,41.3,62.2,0,2.9,47.7,2,1,2,3,2,1,1,5.4,8,No,Medium,Tier 2,Yes,Low,Not Placed,0.0
505,Female,CSE,7.96,73.8,82.9,0,8.1,80.3,6,2,5,3,3,2,0,6.1,7,No,Low,Tier 3,Yes,High,Placed,15.33
506,Male,CSE,4.32,53.2,46.5,0,4.0,64.3,2,1,2,4,3,0,2,6.9,8,No,Low,Tier 3,Yes,Low,Not Placed,0.0
507,Female,ECE,4.53,58.6,55.4,0,5.0,58.5,4,1,4,3,3,3,1,8.8,6,Yes,Low,Tier 2,Yes,Low,Not Placed,0.0
508,Female,CSE,5.13,65.3,61.5,0,4.4,55.5,3,2,3,4,4,3,5,7.6,4,No,Low,Tier 3,Yes,Low,Placed,15.0
509,Female,CSE,7.13,52.0,62.6,0,8.1,90.1,2,2,3,2,4,3,1,7.4,6,No,Low,Tier 2,Yes,High,Placed,13.43
510,Female,ECE,2.74,25.1,40.7,0,1.7,54.5,1,2,1,3,2,1,3,8.6,5,No,High,Tier 2,Yes,Low,Not Placed,0.0
511,Female,CSE,1.22,22.3,41.0,0,2.8,29.7,1,1,1,4,2,0,3,6.7,4,No,High,Tier 2,Yes,Medium,Not Placed,0.0
512,Male,CE,5.56,68.0,44.5,0,4.1,71.9,3,2,3,4,1,3,1,9.4,8,No,Medium,Tier 1,Yes,High,Placed,13.49
513,Female,ME,3.27,47.7,52.4,0,3.3,56.6,2,2,3,2,0,1,0,7.6,5,No,Medium,Tier 1,Yes,Low,Not Placed,0.0
514,Female,IT,4.42,57.3,67.1,0,4.8,52.9,2,0,2,2,1,0,2,7.2,6,Yes,Low,Tier 2,Yes,Low,Not Placed,0.0
515,Male,CSE,6.47,66.2,64.2,0,6.3,88.2,2,4,1,4,3,2,1,4.8,4,No,Low,Tier 2,No,Low,Placed,12.24
516,Male,IT,4.94,53.7,74.5,0,5.2,66.3,3,1,3,5,3,1,2,8.2,5,No,Medium,Tier 1,Yes,Medium,Placed,13.19
517,Male,ME,6.2,60.4,60.7,0,6.0,69.6,6,3,5,3,0,3,1,7.6,7,No,High,Tier 3,Yes,Low,Placed,17.05
518,Female,IT,5.44,68.9,65.9,0,4.7,66.6,2,2,1,2,3,0,0,6.7,10,No,Medium,Tier 2,Yes,Medium,Placed,12.59
519,Female,CSE,7.4,68.7,74.1,0,6.5,84.7,4,2,5,2,3,4,1,6.4,3,No,Low,Tier 3,Yes,Low,Placed,17.65
520,Male,IT,7.06,83.5,71.4,0,6.5,76.5,4,2,5,3,4,4,2,9.4,6,Yes,Low,Tier 1,Yes,Medium,Placed,15.86
521,Male,ME,5.34,62.5,54.5,0,5.4,66.1,1,2,2,3,1,2,1,6.0,1,No,Medium,Tier 2,Yes,Medium,Placed,11.26
522,Male,ECE,6.79,72.3,79.3,0,6.2,88.5,3,1,2,3,5,1,1,7.4,5,No,Medium,Tier 1,Yes,Low,Not Placed,0.0
523,Female,IT,8.74,82.7,96.4,1,8.3,70.4,5,3,5,2,4,4,0,7.0,6,No,Medium,Tier 2,Yes,Medium,Placed,16.8
524,Female,ECE,4.32,38.2,51.9,0,4.6,45.9,0,0,1,4,1,2,1,7.8,6,No,Medium,Tier 2,Yes,Low,Not Placed,0.0
525,Female,ECE,4.13,43.6,37.4,4,4.6,69.1,2,1,2,3,3,1,1,4.7,9,No,Low,Tier 2,Yes,Medium,Not Placed,0.0
526,Male,CSE,7.64,76.6,83.2,0,6.5,100.0,4,4,3,4,5,1,3,7.8,5,No,Medium,Tier 1,Yes,Low,Placed,15.97
527,Male,IT,5.83,40.9,68.9,1,4.5,80.5,3,2,3,1,2,2,1,8.9,9,Yes,Medium,Tier 1,Yes,Low,Placed,11.66
528,Male,CSE,0.71,19.1,21.5,0,2.2,61.6,4,0,3,4,0,2,1,4.7,6,No,Low,Tier 2,Yes,Low,Not Placed,0.0
529,Male,ECE,8.92,100.0,100.0,2,9.0,83.3,4,2,5,2,4,4,4,5.9,4,No,Medium,Tier 2,Yes,Low,Placed,18.04
530,Female,CSE,0.31,23.3,4.8,0,2.2,29.2,2,1,2,5,1,2,2,7.7,6,No,Low,Tier 1,Yes,High,Not Placed,0.0
531,Female,ECE,7.48,73.6,55.7,0,5.9,85.4,2,3,3,4,4,2,2,6.8,6,No,Medium,Tier 3,Yes,Low,Placed,12.92
532,Female,CSE,7.59,80.0,71.4,0,7.6,92.0,4,3,4,1,5,2,0,7.8,6,No,Low,Tier 2,Yes,Low,Placed,15.49
533,Female,IT,9.53,90.4,100.0,5,7.8,76.4,3,3,3,3,5,1,2,7.9,4,No,Low,Tier 3,No,High,Not Placed,0.0
534,Male,IT,0.54,21.1,11.8,5,2.6,35.7,2,0,1,5,0,2,0,7.3,4,No,Medium,Tier 2,Yes,Low,Not Placed,0.0
535,Female,CSE,5.97,81.1,56.0,0,5.3,70.5,2,2,2,2,2,2,2,9.1,8,No,Low,Tier 3,Yes,Medium,Placed,12.11
536,Female,CSE,4.28,61.1,61.8,0,4.8,52.5,3,2,2,5,2,1,1,7.9,8,Yes,Low,Tier 2,Yes,High,Not Placed,0.0
537,Female,CSE,3.31,48.3,49.1,0,3.3,48.1,2,2,2,3,3,2,2,5.4,4,Yes,Low,Tier 3,Yes,Low,Not Placed,0.0
538,Male,ME,0.9,17.7,29.0,0,1.6,50.5,0,0,1,5,2,2,1,7.8,5,No,Medium,Tier 2,Yes,Medium,Not Placed,0.0
539,Male,ECE,5.63,70.4,70.9,0,3.9,74.4,5,2,5,3,4,4,1,7.0,6,No,High,Tier 1,Yes,Low,Placed,15.5
540,Male,ECE,4.79,38.8,52.1,5,5.4,73.3,6,2,4,3,3,3,2,7.7,7,No,Medium,Tier 1,Yes,Low,Not Placed,0.0
541,Female,CSE,1.05,21.4,22.6,0,2.6,45.3,2,2,3,5,1,4,1,8.4,6,No,Medium,Tier 1,Yes,High,Not Placed,0.0
542,Female,IT,6.12,72.9,75.1,0,6.2,61.2,4,1,5,4,3,5,1,8.9,8,No,Low,Tier 2,Yes,High,Placed,14.68
543,Male,ME,7.38,85.1,63.6,0,6.9,84.4,5,2,5,3,2,3,4,7.1,5,Yes,Medium,Tier 3,Yes,Low,Placed,16.45
544,Female,ME,7.67,86.9,57.9,0,6.1,69.6,5,2,4,4,4,4,2,8.0,9,Yes,Medium,Tier 1,No,Low,Placed,15.21
545,Female,IT,9.05,94.9,86.1,0,8.8,85.6,4,4,4,2,4,3,1,5.7,10,Yes,Medium,Tier 3,Yes,Medium,Placed,18.2
546,Male,CSE,4.09,47.8,60.0,0,5.4,47.1,3,3,3,3,4,1,0,6.4,6,Yes,High,Tier 2,Yes,Low,Not Placed,0.0
547,Male,CSE,9.53,100.0,96.8,0,7.4,84.8,5,3,4,4,5,4,2,6.3,6,No,Low,Tier 2,Yes,High,Placed,17.75
548,Female,CSE,8.65,79.0,95.8,0,8.1,88.0,4,4,3,3,5,2,0,8.2,4,Yes,Medium,Tier 1,Yes,Medium,Placed,16.45
549,Male,CSE,2.97,31.8,21.6,0,4.5,47.3,2,1,2,2,2,1,2,9.1,5,Yes,Medium,Tier 3,Yes,Low,Not Placed,0.0
550,Female,CSE,1.59,29.1,33.9,0,2.1,33.9,1,1,0,2,2,0,1,10.0,6,No,Medium,Tier 1,Yes,Low,Not Placed,0.0
551,Male,CSE,4.35,53.7,59.3,2,4.2,74.8,3,1,3,3,2,4,2,8.0,7,Yes,Medium,Tier 1,Yes,Medium,Not Placed,0.0
552,Female,ECE,4.02,30.9,36.7,0,4.8,57.7,0,2,1,2,2,0,0,8.3,5,No,Medium,Tier 2,Yes,High,Not Placed,0.0
553,Male,CE,5.76,68.5,72.7,1,4.0,63.2,3,3,3,1,3,2,0,4.9,7,No,High,Tier 2,Yes,Medium,Placed,12.14
554,Male,IT,5.83,72.3,63.5,0,4.5,57.0,3,3,3,2,4,2,1,4.9,5,No,High,Tier 2,Yes,Low,Placed,14.03
555,Female,ME,7.5,78.0,100.0,0,5.8,57.5,5,3,3,4,2,3,2,6.0,8,Yes,Low,Tier 3,Yes,Medium,Placed,15.53
556,Male,IT,5.1,82.1,37.0,0,3.3,62.9,0,2,1,3,3,1,1,5.5,6,No,Medium,Tier 2,No,Low,Not Placed,0.0
557,Male,CSE,1.05,17.1,40.1,1,3.3,24.8,0,2,0,3,0,0,2,7.6,6,No,Medium,Tier 1,Yes,Medium,Not Placed,0.0
558,Male,IT,8.58,84.3,82.7,2,5.5,95.0,5,3,5,2,4,4,1,9.1,5,Yes,Medium,Tier 1,Yes,Low,Placed,16.9
559,Female,CSE,3.1,37.4,26.6,0,4.0,54.0,4,1,1,2,2,2,0,7.0,5,No,Low,Tier 1,Yes,Low,Not Placed,0.0
560,Female,IT,9.71,96.8,90.4,0,9.1,100.0,7,4,5,2,5,2,2,6.2,5,No,Low,Tier 3,No,Medium,Placed,19.74
561,Female,CSE,1.18,21.7,30.2,1,2.0,44.8,1,0,1,3,1,0,0,7.4,7,No,Low,Tier 2,No,Medium,Not Placed,0.0
562,Male,EE,9.58,82.4,100.0,0,7.5,83.8,4,3,4,1,4,4,0,6.1,3,Yes,High,Tier 2,Yes,Medium,Placed,17.38
563,Male,CSE,0.91,17.3,42.5,0,2.4,17.9,3,1,2,4,2,0,2,6.3,4,No,High,Tier 3,Yes,High,Not Placed,0.0
564,Male,CSE,2.31,33.7,50.7,0,3.1,58.5,0,0,1,3,2,1,2,6.8,8,No,Low,Tier 3,Yes,Low,Not Placed,0.0
565,Male,CE,0.47,31.3,12.1,0,2.8,22.2,1,1,1,3,3,2,3,7.5,6,No,High,Tier 2,Yes,High,Not Placed,0.0
566,Male,CSE,7.05,96.9,85.7,0,3.8,72.4,5,3,3,4,3,3,0,5.0,8,No,High,Tier 1,Yes,High,Placed,16.32
567,Male,IT,8.5,100.0,89.9,0,6.5,100.0,5,3,5,4,3,4,2,4.6,7,Yes,Medium,Tier 3,Yes,Medium,Placed,18.38
568,Male,IT,4.34,44.1,46.2,0,5.1,68.4,3,2,1,2,4,2,2,6.0,7,Yes,Low,Tier 1,Yes,Medium,Not Placed,0.0
569,Female,ME,9.29,87.0,90.2,0,8.1,95.4,4,3,4,4,4,3,1,7.6,6,No,Low,Tier 1,Yes,Low,Placed,18.42
570,Male,EE,5.9,63.6,58.1,0,6.4,81.7,3,1,3,4,3,2,4,5.5,4,No,Low,Tier 3,Yes,Low,Placed,13.87
571,Male,EE,6.3,86.4,68.8,0,6.2,83.7,2,2,2,3,4,3,1,9.2,6,Yes,Low,Tier 2,Yes,Medium,Placed,14.12
572,Female,CSE,8.45,85.2,78.3,0,7.3,100.0,4,3,5,4,4,3,0,8.0,3,Yes,High,Tier 3,Yes,Low,Placed,18.99
573,Male,ME,2.97,27.0,31.5,0,3.3,45.6,3,0,2,4,2,1,3,7.8,5,No,Medium,Tier 3,Yes,High,Not Placed,0.0
574,Female,IT,3.54,40.1,51.1,4,6.3,51.7,0,1,0,4,2,0,2,8.0,4,No,Medium,Tier 2,No,Low,Not Placed,0.0
575,Female,IT,9.06,99.6,96.8,1,9.4,78.3,5,3,5,5,5,3,4,7.5,2,Yes,Medium,Tier 2,Yes,Low,Placed,19.63
576,Female,CSE,9.01,98.5,88.2,0,8.3,88.7,4,2,4,3,4,3,2,7.6,6,No,Medium,Tier 2,Yes,High,Placed,17.18
577,Male,IT,9.76,96.0,100.0,2,8.4,92.0,7,4,5,3,4,4,3,8.5,6,Yes,Low,Tier 1,Yes,Low,Placed,18.53
578,Female,EE,9.02,98.5,87.6,0,8.4,68.1,6,4,5,4,4,5,0,8.2,8,No,Medium,Tier 2,Yes,Medium,Placed,17.89
579,Male,CE,1.27,3.1,25.1,0,3.2,34.8,1,2,1,3,2,0,2,7.4,3,Yes,Low,Tier 1,Yes,Medium,Not Placed,0.0
580,Male,ECE,8.24,86.1,90.5,0,7.7,100.0,3,3,4,4,5,3,1,9.3,8,No,High,Tier 3,Yes,Low,Placed,18.06
581,Male,CSE,4.1,58.5,49.5,1,3.6,62.5,6,2,5,2,2,3,2,7.1,1,No,High,Tier 3,Yes,High,Not Placed,0.0
582,Female,ECE,9.91,90.9,98.1,1,10.0,100.0,4,3,3,0,4,3,0,6.5,5,No,High,Tier 2,Yes,Low,Placed,16.45
583,Male,ME,4.72,46.8,30.6,0,5.1,61.9,0,1,1,4,5,2,2,5.2,9,Yes,High,Tier 2,Yes,High,Not Placed,0.0
584,Male,IT,5.54,43.4,62.5,0,7.4,45.6,2,2,2,1,3,0,0,6.1,5,No,Medium,Tier 2,Yes,Medium,Placed,11.67
585,Female,ECE,5.3,75.9,42.1,0,5.4,65.3,5,1,5,2,3,3,0,8.4,4,No,Medium,Tier 1,No,Low,Placed,14.46
586,Male,CSE,3.22,35.2,31.6,0,3.5,66.8,2,1,1,4,2,1,4,7.0,5,No,Medium,Tier 1,Yes,Low,Not Placed,0.0
587,Male,ECE,0.75,23.8,10.6,0,3.4,25.3,1,1,1,4,0,0,2,7.6,7,No,Low,Tier 3,Yes,Medium,Not Placed,0.0
588,Male,ECE,8.96,97.2,79.3,0,8.1,97.7,5,3,4,4,4,3,2,7.1,5,No,Medium,Tier 1,Yes,Medium,Placed,17.28
589,Male,CE,8.03,98.4,76.8,1,7.3,62.8,4,2,5,1,5,3,4,5.6,6,No,High,Tier 3,Yes,Medium,Placed,16.42
590,Male,IT,1.4,25.4,24.3,2,1.3,43.6,0,0,1,3,3,0,4,6.7,6,No,Medium,Tier 2,Yes,High,Not Placed,0.0
591,Male,CSE,7.77,75.7,86.8,0,7.6,88.2,6,2,4,3,3,2,3,6.0,7,Yes,High,Tier 3,Yes,Low,Placed,16.09
592,Female,ECE,6.26,69.9,70.3,0,5.4,68.8,4,3,5,4,3,4,3,6.5,8,No,High,Tier 1,Yes,Medium,Placed,15.66
593,Male,CSE,4.09,62.6,31.7,2,3.9,89.2,2,1,3,5,4,1,3,5.9,9,No,Medium,Tier 3,No,Low,Not Placed,0.0
594,Male,EE,2.54,34.9,39.2,2,2.8,44.3,2,0,1,1,2,0,3,7.6,6,No,Medium,Tier 2,Yes,Medium,Not Placed,0.0
595,Female,ECE,8.6,78.6,90.0,0,8.0,79.7,4,3,5,3,5,4,3,8.0,6,No,Medium,Tier 3,Yes,Medium,Placed,19.99
596,Male,ECE,7.0,59.1,70.7,0,4.9,79.5,4,3,5,4,4,5,1,7.0,3,No,Low,Tier 2,Yes,Medium,Placed,15.9
597,Female,ECE,5.48,49.4,61.2,1,5.1,58.8,4,1,4,3,2,3,2,4.6,7,No,High,Tier 2,Yes,Medium,Placed,13.54
598,Male,IT,6.1,75.5,68.7,1,6.8,54.3,1,1,3,5,2,3,2,5.4,8,No,Medium,Tier 1,Yes,High,Placed,13.46
599,Male,IT,0.91,19.5,32.9,0,0.9,27.3,2,2,0,3,2,2,3,7.8,7,No,High,Tier 1,Yes,High,Not Placed,0.0
600,Male,IT,4.74,49.2,40.2,0,5.0,72.5,3,1,3,3,0,3,1,6.1,3,No,Low,Tier 3,Yes,Medium,Placed,13.07
601,Male,CSE,1.94,24.3,31.1,0,2.2,43.0,1,1,2,2,1,1,0,6.1,5,No,Medium,Tier 1,Yes,Low,Not Placed,0.0
602,Male,CSE,2.08,33.5,49.7,0,2.6,67.9,1,0,2,3,0,1,0,7.1,6,Yes,Low,Tier 3,Yes,Medium,Not Placed,0.0
603,Male,CSE,6.61,68.8,85.0,1,7.8,69.4,3,3,4,0,4,2,0,6.1,4,No,Medium,Tier 2,Yes,High,Placed,14.28
604,Male,IT,9.11,89.7,99.4,0,6.2,98.2,3,2,5,3,5,4,2,4.5,10,No,Medium,Tier 2,Yes,Low,Placed,18.45
605,Male,CSE,4.04,62.8,55.7,1,5.1,65.4,3,2,3,5,2,2,2,5.9,6,No,Low,Tier 3,Yes,Low,Not Placed,0.0
606,Male,ECE,2.08,48.1,51.2,0,2.5,42.0,3,1,3,1,4,1,1,6.5,7,Yes,High,Tier 2,Yes,Medium,Not Placed,0.0
607,Male,ME,6.49,54.1,89.1,0,5.5,63.4,4,0,3,1,5,3,1,6.3,7,No,Low,Tier 2,Yes,High,Not Placed,0.0
608,Male,ME,8.71,92.3,86.4,0,6.5,66.5,5,3,4,4,4,4,1,7.8,6,No,High,Tier 3,Yes,High,Placed,17.54
609,Male,ECE,7.48,70.8,68.1,1,7.5,86.5,5,2,4,5,5,3,0,7.1,3,No,Medium,Tier 2,No,Low,Placed,16.36
610,Female,ECE,8.69,86.4,84.8,4,7.4,100.0,6,4,4,1,3,2,2,7.0,7,No,Low,Tier 1,Yes,Medium,Not Placed,0.0
611,Male,CSE,5.37,63.7,91.9,0,4.9,48.1,4,2,3,5,3,2,0,8.4,10,No,Medium,Tier 2,Yes,Low,Placed,15.48
612,Female,IT,7.52,76.8,62.5,0,6.9,75.7,5,2,4,4,4,2,1,5.1,5,Yes,High,Tier 1,Yes,Medium,Placed,17.48
613,Female,ME,1.4,29.2,24.5,5,2.3,35.4,2,2,1,4,1,2,4,8.9,4,No,Medium,Tier 2,Yes,Low,Not Placed,0.0
614,Male,CSE,3.48,51.3,31.7,0,1.9,62.5,3,0,2,2,1,0,1,9.0,7,Yes,Low,Tier 2,Yes,Medium,Not Placed,0.0
615,Female,ECE,3.9,51.1,50.4,3,3.7,54.5,2,3,2,5,1,2,0,6.9,7,No,Medium,Tier 2,Yes,Medium,Not Placed,0.0
616,Female,ME,5.11,52.0,46.9,0,6.0,81.5,4,3,4,3,3,4,2,6.5,8,No,Low,Tier 2,Yes,Low,Placed,13.8
617,Male,ME,9.29,87.7,91.2,0,6.5,86.1,6,3,4,3,5,4,2,8.6,5,Yes,Medium,Tier 2,Yes,Medium,Placed,18.3
618,Male,CSE,8.74,74.9,68.4,0,6.5,72.6,2,4,2,4,4,2,2,6.7,5,No,Low,Tier 2,Yes,Low,Placed,14.23
619,Female,ECE,1.35,17.9,35.0,2,2.0,37.5,1,1,1,3,0,1,1,7.4,1,No,Medium,Tier 2,Yes,Low,Not Placed,0.0
620,Female,CSE,1.73,49.3,44.1,2,2.0,41.1,2,0,2,1,2,4,1,7.3,6,No,Low,Tier 2,Yes,High,Not Placed,0.0
621,Male,CSE,3.58,37.5,42.8,0,4.0,62.8,3,1,3,3,4,1,1,7.6,4,No,Medium,Tier 2,Yes,Medium,Not Placed,0.0
622,Male,CE,2.91,27.8,39.9,0,2.4,48.0,1,0,1,3,1,2,2,5.7,1,No,Medium,Tier 2,Yes,Medium,Not Placed,0.0
623,Male,ME,6.15,70.5,65.6,0,5.4,77.2,4,1,4,2,5,3,2,7.5,9,No,High,Tier 2,Yes,Medium,Not Placed,0.0
624,Male,IT,9.03,90.7,92.0,0,7.8,79.7,5,3,5,4,5,4,2,5.9,6,No,Medium,Tier 2,Yes,Medium,Placed,20.15
625,Female,CSE,9.62,94.8,94.6,0,8.9,89.2,6,3,5,5,3,4,2,6.3,2,No,Low,Tier 3,No,Medium,Placed,18.93
626,Male,ME,6.54,84.7,78.0,1,7.3,64.8,5,3,3,2,3,1,0,8.1,6,Yes,Medium,Tier 1,Yes,Medium,Placed,14.06
627,Male,ECE,8.38,91.7,97.4,0,7.1,75.1,3,2,3,3,4,1,0,6.4,9,No,Medium,Tier 1,Yes,High,Placed,17.38
628,Female,CSE,5.25,54.3,51.9,0,7.1,81.8,3,1,3,3,3,1,0,6.2,8,Yes,Low,Tier 3,Yes,Medium,Placed,12.52
629,Male,ECE,2.08,28.4,31.5,0,2.8,38.9,1,2,3,5,0,2,1,7.2,7,No,High,Tier 1,Yes,High,Not Placed,0.0
630,Male,CSE,5.25,54.6,69.0,0,6.0,62.3,2,2,3,4,2,3,2,8.6,3,No,Medium,Tier 1,Yes,Medium,Placed,15.13
631,Female,IT,5.55,70.9,48.2,0,7.3,80.8,3,1,3,4,2,2,2,9.9,4,No,Low,Tier 2,Yes,High,Placed,12.29
632,Female,ECE,7.42,75.0,57.7,3,6.8,88.5,3,3,2,4,5,0,3,8.4,4,Yes,High,Tier 1,Yes,Low,Placed,13.48
633,Male,CSE,2.2,15.8,37.9,0,1.7,67.9,2,1,1,3,2,2,2,8.4,6,Yes,Low,Tier 3,Yes,Low,Not Placed,0.0
634,Male,CSE,3.68,45.8,52.4,0,4.2,62.9,3,1,2,3,1,0,0,7.0,7,No,Medium,Tier 1,Yes,Low,Not Placed,0.0
635,Male,CSE,3.64,30.6,39.9,0,3.4,49.6,4,2,2,5,2,2,3,10.0,6,No,Low,Tier 2,No,Low,Not Placed,0.0
636,Male,CSE,9.59,100.0,88.9,3,7.9,100.0,5,2,3,4,5,2,1,7.2,4,No,Medium,Tier 1,Yes,Low,Placed,18.15
637,Male,ECE,4.44,43.1,45.9,0,6.6,68.6,2,1,2,2,2,3,0,7.0,5,No,Low,Tier 3,No,Medium,Not Placed,0.0
638,Male,ME,7.55,77.6,69.7,0,5.6,78.4,2,4,3,2,3,2,4,7.5,8,No,Medium,Tier 3,Yes,Low,Placed,15.0
639,Male,CSE,7.51,81.4,85.0,3,7.1,80.7,6,0,5,3,3,2,3,7.3,7,No,Low,Tier 1,Yes,Medium,Not Placed,0.0
640,Male,CSE,2.66,34.7,27.5,1,2.5,53.1,2,0,1,4,2,1,3,5.4,6,No,Medium,Tier 2,Yes,High,Not Placed,0.0
641,Male,ECE,5.72,60.7,61.1,0,5.2,66.5,3,1,3,5,2,1,1,6.2,4,Yes,Low,Tier 3,Yes,Low,Placed,14.38
642,Male,ME,8.94,95.2,80.5,0,8.5,72.1,5,3,5,5,3,5,3,7.5,6,Yes,High,Tier 1,Yes,Medium,Placed,19.7
643,Male,CSE,4.75,70.6,41.4,2,5.1,83.0,2,2,2,2,2,2,1,6.1,3,No,High,Tier 2,Yes,Low,Not Placed,0.0
644,Male,CSE,9.45,100.0,100.0,0,7.9,91.4,5,4,5,3,3,3,1,7.8,4,No,Low,Tier 3,Yes,Low,Placed,20.09
645,Male,ECE,2.14,48.0,29.9,0,2.3,50.0,4,1,3,3,1,1,0,7.0,3,Yes,High,Tier 2,Yes,High,Not Placed,0.0
646,Female,CSE,0.74,10.8,25.8,0,2.3,64.4,1,0,1,3,2,0,1,8.1,9,No,High,Tier 3,Yes,Medium,Not Placed,0.0
647,Male,CSE,8.91,93.9,74.2,0,9.4,80.3,4,2,5,4,5,3,3,6.9,9,No,Medium,Tier 3,Yes,Low,Placed,19.59
648,Female,IT,8.48,88.6,78.4,4,6.5,93.7,3,3,2,3,4,3,0,7.6,3,No,Medium,Tier 3,No,Medium,Not Placed,0.0
649,Female,IT,9.93,100.0,100.0,0,10.0,85.1,4,5,5,5,5,4,3,4.8,4,No,High,Tier 3,Yes,High,Placed,19.13
650,Male,ECE,6.79,86.5,98.2,0,7.5,79.6,4,2,4,2,3,4,3,5.1,5,No,High,Tier 3,Yes,High,Placed,15.87
651,Male,IT,9.37,92.4,73.2,4,9.4,93.6,4,3,4,4,2,2,1,6.0,8,No,Medium,Tier 3,Yes,Medium,Not Placed,0.0
652,Male,IT,8.27,81.2,82.1,0,7.6,94.1,5,3,5,2,4,2,1,7.4,7,No,Medium,Tier 1,Yes,High,Placed,17.9
653,Male,CSE,8.44,92.1,89.6,0,8.6,100.0,4,2,5,1,4,3,0,6.1,8,No,High,Tier 2,Yes,High,Placed,18.9
654,Female,ECE,5.69,45.6,57.4,0,4.5,62.2,5,3,3,2,2,3,0,7.9,9,No,High,Tier 2,Yes,Medium,Not Placed,0.0
655,Male,CSE,3.82,45.1,57.1,0,3.5,74.9,4,2,3,3,1,2,0,7.5,6,No,High,Tier 3,Yes,Medium,Not Placed,0.0
656,Male,CSE,9.35,93.1,84.1,0,8.8,100.0,4,4,5,5,3,5,1,6.4,6,No,High,Tier 1,Yes,High,Placed,18.05
657,Male,IT,4.32,42.5,54.1,0,4.8,57.9,4,2,3,2,3,4,0,7.3,8,No,Medium,Tier 1,Yes,Low,Not Placed,0.0
658,Male,ME,5.39,71.4,55.9,0,5.1,67.3,5,1,3,3,3,1,3,6.5,8,Yes,High,Tier 1,Yes,Low,Placed,13.35
659,Female,EE,4.46,42.3,65.9,0,2.1,55.8,3,1,3,4,4,3,2,7.4,8,No,Medium,Tier 1,Yes,Medium,Not Placed,0.0
660,Male,IT,5.65,61.7,56.4,0,5.0,65.2,6,1,4,2,2,4,1,6.4,6,Yes,Low,Tier 1,Yes,Low,Not Placed,0.0
661,Male,CSE,4.71,58.0,52.2,0,3.6,48.8,2,2,3,2,2,3,2,7.5,8,No,Low,Tier 3,Yes,Low,Not Placed,0.0
662,Female,CSE,0.48,32.6,31.3,0,2.3,47.2,0,0,0,3,1,0,0,8.6,5,No,Medium,Tier 2,Yes,Medium,Not Placed,0.0
663,Female,ME,8.82,89.9,78.3,0,7.5,63.3,3,3,5,2,4,2,1,5.5,4,No,Medium,Tier 2,Yes,Medium,Placed,17.43
664,Male,ECE,4.44,62.1,54.2,0,4.0,53.3,5,2,3,1,3,2,1,6.2,5,No,Medium,Tier 1,Yes,Medium,Not Placed,0.0
665,Male,IT,5.89,72.1,46.9,4,8.3,69.8,2,1,4,2,4,3,2,6.2,10,Yes,Medium,Tier 3,Yes,Medium,Not Placed,0.0
666,Male,IT,1.39,28.0,18.2,3,3.5,58.9,2,2,1,4,0,2,1,7.4,3,No,Medium,Tier 3,Yes,Medium,Not Placed,0.0
667,Male,IT,0.03,4.4,22.1,0,2.6,28.6,2,0,0,4,1,0,2,8.0,7,No,Low,Tier 3,Yes,Medium,Not Placed,0.0
668,Male,ME,2.45,21.5,27.7,5,5.4,54.8,1,2,0,5,3,1,1,4.9,9,Yes,Low,Tier 3,Yes,Low,Not Placed,0.0
669,Male,CSE,7.05,76.0,69.0,5,7.2,76.3,4,2,3,5,4,1,3,6.8,6,No,Low,Tier 3,Yes,Low,Not Placed,0.0
670,Male,IT,0.99,18.0,30.9,0,1.4,52.3,4,0,2,2,1,2,0,7.0,5,No,Medium,Tier 2,Yes,Low,Not Placed,0.0
671,Male,ME,9.09,100.0,84.9,0,7.0,94.0,4,2,5,2,5,3,1,8.1,7,Yes,High,Tier 2,Yes,Medium,Placed,17.72
672,Female,CSE,2.15,40.7,43.4,4,4.0,57.9,3,0,2,2,2,2,2,5.9,5,No,Medium,Tier 1,No,Low,Not Placed,0.0
673,Male,IT,2.05,30.6,36.6,0,0.9,40.7,3,0,3,3,2,2,1,7.9,4,No,Medium,Tier 1,Yes,High,Not Placed,0.0
674,Male,CSE,1.82,18.9,36.9,0,2.7,33.8,3,1,3,2,2,0,0,7.4,8,Yes,Low,Tier 3,Yes,Medium,Not Placed,0.0
675,Male,EE,0.14,21.3,31.5,1,0.0,40.2,1,0,0,3,1,1,1,9.1,8,No,High,Tier 2,Yes,Medium,Not Placed,0.0
676,Female,CSE,7.72,70.4,83.0,0,7.0,75.5,6,3,5,2,5,5,6,9.6,5,No,High,Tier 3,Yes,Low,Placed,16.83
677,Male,ECE,8.75,81.8,100.0,0,8.5,87.9,5,3,3,4,4,1,0,8.0,5,No,Medium,Tier 2,Yes,Low,Placed,17.15
678,Male,CSE,6.14,57.4,76.2,0,6.1,75.6,4,3,4,2,3,4,1,6.7,6,Yes,High,Tier 2,Yes,Medium,Placed,14.56
679,Female,IT,1.88,29.6,27.8,0,3.8,61.2,1,0,2,2,3,1,3,7.6,5,No,Medium,Tier 1,Yes,Low,Not Placed,0.0
680,Female,CSE,2.85,50.9,53.7,0,5.5,61.5,2,2,3,4,2,1,1,7.7,4,No,Medium,Tier 2,Yes,Low,Not Placed,0.0
681,Female,CSE,4.76,55.4,58.7,2,4.7,55.4,5,1,3,4,3,2,2,7.6,2,No,Medium,Tier 2,Yes,Low,Not Placed,0.0
682,Male,ECE,9.54,91.7,90.4,0,10.0,78.5,6,1,4,3,5,3,1,7.5,3,No,Medium,Tier 2,Yes,Low,Placed,16.96
683,Male,CE,2.47,20.7,40.5,0,3.4,70.3,1,1,2,4,2,0,1,7.6,3,No,High,Tier 3,Yes,Medium,Not Placed,0.0
684,Female,CSE,7.32,82.7,87.7,0,7.6,59.9,7,2,5,4,3,5,4,8.3,3,No,Low,Tier 2,No,Low,Placed,17.75
685,Female,CSE,4.39,44.5,57.7,0,4.0,55.9,2,3,3,5,3,1,4,9.6,6,No,High,Tier 3,Yes,Low,Not Placed,0.0
686,Male,IT,2.98,41.5,60.1,5,5.2,60.6,4,1,3,4,1,2,2,4.8,4,No,High,Tier 2,Yes,High,Not Placed,0.0
687,Male,ECE,4.56,50.2,65.3,0,5.7,82.0,1,1,1,5,4,0,0,8.6,4,No,Medium,Tier 2,Yes,Low,Placed,10.96
688,Male,CE,0.71,29.4,28.9,0,3.5,37.0,3,1,0,3,1,2,0,7.2,3,No,Medium,Tier 2,Yes,High,Not Placed,0.0
689,Female,CSE,7.99,81.3,71.7,0,7.1,83.3,4,2,5,5,3,2,2,6.1,3,Yes,Medium,Tier 3,Yes,Low,Placed,16.78
690,Male,IT,2.43,35.1,35.6,0,1.9,39.1,0,2,0,5,1,1,0,5.4,3,No,Medium,Tier 2,Yes,High,Not Placed,0.0
691,Male,CSE,7.25,81.5,76.7,0,7.0,80.0,4,2,4,3,4,3,1,7.4,5,Yes,Low,Tier 2,Yes,Medium,Placed,16.53
692,Male,CSE,0.68,41.8,30.4,0,0.3,25.3,3,1,0,2,0,0,0,7.0,8,No,Medium,Tier 3,Yes,Medium,Not Placed,0.0
693,Male,IT,9.55,100.0,100.0,0,7.8,83.3,4,2,4,2,5,3,0,5.7,9,No,Medium,Tier 3,Yes,Medium,Placed,18.05
694,Male,ECE,1.93,30.5,35.1,0,3.0,55.7,0,1,1,3,0,1,0,7.0,6,No,Low,Tier 3,Yes,Medium,Not Placed,0.0
695,Male,IT,8.83,90.1,89.8,3,10.0,82.8,4,2,5,2,5,4,1,8.2,8,No,Medium,Tier 1,Yes,High,Placed,16.05
696,Female,CSE,8.09,78.5,89.9,0,7.5,94.5,2,3,4,2,3,2,2,8.9,4,No,High,Tier 1,Yes,Low,Placed,14.36
697,Male,ECE,9.68,87.8,86.9,0,8.4,91.2,5,3,4,4,4,4,1,7.2,7,No,Low,Tier 2,Yes,Low,Placed,18.27
698,Male,ECE,4.78,50.1,73.2,2,4.8,47.3,2,2,3,4,3,2,2,7.1,4,No,High,Tier 3,Yes,Medium,Placed,11.55
699,Male,EE,7.27,69.1,55.7,2,5.2,92.6,6,3,5,0,3,4,4,7.7,6,Yes,Medium,Tier 2,Yes,High,Placed,14.4
700,Male,CSE,3.71,53.1,62.2,0,4.2,41.5,3,1,2,1,4,1,1,8.4,4,Yes,Low,Tier 2,Yes,Low,Not Placed,0.0
701,Male,CSE,1.84,19.9,32.3,4,2.9,38.8,2,2,2,5,0,1,0,7.2,4,No,Medium,Tier 2,Yes,Low,Not Placed,0.0
702,Male,ECE,4.43,66.0,63.5,1,3.6,59.2,5,2,4,4,3,3,3,7.4,5,Yes,Medium,Tier 2,No,Medium,Not Placed,0.0
703,Male,ECE,1.66,36.6,34.9,0,1.5,57.0,3,1,2,2,1,2,0,6.5,9,Yes,Low,Tier 1,Yes,High,Not Placed,0.0
704,Male,CSE,9.82,98.7,100.0,0,7.9,87.6,4,3,4,1,5,3,2,6.8,7,No,Medium,Tier 1,Yes,High,Placed,18.79
705,Male,CE,0.96,23.2,31.2,0,2.2,29.6,0,1,0,2,2,2,1,6.2,4,Yes,Medium,Tier 1,Yes,High,Not Placed,0.0
706,Female,CSE,5.89,59.5,73.2,0,5.2,72.3,2,2,1,4,1,1,0,5.8,3,Yes,Medium,Tier 2,Yes,Medium,Placed,12.18
707,Male,ME,6.26,70.9,64.8,0,4.8,70.0,4,2,3,5,3,3,1,5.6,4,No,Low,Tier 3,Yes,Medium,Placed,16.1
708,Female,CSE,5.38,71.6,71.4,0,5.6,61.7,4,2,3,5,4,3,2,6.0,7,No,Medium,Tier 1,Yes,High,Placed,16.03
709,Male,IT,6.62,64.2,60.1,2,6.7,77.3,3,2,3,1,4,3,1,5.9,6,No,Low,Tier 2,Yes,Medium,Placed,14.39
710,Female,CE,1.16,9.5,27.2,0,2.4,27.5,2,1,1,3,1,1,3,7.4,7,Yes,Low,Tier 2,Yes,Low,Not Placed,0.0
711,Female,CSE,5.55,69.2,70.8,0,4.8,47.6,5,0,5,2,2,6,0,7.5,4,No,Medium,Tier 3,Yes,Low,Placed,14.22
712,Male,EE,2.87,42.6,50.9,0,4.1,77.9,4,2,2,3,3,2,1,6.5,6,No,Medium,Tier 3,Yes,High,Not Placed,0.0
713,Male,ECE,9.4,83.7,97.8,0,7.9,92.7,4,4,5,1,5,5,0,6.0,6,No,High,Tier 2,Yes,Low,Placed,18.05
714,Male,CE,7.62,72.4,75.0,1,5.6,82.8,1,2,2,2,4,4,2,9.6,8,No,High,Tier 2,Yes,Low,Placed,12.03
715,Male,IT,9.73,89.1,100.0,0,9.3,84.0,5,3,5,2,5,4,3,6.5,9,No,High,Tier 2,Yes,High,Placed,18.5
716,Female,CSE,0.38,11.0,14.3,0,2.1,48.1,0,1,0,4,2,0,1,6.3,7,No,Low,Tier 2,Yes,Low,Not Placed,0.0
717,Female,CSE,2.85,36.0,58.3,0,3.4,45.7,2,0,1,2,2,0,1,5.1,8,No,Medium,Tier 3,Yes,Low,Not Placed,0.0
718,Female,CSE,1.95,28.9,32.8,1,1.3,13.3,1,1,2,3,2,1,3,7.6,5,No,Medium,Tier 2,Yes,Low,Not Placed,0.0
719,Male,CSE,0.11,9.4,3.5,0,0.8,28.9,0,0,1,4,2,1,1,9.2,4,No,Medium,Tier 1,Yes,Low,Not Placed,0.0
720,Female,CSE,2.42,28.0,25.4,0,5.2,46.1,5,0,3,5,0,4,0,6.8,5,Yes,Low,Tier 2,Yes,Medium,Not Placed,0.0
721,Female,CSE,6.79,70.4,72.8,0,4.7,73.7,4,3,4,5,4,4,1,6.6,5,No,High,Tier 1,Yes,Low,Placed,16.03
722,Male,ECE,2.31,36.3,37.9,2,2.9,46.5,1,0,2,4,3,1,0,7.3,5,No,Medium,Tier 1,Yes,Low,Not Placed,0.0
723,Male,IT,5.09,55.1,78.4,0,5.0,57.8,4,3,4,3,3,3,0,7.4,5,No,Medium,Tier 2,No,Low,Placed,14.49
724,Female,CSE,8.88,100.0,78.7,4,8.0,79.4,6,4,5,5,5,4,1,4.0,5,No,Medium,Tier 1,Yes,High,Not Placed,0.0
725,Male,CSE,6.94,79.1,73.9,0,4.9,73.1,4,3,3,4,3,1,1,7.8,5,Yes,Medium,Tier 2,Yes,Low,Placed,15.39
726,Female,IT,3.95,32.7,39.0,0,4.4,39.0,2,1,3,4,2,2,1,9.3,5,Yes,Medium,Tier 3,Yes,Medium,Not Placed,0.0
727,Male,CSE,3.72,51.9,42.8,0,2.4,33.8,2,1,2,1,2,1,1,7.1,7,No,High,Tier 1,No,Low,Not Placed,0.0
728,Female,CSE,4.56,59.8,71.3,0,4.8,63.5,3,0,3,4,3,5,2,6.9,4,No,High,Tier 1,No,Low,Not Placed,0.0
729,Male,CSE,1.77,25.7,20.8,2,2.1,47.0,2,1,2,3,2,3,4,8.0,8,No,High,Tier 1,Yes,Low,Not Placed,0.0
730,Male,CE,6.34,53.9,74.6,2,5.1,83.6,2,1,3,2,2,1,1,7.8,8,No,Medium,Tier 3,Yes,Medium,Not Placed,0.0
731,Male,ME,3.64,46.0,51.0,1,4.9,53.8,1,0,2,2,2,0,1,7.2,6,No,Low,Tier 1,Yes,High,Not Placed,0.0
732,Female,ECE,8.52,87.3,85.9,0,7.2,71.8,4,3,5,4,5,2,2,7.9,1,Yes,Low,Tier 3,Yes,Medium,Placed,19.9
733,Female,IT,7.57,68.1,83.8,3,7.3,57.1,1,2,2,0,4,3,1,8.0,1,No,Low,Tier 3,Yes,Low,Not Placed,0.0
734,Male,ECE,6.11,52.4,55.3,0,6.3,61.0,2,1,2,3,1,0,0,5.6,6,No,Medium,Tier 1,Yes,Low,Placed,12.24
735,Male,IT,3.64,45.1,63.7,2,5.3,61.9,4,1,3,2,3,4,3,5.6,7,No,Medium,Tier 2,Yes,Low,Not Placed,0.0
736,Female,IT,2.1,30.5,54.0,3,1.8,64.9,2,2,2,2,1,2,0,5.5,9,Yes,Medium,Tier 2,Yes,Low,Not Placed,0.0
737,Male,IT,7.76,76.8,80.6,0,7.9,82.2,6,3,5,2,5,3,3,5.2,5,No,Medium,Tier 1,Yes,Medium,Placed,18.09
738,Female,CSE,4.86,55.5,81.1,1,4.9,49.6,3,2,3,1,4,1,1,8.0,4,No,High,Tier 2,Yes,Low,Placed,12.89
739,Male,CSE,2.25,23.1,32.0,0,2.7,37.9,0,2,0,4,2,1,3,8.0,3,No,Medium,Tier 2,Yes,Medium,Not Placed,0.0
740,Male,ECE,1.95,27.2,37.6,0,1.7,36.5,1,1,2,0,1,2,3,7.5,7,No,High,Tier 2,Yes,Low,Not Placed,0.0
741,Male,ME,1.65,34.4,45.5,0,3.3,40.0,3,0,2,3,1,3,3,9.0,6,No,Medium,Tier 2,Yes,Low,Not Placed,0.0
742,Male,ECE,7.77,77.5,75.6,0,6.0,95.1,4,2,4,2,4,3,0,6.6,5,No,Medium,Tier 3,Yes,Medium,Placed,16.76
743,Female,ME,2.29,17.7,22.5,0,3.6,63.1,0,1,1,5,1,2,2,6.2,6,Yes,Medium,Tier 1,No,Medium,Not Placed,0.0
744,Male,EE,5.27,55.1,44.0,2,7.1,64.6,4,1,3,3,2,4,0,7.1,5,No,Medium,Tier 3,Yes,Medium,Not Placed,0.0
745,Male,CSE,4.52,42.7,74.8,0,5.6,64.3,2,2,2,0,3,2,0,8.4,7,No,Medium,Tier 1,Yes,Low,Placed,12.72
746,Female,IT,5.8,67.0,59.1,0,7.0,60.2,2,2,2,4,2,1,2,6.3,5,No,High,Tier 3,Yes,Medium,Placed,13.91
747,Male,IT,8.77,92.7,86.3,0,6.9,67.1,3,2,3,2,5,3,1,9.3,5,No,Medium,Tier 2,Yes,Low,Placed,16.29
748,Male,EE,8.68,72.2,76.3,0,8.3,100.0,6,2,5,4,3,4,3,6.9,7,No,Low,Tier 2,Yes,High,Placed,16.77
749,Female,EE,4.51,60.9,63.6,0,3.5,34.2,1,2,2,4,0,3,2,7.6,5,No,Medium,Tier 3,Yes,High,Placed,10.94
750,Female,IT,0.15,5.2,11.4,0,1.4,13.9,2,0,1,5,0,1,2,7.2,4,No,Low,Tier 3,Yes,High,Not Placed,0.0
751,Male,CSE,4.26,66.8,47.2,0,6.2,82.1,4,1,2,3,3,3,1,6.5,3,No,Medium,Tier 1,Yes,Medium,Not Placed,0.0
752,Female,IT,6.06,66.0,69.5,0,5.1,71.6,5,2,2,4,4,2,2,8.1,3,No,High,Tier 2,Yes,Medium,Placed,14.89
753,Female,CSE,5.58,50.0,52.0,2,6.5,55.0,4,3,3,3,3,1,1,4.0,4,No,Low,Tier 2,Yes,High,Placed,13.23
754,Male,IT,6.51,58.9,68.3,0,7.1,82.3,5,3,5,2,3,5,1,6.6,7,No,High,Tier 2,No,Medium,Placed,16.35
755,Male,CE,1.54,31.6,44.3,0,3.7,53.5,2,1,1,4,2,1,1,8.0,4,No,Low,Tier 1,Yes,Low,Not Placed,0.0
756,Female,ECE,6.47,66.1,74.0,4,4.8,57.8,6,2,4,2,5,5,3,5.3,5,No,Low,Tier 2,No,Medium,Not Placed,0.0
757,Female,IT,1.83,29.6,33.9,2,3.3,39.6,2,1,2,3,2,0,5,6.2,3,No,Medium,Tier 1,Yes,Low,Not Placed,0.0
758,Male,ECE,7.51,95.0,80.2,0,6.6,90.6,3,2,2,2,3,0,1,6.4,6,No,High,Tier 1,Yes,Medium,Placed,16.46
759,Female,ECE,3.39,36.8,41.2,0,5.0,45.5,6,1,4,4,4,4,3,6.6,6,No,Low,Tier 1,Yes,Medium,Not Placed,0.0
760,Female,CSE,7.1,75.9,94.8,1,4.8,81.0,3,1,3,2,3,4,1,6.3,6,Yes,Low,Tier 2,Yes,Medium,Placed,13.93
761,Male,IT,0.48,33.3,13.7,1,2.2,55.0,0,1,0,3,0,0,4,5.8,9,No,Medium,Tier 3,Yes,Medium,Not Placed,0.0
762,Male,CE,4.08,52.4,52.7,1,4.6,30.8,1,1,2,3,1,1,0,6.9,5,Yes,Medium,Tier 3,Yes,Medium,Not Placed,0.0
763,Male,CE,7.05,58.9,75.6,0,4.4,73.2,3,3,3,5,4,3,2,8.0,6,No,Medium,Tier 1,Yes,High,Placed,15.3
764,Female,CSE,2.27,39.3,46.2,0,2.2,51.8,1,1,2,2,0,1,1,7.5,4,No,Low,Tier 3,Yes,Low,Not Placed,0.0
765,Male,ME,7.95,70.9,92.6,0,5.2,61.2,3,3,3,3,4,3,3,8.2,10,No,Medium,Tier 3,No,Medium,Placed,16.26
766,Male,IT,6.31,82.7,68.2,0,5.2,66.5,5,1,5,1,2,3,3,6.8,7,No,Low,Tier 3,Yes,Low,Placed,15.5
767,Female,CSE,5.88,56.8,67.9,0,6.2,82.8,3,3,2,2,4,2,2,8.5,7,Yes,Medium,Tier 2,Yes,Low,Placed,13.19
768,Female,CSE,3.54,74.8,49.6,0,4.2,47.8,2,2,3,3,2,1,1,5.5,8,No,High,Tier 1,Yes,Low,Not Placed,0.0
769,Male,CSE,4.82,70.6,33.8,0,5.0,46.1,1,3,1,3,1,3,1,8.6,7,No,High,Tier 2,Yes,High,Not Placed,0.0
770,Female,CE,5.97,57.8,49.9,4,4.6,84.4,5,3,3,3,4,0,2,8.3,8,Yes,High,Tier 1,Yes,Low,Not Placed,0.0
771,Male,IT,4.72,55.3,49.7,0,5.9,68.7,3,1,3,5,4,1,2,5.1,5,No,Medium,Tier 2,Yes,Medium,Placed,12.51
772,Female,IT,6.98,81.9,68.2,0,6.4,76.1,3,3,2,1,2,4,0,7.6,10,No,Medium,Tier 2,Yes,High,Placed,14.33
773,Male,CSE,4.34,59.7,40.7,1,4.6,59.9,4,1,4,5,2,3,2,6.8,2,No,High,Tier 1,Yes,High,Not Placed,0.0
774,Male,IT,2.02,36.6,41.7,0,3.9,59.5,2,2,2,4,2,1,2,6.9,5,No,Medium,Tier 2,Yes,Low,Not Placed,0.0
775,Female,CSE,2.14,45.7,35.1,0,2.0,51.4,2,0,1,3,2,0,2,7.1,9,No,Medium,Tier 1,Yes,Medium,Not Placed,0.0
776,Male,ECE,0.06,14.3,16.3,0,1.8,43.1,0,0,1,3,3,0,1,6.3,5,No,Medium,Tier 3,Yes,Low,Not Placed,0.0
777,Male,IT,3.01,36.9,29.5,0,4.0,44.7,2,1,1,2,3,1,1,8.1,7,No,Medium,Tier 3,Yes,Low,Not Placed,0.0
778,Female,CSE,7.49,75.2,77.5,0,6.2,56.9,6,3,5,3,5,4,0,7.0,5,No,Medium,Tier 2,Yes,High,Placed,17.33
779,Female,ME,7.94,91.1,55.3,3,7.7,90.1,6,3,5,5,4,4,3,5.7,6,No,Medium,Tier 2,Yes,Medium,Placed,16.45
780,Female,CSE,2.02,35.8,32.5,0,3.4,60.3,2,1,2,2,2,0,3,7.0,5,No,Medium,Tier 1,Yes,High,Not Placed,0.0
781,Female,IT,9.59,99.4,95.4,1,8.1,89.8,5,3,5,3,4,4,4,6.4,8,No,High,Tier 2,Yes,Low,Placed,19.55
782,Male,ECE,5.02,65.6,60.6,0,4.9,75.8,0,2,1,2,2,1,1,7.7,6,No,Medium,Tier 1,Yes,Low,Placed,10.08
783,Male,ECE,9.17,72.4,75.7,0,8.4,86.0,4,2,5,2,4,4,4,5.4,2,No,Medium,Tier 3,Yes,Low,Placed,17.12
784,Male,CSE,7.07,78.2,76.8,1,7.2,76.3,4,3,4,3,3,3,2,9.4,4,No,High,Tier 3,No,Low,Placed,14.18
785,Male,CSE,7.22,78.6,65.3,0,6.6,99.3,6,2,5,2,1,2,0,7.1,4,No,Medium,Tier 3,Yes,Low,Placed,14.4
786,Female,CE,0.85,38.9,16.7,0,3.2,36.6,4,0,2,3,1,1,2,5.5,8,No,Medium,Tier 2,Yes,Medium,Not Placed,0.0
787,Male,CSE,2.2,18.4,42.8,0,3.7,44.0,3,2,3,3,3,4,2,6.8,3,No,High,Tier 2,Yes,High,Not Placed,0.0
788,Male,ME,0.09,31.3,38.9,0,0.0,13.1,1,0,0,3,1,0,2,6.4,5,No,Low,Tier 3,Yes,High,Not Placed,0.0
789,Male,EE,7.16,76.6,75.8,0,5.1,86.2,3,2,3,0,4,2,1,6.0,10,No,Medium,Tier 1,Yes,Low,Placed,16.14
790,Female,CSE,3.44,49.1,37.3,1,5.1,47.1,2,0,4,3,1,3,0,7.5,8,No,Low,Tier 1,No,Low,Not Placed,0.0
791,Male,CSE,7.87,98.7,82.8,0,6.8,84.0,3,3,2,3,4,0,1,9.7,4,No,Medium,Tier 1,Yes,Low,Placed,15.39
792,Male,IT,3.39,49.4,54.5,3,4.0,51.6,3,1,1,5,4,2,1,9.2,4,No,Medium,Tier 2,Yes,Low,Not Placed,0.0
793,Male,EE,8.19,88.6,89.7,0,8.4,78.8,4,0,4,3,5,2,1,7.2,4,No,Medium,Tier 3,Yes,Medium,Placed,15.57
794,Female,CE,1.31,28.6,55.9,0,2.4,41.4,0,1,1,4,2,2,3,6.1,6,No,High,Tier 2,Yes,Medium,Not Placed,0.0
795,Male,ECE,1.73,24.9,24.7,0,2.7,44.9,1,0,1,2,1,0,2,7.3,5,Yes,Medium,Tier 2,Yes,Medium,Not Placed,0.0
796,Female,IT,3.41,43.7,47.8,0,3.0,69.6,3,2,3,5,4,2,1,7.9,6,Yes,Medium,Tier 1,Yes,Medium,Not Placed,0.0
797,Female,CSE,4.08,42.5,66.1,0,4.7,77.7,6,1,3,2,3,3,1,7.2,6,No,Medium,Tier 2,Yes,Low,Not Placed,0.0
798,Male,EE,3.49,44.2,60.8,1,4.5,63.7,3,1,2,4,1,2,1,7.9,6,No,High,Tier 1,Yes,Low,Not Placed,0.0
799,Female,EE,7.64,56.6,59.6,0,6.3,96.1,4,1,4,4,2,3,1,7.5,6,No,High,Tier 1,No,Medium,Placed,14.96
800,Female,CSE,0.97,27.5,25.7,0,1.3,51.1,0,1,1,4,0,0,1,7.3,6,No,High,Tier 1,Yes,High,Not Placed,0.0
801,Female,CSE,3.51,43.6,60.9,4,6.6,62.0,2,1,2,5,2,3,2,5.5,4,No,Medium,Tier 1,Yes,Low,Not Placed,0.0
802,Male,CSE,8.37,82.8,100.0,0,7.3,100.0,4,2,2,2,5,2,3,6.8,3,No,Medium,Tier 3,Yes,Low,Placed,14.22
803,Male,CSE,0.67,22.9,30.4,0,1.3,23.3,1,0,1,5,2,1,3,9.3,6,No,Low,Tier 1,Yes,Medium,Not Placed,0.0
804,Female,ME,9.42,80.7,89.7,0,8.8,83.3,6,2,5,4,5,2,2,7.6,4,No,High,Tier 2,Yes,Low,Placed,17.76
805,Male,ECE,9.86,100.0,86.8,0,8.4,84.3,5,4,5,3,4,4,3,8.4,7,No,Medium,Tier 2,Yes,High,Placed,18.96
806,Female,CSE,0.89,21.5,47.3,0,1.0,36.7,0,0,0,5,4,0,2,9.4,3,Yes,Medium,Tier 1,Yes,High,Not Placed,0.0
807,Female,CSE,2.91,38.3,48.6,0,4.0,60.7,3,3,1,3,2,0,0,5.6,5,Yes,Low,Tier 2,Yes,High,Not Placed,0.0
808,Female,EE,3.72,37.0,39.3,0,3.3,43.9,3,1,3,3,2,2,1,10.0,6,No,Medium,Tier 1,Yes,Medium,Not Placed,0.0
809,Male,IT,7.76,81.2,78.0,1,8.5,87.6,2,2,2,3,3,2,3,8.2,8,No,Medium,Tier 3,Yes,Low,Placed,14.68
810,Male,ECE,5.96,79.5,68.8,1,6.2,63.7,4,1,4,1,5,3,1,8.4,5,No,Low,Tier 1,Yes,Medium,Placed,13.39
811,Female,CSE,6.44,80.1,75.0,1,5.7,69.5,5,1,3,4,4,1,4,6.2,6,No,Low,Tier 2,Yes,Medium,Placed,14.57
812,Female,EE,7.58,88.0,69.6,0,6.9,82.9,3,3,4,4,3,2,1,7.9,7,No,Medium,Tier 3,Yes,Medium,Placed,15.85
813,Male,ME,1.18,30.5,21.3,0,3.2,62.3,2,1,1,3,0,1,0,6.0,7,No,High,Tier 3,Yes,Medium,Not Placed,0.0
814,Female,CSE,8.33,82.2,68.1,0,7.5,76.4,3,2,3,5,2,1,1,7.2,6,No,Medium,Tier 1,Yes,Medium,Placed,16.11
815,Female,CSE,7.06,60.5,84.9,0,8.6,76.4,3,2,5,2,3,3,1,7.4,9,No,High,Tier 2,Yes,Medium,Placed,16.24
816,Male,CSE,5.77,62.0,60.7,0,6.7,56.7,5,3,4,1,2,5,0,6.7,5,No,Low,Tier 1,Yes,Medium,Placed,14.48
817,Male,CSE,8.9,88.3,93.9,0,8.2,79.7,5,3,5,5,3,4,2,8.4,9,No,Medium,Tier 1,Yes,Low,Placed,19.09
818,Male,ECE,7.0,85.0,88.2,0,5.5,64.0,6,3,5,4,5,5,3,6.4,7,No,Medium,Tier 2,Yes,Medium,Placed,17.61
819,Male,CE,2.02,35.3,36.4,1,2.8,50.1,3,1,2,4,3,0,3,4.6,6,Yes,Medium,Tier 1,No,Medium,Not Placed,0.0
820,Male,ECE,4.3,67.7,51.3,0,5.0,65.9,3,1,3,3,4,2,0,6.7,6,No,Low,Tier 1,Yes,Low,Not Placed,0.0
821,Female,ME,4.94,69.0,59.5,4,4.1,72.9,2,2,2,3,1,1,2,8.5,7,No,Low,Tier 3,Yes,Medium,Not Placed,0.0
822,Male,ECE,0.55,15.1,23.0,1,3.2,29.3,1,2,2,1,0,0,0,9.9,4,Yes,High,Tier 2,Yes,High,Not Placed,0.0
823,Male,IT,9.55,78.2,100.0,0,7.2,98.4,4,3,5,3,4,2,1,8.6,6,No,Medium,Tier 3,No,Medium,Placed,18.81
824,Male,IT,1.29,39.8,31.4,0,1.8,44.1,2,1,2,2,3,2,1,8.3,5,No,High,Tier 1,Yes,Medium,Not Placed,0.0
825,Male,CSE,6.97,87.8,68.3,0,5.8,76.1,2,2,3,3,4,3,2,6.5,9,No,High,Tier 2,Yes,Medium,Placed,14.87
826,Female,ECE,5.06,44.3,69.0,1,5.8,50.5,3,1,2,4,5,1,0,9.8,4,No,Medium,Tier 3,Yes,Low,Placed,12.16
827,Male,IT,0.26,32.3,32.4,0,0.9,38.4,0,1,1,2,2,0,4,7.8,9,No,Medium,Tier 3,Yes,Low,Not Placed,0.0
828,Male,CSE,9.25,97.4,78.6,0,6.2,92.7,3,4,5,4,4,4,2,7.9,5,No,Medium,Tier 3,Yes,Medium,Placed,17.93
829,Female,ECE,8.52,89.0,100.0,0,8.6,87.3,3,3,3,3,5,2,2,7.8,3,No,High,Tier 1,Yes,Medium,Placed,15.72
830,Male,ECE,5.24,75.7,63.6,0,4.7,71.2,4,3,4,4,1,4,2,5.6,4,Yes,Medium,Tier 2,Yes,High,Placed,17.02
831,Male,EE,2.29,47.9,39.2,3,2.0,57.1,0,2,1,3,0,2,3,7.5,4,No,Medium,Tier 3,Yes,High,Not Placed,0.0
832,Male,ECE,1.22,31.9,37.8,0,1.6,29.1,1,1,1,4,2,0,1,5.3,9,No,Medium,Tier 2,Yes,Low,Not Placed,0.0
833,Male,ME,3.63,50.6,41.4,0,5.8,54.2,1,1,1,2,2,1,3,8.0,3,No,High,Tier 2,No,Low,Not Placed,0.0
834,Male,ECE,2.55,42.8,47.9,0,2.6,56.5,1,0,1,1,4,0,0,7.4,6,No,Medium,Tier 1,Yes,Low,Not Placed,0.0
835,Male,IT,5.07,54.1,54.8,2,4.9,62.2,3,3,3,1,1,4,0,6.2,8,No,Medium,Tier 2,Yes,High,Placed,11.0
836,Male,ECE,9.66,96.6,80.5,0,7.8,100.0,6,3,5,2,5,4,1,8.4,10,Yes,Low,Tier 3,Yes,Low,Placed,17.58
837,Female,ME,5.75,54.9,54.0,1,4.3,70.6,3,1,3,1,4,3,0,6.6,5,Yes,Medium,Tier 1,Yes,Medium,Placed,13.13
838,Male,ECE,8.9,87.3,94.9,2,7.0,64.9,3,2,4,5,4,3,1,6.6,6,No,High,Tier 3,Yes,Low,Placed,16.96
839,Male,IT,6.51,66.7,60.6,2,4.8,84.1,2,1,2,3,4,3,0,7.6,3,No,Medium,Tier 1,Yes,Medium,Not Placed,0.0
840,Female,IT,4.75,49.0,72.1,0,5.8,62.1,4,3,3,4,2,3,0,7.0,5,No,High,Tier 2,Yes,Medium,Placed,12.85
841,Male,ECE,8.55,89.0,98.3,0,7.6,65.1,6,3,4,4,5,4,2,7.3,10,No,High,Tier 2,No,Medium,Placed,16.88
842,Female,CSE,4.71,51.8,69.0,0,7.3,60.2,4,0,3,3,3,1,1,8.2,7,No,Medium,Tier 3,Yes,Medium,Placed,12.65
843,Male,CSE,8.69,93.9,88.8,0,6.9,71.9,3,2,4,5,5,3,1,6.1,8,No,Medium,Tier 2,Yes,Medium,Placed,18.23
844,Female,CSE,2.92,23.6,43.9,0,2.7,61.6,2,1,2,5,2,3,2,6.0,7,Yes,Medium,Tier 2,Yes,Medium,Not Placed,0.0
845,Male,ME,1.29,24.8,16.4,0,3.9,42.3,2,0,1,5,0,0,4,6.7,8,No,Medium,Tier 3,Yes,Medium,Not Placed,0.0
846,Male,CSE,8.55,89.0,96.4,0,8.5,75.2,4,3,5,2,3,4,3,6.9,9,No,High,Tier 2,Yes,Medium,Placed,19.87
847,Male,CSE,5.87,61.8,68.8,0,6.0,80.0,4,3,4,5,2,4,0,7.8,5,Yes,High,Tier 1,Yes,High,Placed,15.51
848,Female,IT,8.89,88.8,94.8,0,6.6,93.8,5,4,4,1,4,4,0,9.3,7,No,Low,Tier 2,Yes,Low,Placed,17.8
849,Male,CSE,9.38,78.9,100.0,0,9.8,88.5,5,2,5,5,4,4,2,6.9,4,No,Low,Tier 2,Yes,High,Placed,18.74
850,Male,ECE,0.54,23.2,16.3,1,1.8,23.3,3,0,3,0,0,3,1,7.0,1,No,Low,Tier 1,Yes,Medium,Not Placed,0.0
851,Male,CSE,5.01,64.1,56.8,0,4.6,55.0,3,2,3,3,3,3,1,6.2,6,No,Medium,Tier 2,Yes,Low,Placed,14.39
852,Female,EE,3.75,51.8,51.3,1,5.3,47.2,2,2,3,4,1,3,2,6.1,6,Yes,Low,Tier 2,Yes,Medium,Not Placed,0.0
853,Male,ME,6.26,78.6,58.7,0,5.9,81.5,3,1,3,3,3,2,2,7.8,5,No,Medium,Tier 1,No,Low,Placed,13.99
854,Female,ME,7.94,84.5,79.6,5,5.9,62.5,3,3,3,1,3,3,3,7.0,4,No,Medium,Tier 2,Yes,Medium,Not Placed,0.0
855,Male,ECE,2.81,43.7,45.4,2,3.5,51.3,1,1,2,3,2,3,3,8.5,6,No,Medium,Tier 2,Yes,High,Not Placed,0.0
856,Male,IT,5.57,63.9,59.3,0,4.6,65.4,3,3,3,3,3,2,0,8.4,6,No,Medium,Tier 3,Yes,High,Placed,13.69
857,Male,CSE,7.09,82.1,87.8,0,3.5,90.0,5,3,5,3,3,3,0,8.0,9,No,High,Tier 2,Yes,High,Placed,16.83
858,Male,CSE,1.34,10.6,13.6,0,1.6,45.8,1,0,1,3,1,1,2,5.2,7,No,Medium,Tier 3,Yes,Medium,Not Placed,0.0
859,Male,CSE,8.14,75.3,94.3,0,6.7,90.3,5,1,4,4,3,4,1,7.8,7,No,Medium,Tier 3,No,Medium,Placed,15.66
860,Male,ECE,6.06,82.4,73.1,1,4.6,65.1,4,1,4,4,4,3,1,5.9,4,No,Medium,Tier 2,Yes,Low,Placed,15.19
861,Female,ECE,9.5,71.1,88.3,0,8.7,77.2,5,1,5,3,5,4,1,4.7,4,No,Low,Tier 2,No,Low,Placed,17.48
862,Male,ECE,3.4,42.5,36.0,0,3.1,51.5,2,1,2,5,2,2,2,7.3,4,Yes,Medium,Tier 3,Yes,Medium,Not Placed,0.0
863,Male,CSE,1.08,35.9,5.8,0,2.7,50.8,1,1,1,3,1,0,0,8.6,5,No,Medium,Tier 2,Yes,High,Not Placed,0.0
864,Male,ECE,5.07,57.2,50.6,2,3.8,74.7,1,2,2,2,1,4,1,7.9,6,No,Medium,Tier 2,Yes,Low,Not Placed,0.0
865,Male,IT,0.86,18.3,35.4,0,3.0,35.0,1,0,0,5,1,0,1,5.9,6,No,Low,Tier 1,Yes,High,Not Placed,0.0
866,Male,ECE,9.7,98.7,95.0,2,7.0,82.9,2,4,3,5,3,2,0,10.0,4,No,High,Tier 2,Yes,Low,Placed,18.06
867,Male,IT,0.39,14.8,32.7,0,0.0,24.7,1,2,1,2,1,1,1,8.0,1,Yes,Low,Tier 2,Yes,Low,Not Placed,0.0
868,Male,CSE,7.54,79.4,72.1,0,8.0,78.6,5,2,5,2,5,2,4,6.0,5,No,Medium,Tier 1,Yes,Low,Placed,18.13
869,Female,ME,5.25,52.8,67.1,0,4.3,68.1,4,3,4,5,1,2,2,4.5,7,No,High,Tier 1,Yes,Medium,Placed,13.23
870,Female,ECE,3.69,57.5,40.3,0,5.8,74.8,3,1,3,3,1,1,1,6.8,5,No,Low,Tier 1,Yes,Medium,Not Placed,0.0
871,Male,CSE,0.66,34.8,13.6,2,2.5,40.4,1,0,3,3,0,3,3,4.6,5,No,Low,Tier 1,No,Low,Not Placed,0.0
872,Male,CSE,6.22,66.5,66.7,2,6.6,79.7,3,3,3,3,2,1,2,5.8,2,No,Low,Tier 3,Yes,High,Placed,12.85
873,Female,IT,5.85,50.9,58.2,0,6.6,60.7,5,1,3,5,4,3,1,5.0,6,Yes,Medium,Tier 3,Yes,Medium,Placed,11.66
874,Male,ME,2.81,33.6,25.1,0,3.6,52.4,1,0,3,5,2,1,0,6.1,6,Yes,Low,Tier 1,Yes,High,Not Placed,0.0
875,Male,ECE,9.1,90.5,89.0,0,8.0,91.3,6,3,4,3,5,4,2,6.4,4,No,High,Tier 3,Yes,High,Placed,18.47
876,Male,CSE,3.04,45.9,43.4,0,4.9,51.6,2,1,1,5,1,0,5,6.0,7,No,Medium,Tier 2,Yes,Medium,Not Placed,0.0
877,Female,ME,4.5,43.2,66.7,0,4.8,61.7,2,0,2,2,1,2,1,9.8,8,No,Medium,Tier 2,No,Low,Not Placed,0.0
878,Female,IT,5.44,53.5,70.9,0,4.6,69.2,3,2,3,3,4,3,0,6.8,10,Yes,Low,Tier 2,Yes,Medium,Placed,14.3
879,Male,ECE,1.0,28.6,38.2,2,2.8,46.8,3,0,1,4,1,1,3,8.6,4,Yes,Low,Tier 2,Yes,Low,Not Placed,0.0
880,Male,ECE,9.32,100.0,99.8,1,5.9,100.0,2,2,4,2,4,2,2,7.7,6,No,High,Tier 2,Yes,Low,Placed,16.71
881,Male,CSE,3.75,40.7,51.3,0,5.4,30.3,5,2,3,4,4,3,3,6.8,3,Yes,High,Tier 1,Yes,Low,Not Placed,0.0
882,Female,IT,0.81,8.6,12.2,2,3.4,53.2,2,0,1,2,1,1,1,6.4,7,No,Low,Tier 2,Yes,High,Not Placed,0.0
883,Male,ECE,3.87,80.7,50.5,0,5.4,37.7,5,2,4,1,3,1,3,8.6,6,Yes,Low,Tier 2,Yes,Medium,Not Placed,0.0
884,Male,EE,6.0,73.8,72.0,0,6.9,74.7,1,2,2,1,2,2,3,5.8,2,No,Medium,Tier 3,Yes,Medium,Placed,14.08
885,Female,ECE,5.14,56.0,73.7,0,5.0,94.1,3,2,3,3,2,5,0,6.2,6,No,Medium,Tier 1,Yes,Low,Placed,13.65
886,Male,ECE,6.95,82.8,80.5,1,6.3,76.2,1,3,3,4,3,3,3,6.2,5,No,Medium,Tier 3,Yes,High,Placed,16.09
887,Female,ECE,0.55,18.4,34.8,2,0.7,40.5,3,1,1,1,2,0,0,7.1,3,No,High,Tier 2,Yes,Low,Not Placed,0.0
888,Male,CE,2.85,47.9,30.5,2,5.2,48.4,2,1,3,3,2,3,1,5.9,5,No,Medium,Tier 3,Yes,Medium,Not Placed,0.0
889,Male,ME,8.19,86.2,80.3,1,6.7,92.1,3,3,4,3,4,3,0,8.1,10,No,Medium,Tier 2,Yes,Low,Placed,16.03
890,Male,ECE,0.8,22.7,28.7,0,2.4,44.1,0,1,1,3,0,2,0,8.3,7,No,Low,Tier 1,Yes,Low,Not Placed,0.0
891,Female,IT,8.55,86.5,98.0,0,7.7,78.2,5,2,5,2,2,3,4,6.1,4,No,Medium,Tier 3,Yes,High,Placed,17.44
892,Female,ECE,0.92,8.3,23.9,0,0.8,39.1,2,2,2,3,0,3,1,7.6,5,Yes,Medium,Tier 1,Yes,Medium,Not Placed,0.0
893,Female,ECE,8.34,100.0,83.9,2,5.6,71.6,3,3,4,3,4,4,2,6.0,2,No,Medium,Tier 3,Yes,Low,Placed,17.49
894,Male,CSE,3.61,36.3,53.8,4,4.0,55.2,3,1,3,4,1,3,3,7.2,3,No,Low,Tier 2,Yes,Medium,Not Placed,0.0
895,Female,ECE,6.12,53.4,55.7,0,5.3,66.7,3,1,4,1,5,5,5,8.4,9,No,High,Tier 2,Yes,Low,Placed,14.38
896,Male,CSE,1.53,25.9,46.3,1,2.5,45.8,0,1,0,3,2,1,3,7.1,7,No,Medium,Tier 1,Yes,Medium,Not Placed,0.0
897,Male,CE,0.66,11.0,14.5,0,3.0,30.4,1,1,1,1,1,2,3,6.9,6,No,Medium,Tier 2,Yes,Low,Not Placed,0.0
898,Female,CSE,2.16,32.8,16.1,0,3.2,45.4,4,0,2,3,1,3,2,9.7,6,No,Medium,Tier 3,Yes,Low,Not Placed,0.0
899,Male,EE,1.28,32.8,28.3,0,3.2,42.8,2,0,1,2,0,2,4,7.4,8,No,Low,Tier 1,Yes,Low,Not Placed,0.0
900,Male,ECE,3.12,51.5,59.9,2,4.1,54.7,3,0,2,2,4,2,2,6.0,6,No,Medium,Tier 3,Yes,Medium,Not Placed,0.0
901,Male,IT,5.14,66.8,65.0,0,4.8,69.1,3,2,3,3,5,2,1,5.9,5,No,Medium,Tier 2,Yes,Low,Placed,14.28
902,Male,ECE,5.89,62.0,72.6,2,4.6,68.2,4,2,4,2,3,2,3,9.7,5,Yes,High,Tier 1,Yes,Medium,Placed,14.79
903,Male,CSE,7.9,82.6,81.6,0,7.3,73.0,5,2,4,5,2,3,1,6.1,5,No,Medium,Tier 3,Yes,Medium,Placed,16.1
904,Male,ECE,6.56,74.8,69.0,0,6.2,75.3,4,2,3,4,3,3,1,6.2,5,No,Medium,Tier 1,Yes,Low,Placed,15.03
905,Male,CSE,6.09,49.2,51.3,0,6.7,69.4,2,3,2,4,3,2,0,7.0,9,No,Medium,Tier 3,Yes,Medium,Placed,10.93
906,Female,IT,4.12,55.7,28.4,2,4.2,72.0,3,2,3,4,2,2,2,7.9,3,No,Medium,Tier 2,Yes,Medium,Not Placed,0.0
907,Female,ECE,4.74,40.7,57.9,0,4.5,77.2,1,2,2,3,1,1,0,5.5,4,No,Medium,Tier 3,Yes,High,Not Placed,0.0
908,Male,IT,4.15,70.7,64.3,1,4.2,43.4,2,2,2,5,4,2,2,6.7,2,Yes,Medium,Tier 3,Yes,Medium,Not Placed,0.0
909,Male,CSE,8.42,82.5,88.8,0,6.5,92.9,2,3,3,3,3,3,0,5.4,8,Yes,Medium,Tier 2,Yes,Low,Placed,14.82
910,Male,CSE,2.3,32.7,42.6,0,4.6,58.6,2,1,3,5,0,2,1,6.8,6,No,Low,Tier 3,Yes,Low,Not Placed,0.0
911,Male,ECE,0.06,7.8,34.3,2,2.7,19.2,2,0,1,2,1,2,0,8.0,9,No,Low,Tier 2,Yes,Medium,Not Placed,0.0
912,Male,CE,6.51,64.0,73.4,0,4.8,81.0,3,2,4,2,4,3,0,6.7,4,No,Medium,Tier 3,Yes,High,Placed,15.2
913,Female,IT,2.02,54.9,32.9,2,3.7,57.9,3,1,2,1,2,1,1,9.4,4,No,Low,Tier 2,Yes,Low,Not Placed,0.0
914,Male,ECE,8.9,100.0,81.0,0,5.9,77.0,5,3,4,2,3,3,1,6.0,3,No,Medium,Tier 1,Yes,High,Placed,18.04
915,Male,ECE,8.59,72.5,100.0,0,8.5,83.7,5,3,5,1,3,3,2,7.3,6,No,High,Tier 2,No,Medium,Placed,17.99
916,Male,CSE,0.77,36.6,29.4,1,1.3,41.9,0,0,0,3,0,2,0,8.6,5,No,High,Tier 3,Yes,Low,Not Placed,0.0
917,Male,EE,1.06,35.9,17.0,2,2.6,48.2,2,0,0,4,1,1,2,8.2,6,No,High,Tier 1,Yes,High,Not Placed,0.0
918,Female,IT,4.95,54.3,45.9,0,3.0,52.8,3,2,2,3,2,2,0,10.0,5,Yes,Medium,Tier 3,Yes,High,Not Placed,0.0
919,Female,CSE,6.09,69.8,79.3,0,4.6,85.4,5,2,4,1,4,4,1,7.4,8,No,Low,Tier 2,Yes,Low,Placed,14.78
920,Male,ECE,2.75,38.2,29.6,0,3.9,27.1,1,2,2,2,1,1,1,5.9,8,No,Low,Tier 2,Yes,High,Not Placed,0.0
921,Female,CSE,7.17,95.7,93.9,0,5.8,93.9,3,1,3,4,4,2,4,7.1,6,No,High,Tier 3,Yes,Low,Placed,15.23
922,Male,EE,5.95,57.6,38.0,0,4.8,77.3,3,4,3,3,4,2,2,6.0,8,No,Medium,Tier 2,Yes,Medium,Not Placed,0.0
923,Female,CSE,3.25,44.1,58.2,0,5.2,47.0,3,3,3,2,1,1,3,7.1,5,No,Low,Tier 3,No,Low,Not Placed,0.0
924,Female,IT,0.25,12.8,24.9,2,3.9,46.9,1,0,0,1,1,0,1,8.5,5,Yes,Medium,Tier 2,Yes,Medium,Not Placed,0.0
925,Male,CSE,7.5,64.4,79.2,1,7.7,67.4,4,3,4,2,5,4,0,7.8,1,No,High,Tier 2,No,Low,Placed,15.51
926,Male,IT,2.15,55.2,33.4,0,1.9,49.3,3,2,1,2,1,0,2,6.9,7,No,Medium,Tier 3,Yes,Medium,Not Placed,0.0
927,Male,IT,8.34,74.1,100.0,2,9.1,87.9,5,2,5,3,4,3,1,6.2,6,Yes,Medium,Tier 1,No,High,Placed,16.62
928,Male,IT,4.2,52.9,58.7,0,2.9,63.0,2,2,3,4,2,2,4,7.4,7,No,Low,Tier 2,Yes,Medium,Not Placed,0.0
929,Female,IT,5.77,46.6,55.1,0,5.2,59.5,2,3,2,3,3,2,2,7.6,7,No,Low,Tier 1,Yes,High,Not Placed,0.0
930,Male,ME,8.73,85.2,70.7,2,7.7,81.4,3,1,4,3,5,3,1,5.5,4,Yes,High,Tier 1,Yes,Low,Placed,14.79
931,Male,CSE,8.64,92.7,88.9,2,9.5,88.4,2,2,2,4,5,2,1,5.8,5,No,Low,Tier 1,Yes,Medium,Placed,14.82
932,Female,CSE,3.72,38.4,47.7,0,5.0,48.6,3,2,3,2,3,3,2,6.7,5,No,High,Tier 3,Yes,High,Not Placed,0.0
933,Female,CSE,2.09,38.6,19.5,1,2.5,50.8,4,1,4,5,2,2,0,5.4,8,No,High,Tier 1,Yes,Medium,Not Placed,0.0
934,Male,EE,7.75,78.2,79.4,0,6.0,74.1,3,2,2,2,3,1,2,4.8,9,No,Low,Tier 2,Yes,High,Placed,14.9
935,Male,ECE,4.33,63.4,46.9,2,5.5,73.0,1,1,1,4,3,1,4,5.8,7,No,High,Tier 2,Yes,Low,Not Placed,0.0
936,Male,IT,1.92,44.9,33.5,0,2.3,65.3,3,0,2,2,0,1,1,7.5,9,No,High,Tier 3,Yes,High,Not Placed,0.0
937,Male,IT,9.04,86.0,97.6,1,8.0,85.7,2,3,4,3,5,2,2,7.1,7,No,High,Tier 3,Yes,Low,Placed,16.4
938,Female,CSE,1.98,32.6,48.8,0,1.5,57.9,0,0,1,3,3,2,0,6.5,4,Yes,High,Tier 2,Yes,Low,Not Placed,0.0
939,Male,CSE,0.26,19.0,29.2,0,2.3,34.0,2,1,0,5,2,0,7,5.9,3,No,High,Tier 3,Yes,Low,Not Placed,0.0
940,Male,CSE,0.2,22.9,12.4,0,2.1,25.0,2,0,1,3,1,1,2,7.4,4,No,Medium,Tier 2,No,High,Not Placed,0.0
941,Male,ECE,6.22,68.0,71.4,0,4.6,67.2,5,2,4,5,4,4,5,7.4,5,No,Medium,Tier 3,No,Low,Placed,15.83
942,Male,CSE,6.62,73.2,71.6,1,7.2,75.7,6,3,5,3,2,3,2,8.5,4,No,Low,Tier 3,No,High,Placed,13.47
943,Female,CSE,3.11,39.0,29.6,3,4.2,32.2,3,3,3,5,1,2,2,4.0,6,No,Low,Tier 3,Yes,Low,Not Placed,0.0
944,Female,ME,3.2,43.4,47.6,1,4.5,61.7,1,0,1,1,1,2,2,4.9,5,Yes,Medium,Tier 2,Yes,Low,Not Placed,0.0
945,Male,EE,3.39,56.8,63.7,0,3.5,56.4,1,0,2,4,2,0,4,8.1,6,No,Medium,Tier 3,No,Medium,Not Placed,0.0
946,Male,CSE,6.8,79.3,72.7,2,6.4,87.8,4,2,4,0,3,3,2,7.6,10,Yes,Medium,Tier 2,Yes,High,Placed,13.72
947,Male,CSE,0.58,26.9,6.7,0,2.0,45.8,0,0,0,3,2,0,1,8.1,7,No,Low,Tier 2,Yes,High,Not Placed,0.0
948,Female,CSE,9.29,100.0,92.6,0,7.9,92.2,7,3,5,4,3,5,3,5.9,6,No,High,Tier 1,Yes,Low,Placed,19.53
949,Female,IT,2.23,32.4,23.7,2,3.2,44.1,1,2,2,5,3,1,3,6.5,8,No,Low,Tier 2,No,High,Not Placed,0.0
950,Male,ME,10.0,100.0,100.0,0,9.8,100.0,5,4,5,4,4,5,1,5.5,4,No,Low,Tier 2,Yes,Low,Placed,18.31
951,Female,CSE,1.72,18.8,37.0,2,3.8,71.4,4,0,2,3,1,1,2,4.2,4,No,Medium,Tier 1,Yes,Medium,Not Placed,0.0
952,Female,CSE,7.72,93.3,78.1,1,5.7,77.3,4,2,4,4,5,3,3,7.2,7,No,Medium,Tier 2,Yes,Low,Placed,16.06
953,Male,IT,2.23,6.1,32.5,0,4.0,60.9,1,1,1,5,2,0,6,8.7,5,No,Medium,Tier 1,No,Low,Not Placed,0.0
954,Female,IT,0.81,21.0,22.4,0,3.3,31.4,0,1,0,3,0,0,4,6.8,6,No,Medium,Tier 2,Yes,High,Not Placed,0.0
955,Male,CSE,8.75,100.0,88.1,0,7.5,80.4,4,3,5,4,5,4,1,6.1,3,No,High,Tier 3,Yes,Low,Placed,17.98
956,Male,IT,8.59,74.4,79.0,4,8.0,81.9,5,4,4,2,4,3,1,5.7,5,No,Medium,Tier 2,Yes,Medium,Not Placed,0.0
957,Male,CSE,4.04,53.3,36.4,0,4.8,67.5,4,2,2,4,0,3,0,8.3,5,No,Medium,Tier 3,Yes,High,Not Placed,0.0
958,Male,ECE,7.02,67.9,85.5,0,5.6,64.2,4,2,5,4,3,5,3,7.1,5,No,High,Tier 3,Yes,Low,Placed,16.09
959,Male,IT,5.57,58.7,58.7,0,5.0,87.0,4,3,4,2,3,2,3,7.1,10,No,High,Tier 2,Yes,High,Placed,13.18
960,Female,ME,8.53,97.0,87.9,0,8.2,97.4,6,3,3,4,3,2,2,5.3,10,No,Medium,Tier 2,Yes,Low,Placed,16.44
961,Male,ECE,3.15,43.8,46.1,1,3.2,61.8,3,1,2,4,3,0,2,5.9,8,No,Low,Tier 2,Yes,Medium,Not Placed,0.0
962,Female,CE,5.24,39.2,63.1,0,6.1,62.9,3,1,2,4,2,0,2,7.9,6,Yes,Low,Tier 2,Yes,Medium,Not Placed,0.0
963,Male,ECE,4.85,46.5,45.1,5,6.2,74.1,2,2,3,3,3,2,2,6.4,4,No,Medium,Tier 3,Yes,High,Not Placed,0.0
964,Male,IT,3.54,54.8,29.6,0,5.1,21.2,2,0,0,4,2,2,1,6.2,3,No,Medium,Tier 1,Yes,Low,Not Placed,0.0
965,Male,ECE,8.91,95.2,83.4,0,9.7,93.8,3,4,3,2,5,1,2,10.0,6,No,Low,Tier 2,Yes,Low,Placed,17.09
966,Male,ME,1.66,46.6,35.2,0,2.6,46.9,1,0,1,3,3,1,2,7.1,8,No,Medium,Tier 2,Yes,Medium,Not Placed,0.0
967,Female,CE,1.5,44.6,22.7,4,2.7,21.4,4,0,2,3,2,2,3,6.8,7,No,High,Tier 3,Yes,Medium,Not Placed,0.0
968,Male,CSE,5.77,60.6,60.6,0,5.9,74.5,3,0,3,4,5,2,1,6.8,6,No,Low,Tier 3,Yes,Low,Placed,14.37
969,Male,CE,6.57,95.9,91.8,0,6.0,81.5,4,2,4,2,4,4,0,6.2,7,No,Medium,Tier 3,Yes,Medium,Placed,15.2
970,Male,ME,1.95,31.8,15.1,0,3.4,24.5,4,0,2,3,2,2,0,6.9,5,No,Medium,Tier 3,Yes,Medium,Not Placed,0.0
971,Female,IT,3.91,38.6,41.7,0,2.5,44.2,3,2,4,2,3,3,3,9.3,5,No,High,Tier 2,Yes,Low,Not Placed,0.0
972,Female,CSE,9.47,89.2,100.0,0,8.3,100.0,5,2,5,3,2,4,0,7.5,3,Yes,Low,Tier 2,No,High,Placed,18.02
973,Female,ME,2.47,13.4,37.3,1,1.9,47.6,1,1,1,3,1,1,2,5.1,5,No,Low,Tier 1,Yes,Medium,Not Placed,0.0
974,Male,ME,6.68,87.9,64.4,0,5.2,86.8,4,2,4,1,3,2,3,6.5,6,No,Medium,Tier 3,Yes,Medium,Placed,14.49
975,Male,CSE,7.4,93.8,88.9,0,7.4,92.9,4,1,4,5,4,3,1,7.1,5,No,High,Tier 2,Yes,Medium,Placed,16.35
976,Male,EE,4.48,42.9,54.4,1,4.4,66.6,6,2,5,4,3,3,2,5.2,3,No,High,Tier 2,Yes,Medium,Not Placed,0.0
977,Male,CSE,9.38,92.5,89.6,0,8.8,100.0,6,3,4,2,5,3,2,6.4,6,No,Medium,Tier 1,Yes,Low,Placed,17.7
978,Male,CSE,7.37,78.6,78.9,0,6.4,53.9,4,2,4,3,2,2,0,5.8,6,No,Low,Tier 1,Yes,Low,Placed,15.63
979,Male,ECE,4.58,44.3,48.1,0,5.8,59.7,2,2,2,5,1,1,0,6.5,5,No,High,Tier 1,Yes,Medium,Placed,12.74
980,Male,ECE,5.69,45.8,53.3,0,5.2,32.2,3,2,2,3,2,1,3,7.1,5,Yes,Low,Tier 3,Yes,Medium,Placed,13.8
981,Male,IT,6.93,71.8,72.3,0,4.4,55.6,4,2,4,2,5,4,0,7.8,1,No,Medium,Tier 2,Yes,Medium,Placed,14.0
982,Female,CSE,5.92,62.1,55.3,0,5.9,64.0,3,3,3,2,2,1,3,5.6,7,No,Medium,Tier 3,Yes,High,Placed,14.16
983,Male,EE,8.79,85.8,88.4,0,5.5,79.8,4,3,5,4,3,5,1,6.9,6,No,Low,Tier 2,Yes,Medium,Placed,19.46
984,Male,CSE,3.57,47.6,50.1,0,2.5,56.9,2,1,3,4,2,3,2,6.6,8,Yes,Medium,Tier 1,Yes,Low,Not Placed,0.0
985,Female,CSE,3.0,54.8,50.5,0,2.7,52.8,2,2,2,3,0,0,1,6.7,5,No,Medium,Tier 1,Yes,Medium,Not Placed,0.0
986,Male,CSE,2.14,30.2,46.4,5,2.0,49.4,0,0,1,3,1,0,1,6.0,7,No,High,Tier 3,Yes,Medium,Not Placed,0.0
987,Female,ECE,0.38,19.9,17.0,4,1.2,39.4,0,1,0,4,2,0,2,6.9,8,No,Medium,Tier 2,Yes,High,Not Placed,0.0
988,Male,CE,0.43,25.9,26.4,2,0.8,41.6,2,0,0,3,1,1,2,7.6,6,No,High,Tier 2,Yes,Medium,Not Placed,0.0
989,Male,IT,8.7,94.5,92.5,0,6.2,75.7,4,4,4,2,5,4,3,5.3,6,No,Low,Tier 2,Yes,Low,Placed,17.94
990,Female,ME,6.78,66.5,75.5,0,7.8,67.0,5,2,4,5,2,3,0,9.1,6,No,Medium,Tier 2,Yes,High,Placed,15.64
991,Female,CSE,6.61,72.1,66.1,2,5.4,74.2,4,3,4,4,3,4,4,8.1,2,Yes,Medium,Tier 1,Yes,Medium,Placed,14.27
992,Female,ECE,6.15,72.8,56.9,0,3.6,71.6,5,1,4,2,3,3,2,5.1,6,No,Low,Tier 3,Yes,High,Placed,13.99
993,Male,ECE,8.49,75.9,90.9,0,7.1,73.0,4,4,5,3,4,5,1,8.7,4,Yes,High,Tier 3,Yes,Medium,Placed,18.53
994,Male,ECE,4.8,68.4,39.3,0,3.7,76.8,3,2,2,3,1,2,2,8.8,4,No,High,Tier 2,Yes,High,Not Placed,0.0
995,Male,CSE,8.7,100.0,84.9,0,6.7,95.9,4,2,4,3,3,3,1,6.4,7,No,Medium,Tier 2,Yes,Low,Placed,18.83
996,Male,IT,3.59,38.3,21.2,2,4.7,46.2,1,2,1,3,3,2,1,7.2,8,No,Medium,Tier 1,Yes,Low,Not Placed,0.0
997,Female,ECE,9.27,95.7,78.8,1,7.5,88.1,5,2,5,2,4,4,3,7.1,7,No,Medium,Tier 1,Yes,Low,Placed,16.63
998,Male,IT,6.99,80.8,65.1,1,5.2,100.0,2,2,3,4,2,4,3,5.3,7,No,Low,Tier 3,Yes,High,Placed,12.89
999,Female,ECE,2.57,31.4,49.5,2,3.7,52.3,3,0,3,3,4,2,1,8.2,6,No,Low,Tier 2,Yes,High,Not Placed,0.0
1000,Male,CSE,5.64,67.8,70.0,0,6.6,73.6,5,3,5,1,3,4,2,4.7,7,No,Medium,Tier 3,No,Medium,Placed,15.55
1001,Male,IT,5.33,61.9,55.1,1,5.8,59.7,3,3,3,3,3,2,0,7.3,9,Yes,Medium,Tier 1,Yes,High,Placed,12.39
1002,Male,CSE,1.38,12.1,36.3,0,0.0,39.5,4,0,2,2,2,0,1,8.9,4,Yes,Medium,Tier 2,Yes,High,Not Placed,0.0
1003,Female,ME,5.91,69.8,74.2,1,4.5,88.6,3,1,3,0,3,3,0,5.0,4,No,Low,Tier 3,Yes,Low,Placed,13.35
1004,Female,IT,3.15,30.8,41.6,0,3.8,55.3,4,0,2,3,1,0,1,6.6,7,No,Low,Tier 2,Yes,Low,Not Placed,0.0
1005,Female,CSE,0.52,28.8,8.3,1,1.6,37.3,1,0,1,4,1,3,5,8.4,2,No,High,Tier 2,Yes,Low,Not Placed,0.0
1006,Female,EE,9.49,89.0,91.8,4,7.8,92.0,4,3,4,3,4,3,2,7.5,5,No,High,Tier 1,Yes,Low,Not Placed,0.0
1007,Female,ECE,6.41,67.9,68.3,0,5.0,100.0,4,2,5,4,4,4,1,8.0,6,No,Low,Tier 1,Yes,Medium,Placed,16.86
1008,Female,CSE,8.77,100.0,75.8,0,6.2,88.1,4,2,3,3,4,2,2,6.2,4,No,Low,Tier 3,Yes,Medium,Placed,16.46
1009,Male,IT,6.76,77.4,75.8,0,8.2,65.6,5,4,4,2,4,3,2,5.9,2,No,Medium,Tier 2,Yes,Medium,Placed,17.16
1010,Male,CSE,3.57,34.6,49.4,0,4.0,48.6,1,1,3,2,1,3,1,6.8,8,Yes,High,Tier 3,Yes,Low,Not Placed,0.0
1011,Male,ME,5.13,48.5,63.5,0,5.7,75.1,3,1,3,1,4,1,0,7.3,4,No,Low,Tier 2,Yes,Low,Placed,13.4
1012,Female,ME,6.76,66.5,74.9,2,6.2,58.4,2,3,4,4,4,0,2,7.7,4,Yes,High,Tier 3,Yes,Low,Placed,14.14
1013,Female,EE,9.6,100.0,100.0,0,8.3,98.0,4,3,3,4,4,1,0,7.5,8,No,Low,Tier 3,Yes,Low,Placed,18.33
1014,Male,ECE,2.54,40.2,36.5,0,3.2,41.6,4,1,3,3,3,2,2,8.2,1,No,Medium,Tier 2,Yes,High,Not Placed,0.0
1015,Female,ECE,8.75,80.9,90.0,1,6.5,65.2,5,2,5,1,4,4,3,7.1,9,No,High,Tier 2,Yes,Low,Placed,17.07
1016,Female,IT,9.24,81.9,87.9,0,6.5,78.7,4,3,4,4,5,3,1,5.7,10,No,Low,Tier 3,Yes,High,Placed,17.39
1017,Male,CSE,6.7,74.8,65.8,0,6.6,75.5,2,3,3,2,4,3,0,5.4,4,No,Low,Tier 3,No,Low,Placed,14.27
1018,Male,ECE,9.31,92.3,100.0,1,8.2,100.0,4,2,5,3,4,2,2,7.9,5,No,Medium,Tier 3,Yes,Medium,Placed,18.98
1019,Female,ECE,3.98,70.4,29.4,1,5.2,69.8,1,1,1,1,2,0,1,8.2,6,No,Medium,Tier 2,Yes,Medium,Not Placed,0.0
1020,Male,CSE,9.53,96.4,100.0,0,8.9,88.7,4,2,4,3,4,3,1,9.4,6,Yes,Medium,Tier 1,No,Low,Placed,17.72
1021,Female,ECE,7.03,92.9,68.0,0,5.6,88.8,5,2,4,3,3,5,2,9.9,7,No,Medium,Tier 3,Yes,High,Placed,15.24
1022,Male,ME,0.42,6.9,13.9,0,2.9,33.2,4,2,2,0,2,4,0,8.2,6,No,Medium,Tier 3,Yes,High,Not Placed,0.0
1023,Female,ME,9.07,76.4,93.2,0,8.6,71.8,6,3,5,5,5,2,1,7.4,7,No,Medium,Tier 2,Yes,Low,Placed,19.92
1024,Female,CSE,4.84,44.9,41.8,0,5.6,64.3,2,3,2,3,4,3,1,6.5,10,No,Low,Tier 2,Yes,Low,Placed,11.47
1025,Female,CSE,4.6,66.0,46.6,1,7.0,44.5,1,3,1,3,4,1,2,6.0,2,No,Low,Tier 1,Yes,Low,Not Placed,0.0
1026,Male,CSE,5.66,80.7,54.8,2,7.5,78.5,3,3,3,4,3,3,0,7.1,8,Yes,Medium,Tier 3,Yes,High,Placed,12.54
1027,Female,ME,1.49,19.8,27.7,0,3.2,53.6,3,2,2,3,3,0,3,6.9,8,No,Low,Tier 1,Yes,Medium,Not Placed,0.0
1028,Female,CSE,4.69,50.3,47.5,0,5.3,52.6,3,3,3,3,3,4,2,9.3,3,No,Low,Tier 2,Yes,Low,Placed,11.34
1029,Male,IT,8.31,73.9,100.0,0,8.4,86.6,4,4,5,2,3,1,5,7.7,4,Yes,High,Tier 2,Yes,Low,Placed,17.02
1030,Female,CSE,0.15,0.0,37.2,0,1.0,37.5,2,1,1,3,1,0,0,6.7,7,Yes,Medium,Tier 2,No,Medium,Not Placed,0.0
1031,Male,IT,2.73,45.4,19.6,0,2.8,61.8,1,2,0,1,2,0,1,5.9,3,Yes,Medium,Tier 1,Yes,Low,Not Placed,0.0
1032,Male,ECE,0.02,17.4,23.6,2,2.2,20.2,0,1,0,3,0,0,1,7.6,4,No,Medium,Tier 1,Yes,Low,Not Placed,0.0
1033,Male,IT,4.16,50.5,59.9,0,3.6,67.2,3,1,3,5,2,2,0,7.2,6,Yes,Medium,Tier 2,Yes,Medium,Not Placed,0.0
1034,Male,CSE,7.28,62.9,81.7,0,7.2,62.9,5,3,4,1,3,2,1,6.5,4,No,Medium,Tier 1,Yes,High,Placed,15.73
1035,Male,IT,7.99,99.3,75.3,0,7.2,92.3,5,4,4,3,4,3,1,6.2,5,Yes,Medium,Tier 1,Yes,High,Placed,16.8
1036,Female,CSE,9.45,90.3,91.2,0,7.3,100.0,4,3,4,0,5,3,3,7.7,4,No,High,Tier 2,Yes,High,Placed,18.23
1037,Male,IT,6.09,72.1,59.2,0,5.8,63.5,2,1,1,3,3,1,1,6.5,4,Yes,Low,Tier 2,Yes,Medium,Placed,12.43
1038,Female,ME,2.55,22.1,34.2,0,4.6,64.9,3,1,2,4,2,2,0,6.6,6,No,Medium,Tier 2,Yes,Low,Not Placed,0.0
1039,Male,CSE,9.24,91.6,79.8,0,8.1,71.6,5,4,4,3,3,4,2,6.4,5,No,Medium,Tier 1,Yes,Medium,Placed,16.65
1040,Male,ME,7.75,83.8,78.9,0,7.0,94.7,3,2,4,2,5,2,1,10.0,6,No,High,Tier 3,Yes,Low,Placed,16.89
1041,Male,ECE,5.74,67.1,48.9,5,5.8,86.7,4,1,4,0,3,4,1,7.2,7,Yes,Medium,Tier 1,Yes,High,Not Placed,0.0
1042,Female,CSE,6.96,75.7,71.7,0,6.8,80.9,4,1,5,2,3,4,2,6.0,6,No,Medium,Tier 1,Yes,Medium,Placed,15.88
1043,Male,ECE,9.24,98.5,79.4,0,7.6,88.1,5,2,4,5,5,4,0,4.0,5,No,High,Tier 2,No,Low,Placed,17.1
1044,Female,CSE,7.12,64.2,77.0,0,6.8,81.5,1,2,2,4,4,1,2,5.0,4,No,High,Tier 2,Yes,High,Placed,14.52
1045,Female,IT,3.68,48.3,40.6,0,3.0,49.8,3,0,2,3,2,1,2,6.6,6,No,Medium,Tier 3,No,Low,Not Placed,0.0
1046,Female,IT,7.13,76.7,77.9,0,5.7,100.0,2,3,3,3,3,2,1,9.0,9,No,Medium,Tier 1,No,Low,Placed,14.57
1047,Male,CSE,0.4,20.7,32.0,0,1.1,30.4,1,0,0,2,1,3,2,9.7,7,Yes,Low,Tier 2,Yes,Medium,Not Placed,0.0
1048,Male,ECE,3.86,48.5,64.8,0,4.7,74.0,5,2,4,5,2,2,2,6.7,2,Yes,Medium,Tier 1,Yes,Low,Not Placed,0.0
1049,Female,ME,4.06,36.8,25.2,1,4.5,50.5,3,0,3,2,3,3,5,7.4,1,No,Medium,Tier 1,Yes,Low,Not Placed,0.0
1050,Male,CE,1.67,16.0,23.0,0,2.5,64.2,5,2,3,4,1,2,0,6.8,4,No,Medium,Tier 2,Yes,Low,Not Placed,0.0
1051,Female,ECE,0.23,0.0,16.8,3,2.4,60.5,1,0,1,1,0,1,1,7.5,2,Yes,Medium,Tier 3,Yes,Medium,Not Placed,0.0
1052,Male,EE,1.33,34.5,33.2,1,2.8,47.6,1,1,0,3,2,0,0,6.7,3,No,Low,Tier 2,Yes,Low,Not Placed,0.0
1053,Female,ECE,6.55,79.0,53.9,0,5.8,77.7,4,3,3,4,3,3,0,6.3,1,Yes,High,Tier 2,Yes,High,Placed,13.95
1054,Female,ECE,8.02,91.6,72.3,0,6.1,71.6,6,3,5,2,4,4,0,6.2,6,No,Medium,Tier 3,Yes,Medium,Placed,16.69
1055,Female,ME,9.88,100.0,98.3,0,7.6,81.4,3,5,4,4,2,2,3,7.9,3,No,Medium,Tier 1,Yes,Low,Placed,18.15
1056,Male,ECE,3.46,23.1,46.5,0,2.5,59.3,3,0,3,2,2,2,2,8.6,3,No,Medium,Tier 2,Yes,High,Not Placed,0.0
1057,Female,ECE,5.99,55.6,69.7,0,5.8,88.4,3,2,3,2,4,2,0,6.5,4,Yes,Medium,Tier 2,Yes,Low,Placed,13.38
1058,Male,ECE,9.37,96.3,97.4,0,7.2,84.6,4,2,4,3,4,3,3,7.9,4,No,Medium,Tier 2,Yes,Medium,Placed,17.88
1059,Male,ME,1.67,30.6,34.7,3,2.2,71.5,2,1,3,4,2,2,1,7.2,5,No,Low,Tier 1,Yes,Low,Not Placed,0.0
1060,Female,ME,7.18,73.8,77.4,0,6.4,70.8,3,2,3,3,2,3,1,6.5,3,No,High,Tier 1,Yes,Low,Placed,13.4
1061,Female,ECE,7.55,82.9,79.0,0,7.8,83.1,5,2,3,4,2,3,0,7.8,7,No,Medium,Tier 3,Yes,Low,Placed,15.91
1062,Female,CSE,0.89,22.7,31.8,0,3.1,43.1,1,2,1,4,2,0,1,8.6,6,No,Medium,Tier 3,Yes,High,Not Placed,0.0
1063,Female,ECE,8.61,89.4,64.5,0,7.5,85.4,4,2,4,2,4,3,4,6.0,6,No,Low,Tier 1,Yes,Medium,Placed,16.24
1064,Male,ECE,8.13,77.7,98.5,2,8.5,59.3,4,1,5,1,4,4,1,6.6,5,No,Medium,Tier 1,Yes,High,Placed,16.2
1065,Male,CSE,0.33,27.6,0.0,0,0.0,29.6,2,1,2,3,2,1,5,8.8,8,No,High,Tier 1,Yes,Low,Not Placed,0.0
1066,Female,IT,0.91,18.4,14.5,0,4.0,42.9,2,1,1,5,1,0,2,6.9,6,No,Medium,Tier 3,Yes,Medium,Not Placed,0.0
1067,Male,ECE,0.49,5.9,19.7,2,2.5,36.8,2,0,1,2,1,2,2,6.0,6,No,Medium,Tier 1,Yes,Medium,Not Placed,0.0
1068,Male,CSE,3.35,35.8,51.5,2,3.9,62.7,2,2,0,4,1,0,7,7.2,7,Yes,Medium,Tier 1,Yes,High,Not Placed,0.0
1069,Male,CSE,5.09,54.8,28.8,1,4.2,74.6,2,1,3,3,2,3,1,7.0,2,Yes,Low,Tier 3,Yes,Medium,Not Placed,0.0
1070,Male,CSE,5.32,70.2,60.3,2,4.8,64.0,2,1,2,5,3,1,0,8.3,6,No,Medium,Tier 3,Yes,High,Placed,11.24
1071,Male,CE,2.68,37.4,47.4,0,4.0,39.5,2,1,2,5,2,4,3,6.9,4,No,Medium,Tier 2,Yes,Medium,Not Placed,0.0
1072,Male,CSE,9.12,90.7,100.0,0,8.5,100.0,4,4,2,4,5,4,3,7.0,4,No,Medium,Tier 1,Yes,High,Placed,17.44
1073,Male,CSE,3.68,33.8,40.5,0,4.7,40.8,3,1,2,1,0,2,1,6.9,7,No,Medium,Tier 3,Yes,Low,Not Placed,0.0
1074,Male,ECE,0.46,26.8,18.7,0,1.1,30.6,2,0,3,0,2,4,0,7.2,8,Yes,Medium,Tier 2,Yes,Medium,Not Placed,0.0
1075,Female,CSE,3.0,34.0,35.8,0,2.7,42.8,3,1,2,3,2,1,2,8.8,8,No,Low,Tier 2,Yes,High,Not Placed,0.0
1076,Male,CSE,5.31,59.1,56.6,2,5.4,75.8,2,0,2,4,3,1,3,7.9,6,No,High,Tier 1,Yes,Medium,Not Placed,0.0
1077,Male,CSE,4.08,64.5,40.3,0,5.1,75.3,3,1,2,4,1,3,2,5.7,5,No,High,Tier 2,Yes,Low,Not Placed,0.0
1078,Female,ECE,2.74,43.4,31.0,3,3.4,49.4,4,0,2,2,0,2,3,7.3,8,No,Low,Tier 2,Yes,Low,Not Placed,0.0
1079,Male,ECE,1.31,9.9,32.8,0,3.9,45.6,3,0,4,1,2,2,1,7.4,4,No,Low,Tier 1,Yes,Medium,Not Placed,0.0
1080,Female,ECE,8.19,66.9,84.8,1,7.3,89.3,6,2,4,4,4,3,1,7.5,9,No,Low,Tier 3,Yes,Low,Placed,16.15
1081,Female,ECE,9.96,99.0,100.0,0,8.5,100.0,4,4,4,5,5,2,1,5.2,5,Yes,Medium,Tier 3,Yes,Medium,Placed,18.49
1082,Male,EE,3.3,30.9,46.5,1,4.5,33.5,2,1,2,2,2,1,1,7.2,5,No,Medium,Tier 3,Yes,Medium,Not Placed,0.0
1083,Male,ECE,3.82,54.0,55.6,0,5.4,66.9,3,2,3,4,3,3,1,6.3,4,No,Medium,Tier 2,No,High,Not Placed,0.0
1084,Female,CSE,6.18,68.0,76.2,0,4.5,76.6,3,1,4,5,3,4,1,5.2,6,No,Low,Tier 3,Yes,Medium,Placed,14.38
1085,Female,CSE,7.18,77.7,58.0,0,5.4,73.6,4,2,4,3,3,3,3,8.5,4,No,Medium,Tier 2,No,Medium,Placed,16.0
1086,Male,ECE,3.92,41.3,40.8,4,3.9,62.4,4,1,4,3,2,4,2,6.7,5,No,Medium,Tier 2,Yes,Low,Not Placed,0.0
1087,Female,IT,9.05,100.0,88.1,0,10.0,98.2,3,3,4,4,4,3,3,6.7,6,Yes,Low,Tier 3,Yes,Low,Placed,18.23
1088,Male,CSE,5.6,91.0,62.6,0,5.2,75.6,2,4,2,3,4,3,2,8.1,5,Yes,Low,Tier 1,Yes,Medium,Placed,14.48
1089,Female,IT,4.5,50.5,47.3,0,4.5,87.9,3,0,1,5,1,0,1,8.2,1,No,Medium,Tier 2,Yes,Low,Placed,11.42
1090,Male,CSE,6.47,73.5,78.9,0,6.6,75.3,4,2,4,3,1,2,1,6.7,10,No,Medium,Tier 3,Yes,Medium,Placed,13.59
1091,Female,ECE,9.53,97.0,100.0,1,9.1,92.5,3,5,4,3,3,3,3,7.0,9,No,Low,Tier 2,Yes,Medium,Placed,17.11
1092,Female,IT,7.95,80.0,83.5,1,7.2,80.5,5,2,5,1,4,3,0,5.8,3,No,Low,Tier 1,Yes,Medium,Placed,15.69
1093,Female,CSE,0.4,10.1,22.0,3,2.9,44.0,1,1,0,3,1,1,1,5.9,4,No,High,Tier 3,Yes,Medium,Not Placed,0.0
1094,Male,ECE,3.32,32.4,53.1,0,2.6,54.5,4,0,4,2,1,4,1,8.6,5,No,Low,Tier 1,Yes,Low,Not Placed,0.0
1095,Male,CSE,4.71,43.7,37.0,0,4.0,63.4,0,0,1,3,3,1,1,7.1,7,No,Low,Tier 1,Yes,Medium,Not Placed,0.0
1096,Male,IT,3.15,45.8,43.5,2,4.9,54.1,1,0,3,1,2,3,1,8.2,6,No,High,Tier 3,Yes,Low,Not Placed,0.0
1097,Male,CSE,7.0,69.3,83.8,5,6.4,75.4,4,4,5,4,4,2,0,6.8,3,Yes,Medium,Tier 3,Yes,Medium,Not Placed,0.0
1098,Male,ME,8.26,59.4,77.6,4,6.0,77.3,6,2,5,2,5,4,0,7.5,10,No,Medium,Tier 2,Yes,Low,Not Placed,0.0
1099,Female,CSE,7.31,81.6,64.2,1,5.3,83.9,4,2,3,5,5,4,2,4.9,5,Yes,High,Tier 2,Yes,High,Placed,15.36
1100,Male,ME,9.89,98.7,95.3,0,7.6,90.9,4,3,5,5,3,5,0,8.0,9,No,Medium,Tier 3,Yes,Medium,Placed,19.75
1101,Male,ECE,2.73,51.7,39.2,0,3.4,58.7,2,2,2,4,0,1,2,7.0,4,No,High,Tier 3,Yes,Low,Not Placed,0.0
1102,Female,IT,8.75,93.1,78.9,2,8.1,88.8,3,4,2,1,5,1,1,6.4,8,No,Medium,Tier 3,Yes,Low,Placed,13.5
1103,Female,CSE,7.67,65.4,100.0,2,6.5,76.4,5,3,5,2,5,7,0,7.8,6,No,Medium,Tier 2,Yes,Medium,Placed,15.28
1104,Female,CE,3.62,23.5,42.2,1,4.4,75.5,3,0,2,2,1,2,3,8.2,4,No,Medium,Tier 1,Yes,Medium,Not Placed,0.0
1105,Female,CSE,7.34,70.2,65.2,0,6.2,77.8,5,2,5,2,2,5,2,6.5,7,Yes,High,Tier 1,Yes,Medium,Placed,17.24
1106,Male,CSE,1.04,17.6,25.4,0,3.5,48.7,2,0,1,5,2,2,0,5.6,6,No,Medium,Tier 2,Yes,Low,Not Placed,0.0
1107,Male,ECE,7.89,91.5,90.2,0,9.6,73.9,5,3,5,3,5,3,1,9.0,7,No,Medium,Tier 3,Yes,Medium,Placed,17.76
1108,Female,CSE,5.32,60.1,60.7,0,4.8,42.6,2,1,2,2,2,2,4,6.7,4,Yes,Low,Tier 1,Yes,High,Placed,11.46
1109,Female,CSE,2.92,51.2,46.2,0,4.0,45.7,3,2,2,2,2,2,2,4.7,5,No,Low,Tier 2,No,Medium,Not Placed,0.0
1110,Male,CE,6.56,57.5,61.8,3,6.5,48.7,3,2,4,2,1,5,5,6.5,7,Yes,Low,Tier 1,Yes,Medium,Placed,13.45
1111,Female,EE,6.42,79.2,84.2,0,6.1,70.7,3,3,3,4,3,4,2,7.5,2,No,Medium,Tier 2,Yes,High,Placed,16.67
1112,Male,ECE,2.09,40.0,40.3,0,3.6,65.2,1,3,1,1,2,0,3,6.9,3,No,High,Tier 2,Yes,Low,Not Placed,0.0
1113,Male,CE,0.3,0.0,30.9,0,2.2,25.9,1,0,0,3,3,4,1,6.8,6,No,High,Tier 3,Yes,High,Not Placed,0.0
1114,Male,ECE,4.34,65.1,56.4,1,4.1,35.8,1,0,2,4,2,2,2,6.6,6,No,Low,Tier 2,Yes,High,Not Placed,0.0
1115,Male,CSE,5.7,64.4,71.8,0,6.8,87.2,4,2,4,1,4,4,2,6.5,5,No,Medium,Tier 2,Yes,Medium,Not Placed,0.0
1116,Male,IT,8.77,93.5,79.4,3,7.8,81.9,2,4,3,1,3,0,3,5.5,7,No,High,Tier 2,No,Medium,Not Placed,0.0
1117,Male,IT,9.28,85.2,87.3,0,7.6,90.5,4,2,3,3,4,3,0,5.4,5,No,High,Tier 1,Yes,High,Placed,16.12
1118,Female,EE,5.29,72.7,73.8,0,7.6,76.2,3,2,1,5,5,0,0,7.4,8,No,Low,Tier 1,Yes,Medium,Placed,13.01
1119,Male,CSE,7.54,67.2,93.9,1,6.7,86.5,2,3,4,4,5,3,0,8.5,6,No,Medium,Tier 1,Yes,Medium,Placed,16.6
1120,Male,IT,4.39,60.6,41.6,0,4.8,70.3,2,2,2,2,4,1,2,6.7,3,No,Medium,Tier 1,Yes,Low,Not Placed,0.0
1121,Female,CSE,7.46,86.6,80.2,0,6.9,90.6,6,2,5,5,4,4,0,8.7,6,No,Medium,Tier 1,Yes,Low,Placed,17.55
1122,Female,CSE,2.05,22.7,30.1,0,2.8,26.3,5,1,2,3,2,2,3,8.3,5,No,Medium,Tier 2,Yes,Medium,Not Placed,0.0
1123,Female,CSE,3.71,66.4,40.7,1,4.5,40.3,3,1,2,3,3,2,2,6.8,4,No,Medium,Tier 1,Yes,Low,Not Placed,0.0
1124,Female,EE,6.34,71.2,71.6,0,5.1,87.1,3,1,4,3,4,4,3,7.8,2,No,Low,Tier 1,Yes,Medium,Placed,13.17
1125,Female,ME,0.18,23.1,30.8,0,2.2,26.7,0,1,0,4,1,0,2,7.6,3,No,Low,Tier 1,Yes,Medium,Not Placed,0.0
1126,Male,IT,7.22,61.1,80.3,2,4.8,70.2,2,1,3,2,3,2,1,6.4,4,Yes,High,Tier 1,Yes,Medium,Not Placed,0.0
1127,Male,ECE,8.36,100.0,81.7,0,6.1,70.0,6,3,5,3,3,3,1,4.4,8,No,Medium,Tier 1,Yes,Medium,Placed,17.93
1128,Male,CSE,3.99,36.7,55.1,0,6.1,54.1,4,1,3,2,2,1,2,7.2,5,No,High,Tier 3,Yes,Low,Not Placed,0.0
1129,Male,CSE,4.48,63.3,50.2,0,3.4,57.7,5,2,3,3,4,4,4,7.8,8,No,High,Tier 1,Yes,Low,Not Placed,0.0
1130,Male,CSE,8.51,77.4,90.2,0,5.5,74.8,4,2,4,4,5,2,0,6.3,3,Yes,Low,Tier 1,Yes,Medium,Placed,17.63
1131,Female,ECE,7.76,74.8,94.0,0,5.7,68.9,3,3,4,4,5,2,1,9.4,4,No,Medium,Tier 1,Yes,Low,Placed,17.25
1132,Male,IT,2.88,47.4,20.3,2,5.3,56.1,3,1,1,1,2,3,2,8.2,4,No,Medium,Tier 3,Yes,Low,Not Placed,0.0
1133,Male,ECE,3.24,52.8,51.9,1,2.0,44.7,5,2,3,3,1,2,1,5.2,5,Yes,Low,Tier 1,Yes,Medium,Not Placed,0.0
1134,Male,CSE,6.79,60.0,56.9,0,5.3,68.5,1,2,2,4,3,2,0,6.8,6,No,High,Tier 1,Yes,Medium,Not Placed,0.0
1135,Female,CSE,5.63,73.8,75.3,3,4.0,42.5,1,1,1,3,3,1,1,6.0,7,No,Medium,Tier 3,No,Low,Placed,9.89
1136,Male,CSE,1.62,39.2,24.6,0,2.4,68.0,1,1,0,3,3,0,1,6.6,8,No,Low,Tier 2,Yes,High,Not Placed,0.0
1137,Female,ECE,3.1,32.0,30.6,0,3.2,64.9,0,1,0,3,3,0,1,7.8,1,No,Medium,Tier 2,Yes,High,Not Placed,0.0
1138,Male,CE,9.0,100.0,97.0,1,7.3,83.1,5,3,5,4,3,3,0,6.7,10,No,Medium,Tier 3,Yes,Medium,Placed,18.35
1139,Male,IT,6.88,58.9,76.7,0,8.2,65.5,3,2,4,3,3,4,4,6.3,3,No,Low,Tier 1,Yes,High,Placed,14.92
1140,Male,ME,9.86,92.6,86.9,0,7.2,94.3,3,4,4,2,3,4,3,7.1,6,No,High,Tier 3,Yes,High,Placed,17.69
1141,Female,ECE,7.67,85.0,66.8,0,6.8,80.8,4,2,4,4,4,2,1,7.9,7,No,Medium,Tier 2,Yes,High,Placed,17.89
1142,Male,ECE,9.42,86.5,91.5,0,8.4,76.2,4,2,5,2,4,4,0,7.9,7,No,High,Tier 2,Yes,Low,Placed,18.05
1143,Female,CSE,2.16,36.0,23.2,0,2.0,17.4,1,1,2,5,1,2,2,7.7,8,No,Medium,Tier 1,Yes,Low,Not Placed,0.0
1144,Male,ME,7.71,82.9,69.1,1,7.4,74.9,5,2,5,2,2,1,0,8.6,8,No,Medium,Tier 2,Yes,Medium,Placed,15.14
1145,Male,IT,0.2,14.8,20.8,1,1.2,17.4,1,0,1,4,2,1,1,6.9,6,Yes,High,Tier 2,Yes,Low,Not Placed,0.0
1146,Female,CSE,6.71,80.4,62.0,0,6.6,77.3,3,1,3,3,5,3,3,6.6,7,No,Medium,Tier 1,Yes,Low,Placed,13.72
1147,Female,ECE,4.69,52.6,59.8,0,4.7,65.3,3,2,2,2,2,1,3,6.8,3,No,Medium,Tier 3,Yes,Medium,Not Placed,0.0
1148,Female,ECE,3.47,46.8,60.7,0,1.9,44.1,2,1,2,5,2,2,2,6.0,4,No,Medium,Tier 1,Yes,Low,Not Placed,0.0
1149,Female,IT,8.62,99.7,85.5,0,8.8,80.3,5,3,5,4,4,4,2,6.0,4,No,Low,Tier 2,Yes,Medium,Placed,19.6
1150,Female,CE,8.54,95.5,87.6,0,9.5,100.0,5,3,4,3,4,5,6,7.9,1,No,Medium,Tier 3,Yes,Low,Placed,17.75
1151,Female,ECE,0.22,24.7,39.9,0,1.5,45.6,2,1,1,5,0,0,0,8.0,4,No,Medium,Tier 2,Yes,Medium,Not Placed,0.0
1152,Female,ECE,6.1,55.4,54.9,0,4.9,66.2,5,2,4,4,2,4,1,4.0,3,No,Low,Tier 3,Yes,Low,Placed,13.51
1153,Female,CSE,3.68,51.5,59.4,0,5.6,84.6,1,0,3,2,4,1,0,8.1,4,Yes,Low,Tier 2,Yes,Medium,Not Placed,0.0
1154,Female,CSE,4.16,41.6,62.0,1,6.3,45.6,2,1,2,0,0,2,1,6.5,7,No,Medium,Tier 2,No,High,Not Placed,0.0
1155,Female,CSE,8.32,72.9,93.1,0,7.2,75.2,3,2,3,3,4,3,1,6.2,4,No,Medium,Tier 2,Yes,High,Placed,17.19
1156,Female,CSE,3.1,40.6,55.7,3,3.5,52.3,1,1,2,5,2,1,0,6.6,7,Yes,Medium,Tier 3,No,Medium,Not Placed,0.0
1157,Male,IT,9.43,86.1,96.2,2,8.0,73.2,6,4,5,4,5,5,0,5.5,2,Yes,Medium,Tier 2,Yes,High,Placed,18.68
1158,Female,IT,1.8,38.2,26.6,5,1.1,67.3,1,0,1,5,1,2,3,6.8,4,No,Medium,Tier 3,Yes,Low,Not Placed,0.0
1159,Female,CSE,6.63,79.5,82.0,2,5.8,77.0,1,2,2,2,3,2,4,9.3,5,Yes,High,Tier 1,Yes,Low,Placed,12.7
1160,Male,ME,6.72,53.1,83.1,0,7.9,65.8,3,3,3,3,3,2,0,5.1,8,No,Low,Tier 2,Yes,Low,Placed,13.9
1161,Female,CSE,2.52,28.1,49.2,0,3.1,55.5,2,1,2,3,2,0,0,7.7,6,No,Medium,Tier 2,Yes,Medium,Not Placed,0.0
1162,Male,CSE,3.25,28.0,44.4,0,2.7,56.3,2,0,3,3,1,2,2,8.2,6,No,Medium,Tier 2,Yes,High,Not Placed,0.0
1163,Male,CSE,8.35,81.3,77.6,1,7.8,81.4,4,2,3,4,3,3,2,7.7,3,No,Medium,Tier 2,Yes,Medium,Placed,16.1
1164,Female,ECE,7.62,84.3,80.9,0,6.2,66.2,5,2,4,5,3,3,2,8.8,7,No,Medium,Tier 3,Yes,Low,Placed,15.81
1165,Male,CSE,3.29,40.5,53.7,0,3.7,37.5,3,1,2,5,1,2,0,8.2,5,No,Low,Tier 2,Yes,Low,Not Placed,0.0
1166,Female,ECE,5.34,54.5,71.0,1,4.0,93.3,4,0,3,5,2,2,1,7.8,2,No,Medium,Tier 3,Yes,Medium,Placed,11.9
1167,Female,ECE,0.62,33.3,18.7,0,0.9,22.5,4,0,3,4,1,1,1,8.2,7,No,Medium,Tier 3,No,Low,Not Placed,0.0
1168,Male,EE,2.09,9.7,37.9,0,3.7,67.9,2,0,2,3,2,2,1,8.2,6,No,Medium,Tier 1,No,Low,Not Placed,0.0
1169,Male,CSE,4.86,68.7,43.8,0,5.0,54.0,1,2,2,3,3,0,0,6.6,5,No,Medium,Tier 3,Yes,Medium,Not Placed,0.0
1170,Male,CSE,0.86,16.9,34.7,1,1.3,49.6,2,0,2,4,1,1,1,7.8,5,No,Low,Tier 2,Yes,Low,Not Placed,0.0
1171,Female,CSE,8.43,85.9,77.6,2,7.5,91.2,3,4,5,3,3,4,0,6.7,3,No,Medium,Tier 1,No,High,Placed,16.48
1172,Female,IT,7.18,70.8,83.3,2,5.9,86.1,2,4,3,2,1,2,0,5.4,8,No,Medium,Tier 1,Yes,Low,Placed,13.22
1173,Female,CSE,9.44,100.0,82.0,1,7.3,100.0,5,2,3,2,3,4,1,9.2,7,No,High,Tier 1,Yes,High,Placed,16.53
1174,Male,ME,6.93,61.6,83.8,0,7.5,57.2,3,2,4,4,4,5,2,6.3,3,No,Medium,Tier 2,Yes,Medium,Placed,15.82
1175,Female,ECE,9.4,95.0,96.4,3,8.9,83.3,4,4,5,3,5,3,3,8.3,6,No,Medium,Tier 2,Yes,Low,Placed,16.07
1176,Male,ECE,5.55,67.4,54.6,0,5.4,51.9,4,3,3,3,4,2,2,7.6,4,No,Medium,Tier 2,Yes,High,Placed,14.95
1177,Female,ECE,6.0,49.9,72.9,2,5.8,73.3,5,2,4,3,4,3,1,5.9,3,No,High,Tier 2,Yes,Medium,Placed,13.81
1178,Male,CSE,9.77,88.8,90.3,0,8.3,77.7,2,3,4,2,5,4,2,6.1,9,No,Medium,Tier 3,Yes,Low,Placed,17.41
1179,Female,CSE,6.42,68.1,76.9,0,6.5,49.7,4,2,4,3,4,3,1,7.5,5,Yes,Medium,Tier 1,Yes,Low,Placed,16.07
1180,Male,CSE,0.31,8.8,17.7,1,0.9,34.0,2,0,2,2,3,2,1,7.5,4,No,Medium,Tier 1,Yes,Low,Not Placed,0.0
1181,Female,ECE,7.24,68.4,58.7,0,7.4,51.9,4,3,3,2,4,4,2,6.5,3,No,Medium,Tier 3,Yes,Medium,Placed,14.22
1182,Male,CSE,9.05,88.4,80.6,0,8.2,92.4,3,3,3,2,5,1,1,5.1,5,No,Medium,Tier 2,Yes,Medium,Placed,17.62
1183,Female,CSE,7.96,89.2,77.4,1,6.8,67.7,3,2,4,3,3,4,0,8.0,1,No,Medium,Tier 1,Yes,Medium,Placed,16.55
1184,Female,EE,5.84,61.2,78.4,0,5.1,60.0,3,2,3,4,2,2,2,4.0,5,No,Medium,Tier 3,No,High,Placed,15.78
1185,Male,CSE,6.71,82.8,80.7,0,7.0,47.9,5,2,4,4,3,3,4,7.4,8,No,High,Tier 2,Yes,Low,Placed,14.86
1186,Female,ME,9.9,89.2,100.0,0,8.3,100.0,6,5,4,1,4,4,1,8.4,7,No,Medium,Tier 2,Yes,Low,Placed,16.94
1187,Female,IT,0.91,10.2,41.8,0,1.4,22.9,4,0,3,5,1,2,1,4.8,6,Yes,Low,Tier 2,Yes,High,Not Placed,0.0
1188,Male,CSE,6.67,91.0,66.0,1,5.8,70.7,2,3,2,3,4,1,1,7.2,10,No,Low,Tier 2,Yes,Low,Placed,12.63
1189,Male,CSE,2.83,32.5,38.8,0,4.3,30.5,1,1,2,2,2,1,0,6.5,6,No,Low,Tier 3,Yes,Low,Not Placed,0.0
1190,Female,CSE,6.4,56.3,65.1,0,4.4,63.4,3,2,3,3,3,4,1,7.2,4,No,Low,Tier 2,Yes,Medium,Placed,15.41
1191,Male,IT,6.08,49.3,59.9,0,5.4,92.5,5,2,5,1,3,4,0,8.2,7,No,Low,Tier 2,Yes,Medium,Placed,13.61
1192,Male,IT,1.53,38.8,11.8,0,3.6,47.7,1,1,0,1,3,0,3,5.4,6,Yes,Low,Tier 2,Yes,Medium,Not Placed,0.0
1193,Male,IT,2.07,29.2,34.4,0,2.8,38.7,2,3,2,5,2,3,1,6.7,6,No,Low,Tier 3,Yes,Low,Not Placed,0.0
1194,Female,CE,6.22,65.3,54.9,0,6.1,71.9,4,2,3,2,2,1,0,6.8,6,No,Low,Tier 2,Yes,High,Placed,12.9
1195,Male,IT,1.28,24.3,27.9,4,3.5,36.0,3,0,3,4,3,1,0,4.7,5,Yes,Low,Tier 2,Yes,Low,Not Placed,0.0
1196,Female,CSE,2.65,47.7,60.4,2,4.2,49.8,3,3,1,3,2,1,2,7.7,9,No,Low,Tier 2,No,Medium,Not Placed,0.0
1197,Female,CSE,8.35,84.2,79.7,1,6.9,94.0,6,2,5,3,5,3,2,9.0,2,No,Medium,Tier 1,Yes,Low,Placed,16.91
1198,Female,ME,3.27,66.2,46.1,0,3.7,50.6,1,1,1,3,3,1,4,7.8,7,No,Low,Tier 2,No,High,Not Placed,0.0
1199,Female,CSE,4.88,57.8,66.1,0,5.8,66.9,4,1,3,0,4,0,3,7.2,6,No,Low,Tier 1,Yes,Low,Placed,11.73
1200,Male,CSE,9.41,100.0,96.1,0,9.0,94.3,3,3,4,5,3,3,0,8.1,6,No,Low,Tier 2,Yes,Medium,Placed,17.82
1201,Female,IT,2.27,42.3,39.1,0,3.0,44.7,1,0,1,3,1,2,2,6.3,5,Yes,High,Tier 3,Yes,Medium,Not Placed,0.0
1202,Male,ECE,3.9,47.8,45.6,2,4.2,49.6,0,0,0,2,5,0,4,5.9,9,Yes,Medium,Tier 2,Yes,Medium,Not Placed,0.0
1203,Male,CE,6.06,60.6,64.2,0,6.0,65.1,5,1,4,4,2,3,3,7.6,7,No,Medium,Tier 3,Yes,Low,Placed,13.95
1204,Male,IT,7.55,82.5,68.8,0,8.2,88.7,3,3,3,2,4,1,1,7.3,4,Yes,Low,Tier 1,Yes,Medium,Placed,15.25
1205,Male,CSE,9.02,96.8,98.6,0,8.9,98.5,3,2,3,3,5,3,1,7.4,8,No,Medium,Tier 3,No,Medium,Placed,17.89
1206,Female,CE,9.15,87.0,73.8,0,8.6,76.2,3,3,3,3,4,1,5,6.0,6,No,Medium,Tier 3,Yes,Medium,Placed,15.85
1207,Female,CSE,7.77,82.7,89.9,0,5.9,78.5,4,4,3,4,3,1,1,5.2,4,Yes,Medium,Tier 2,Yes,Medium,Placed,15.63
1208,Male,CSE,2.28,46.7,22.2,0,2.8,39.6,4,1,2,3,3,1,1,5.8,2,No,Medium,Tier 3,No,Medium,Not Placed,0.0
1209,Male,ECE,0.25,37.8,29.6,0,1.5,46.1,0,0,1,2,1,1,4,6.0,7,No,Medium,Tier 2,Yes,High,Not Placed,0.0
1210,Female,CSE,3.84,56.2,45.2,0,5.6,52.4,4,2,3,3,3,2,1,4.6,4,No,Medium,Tier 3,Yes,Low,Not Placed,0.0
1211,Male,ECE,1.42,45.7,17.0,0,2.3,69.9,0,1,0,3,1,0,3,7.6,7,No,High,Tier 2,Yes,Medium,Not Placed,0.0
1212,Male,CSE,7.1,69.1,80.6,1,7.7,80.2,5,3,4,1,3,4,0,5.5,8,No,Low,Tier 2,Yes,High,Placed,15.6
1213,Male,ECE,6.61,78.2,80.2,1,5.6,88.8,4,2,3,3,3,3,0,5.4,4,No,High,Tier 1,Yes,Medium,Placed,14.48
1214,Female,ECE,0.44,32.1,17.1,1,1.3,25.5,4,1,2,2,2,0,1,6.7,8,No,Medium,Tier 3,Yes,High,Not Placed,0.0
1215,Female,IT,8.37,77.2,92.2,0,7.8,85.4,6,3,5,3,4,1,2,5.9,3,Yes,High,Tier 1,Yes,Medium,Placed,16.93
1216,Male,ME,2.49,31.3,15.1,0,4.8,57.3,0,1,1,2,2,1,2,5.1,8,No,Low,Tier 2,Yes,Low,Not Placed,0.0
1217,Male,CSE,4.32,69.1,39.4,3,4.3,48.5,5,2,4,2,2,3,0,5.2,9,No,Low,Tier 2,Yes,Medium,Not Placed,0.0
1218,Female,ECE,6.68,62.0,84.4,0,3.6,75.3,3,2,4,4,5,2,1,7.6,7,Yes,Low,Tier 3,Yes,High,Placed,15.93
1219,Female,ECE,4.29,38.1,50.1,0,2.9,73.4,0,2,1,4,3,3,0,6.6,6,No,Low,Tier 1,Yes,Low,Not Placed,0.0
1220,Male,CSE,4.41,67.8,34.7,0,4.9,57.5,1,1,1,3,3,3,1,5.2,7,No,Medium,Tier 2,No,Medium,Not Placed,0.0
1221,Female,IT,0.66,32.6,16.3,0,0.5,28.7,0,2,0,4,2,1,2,8.7,5,Yes,Medium,Tier 2,Yes,Low,Not Placed,0.0
1222,Male,IT,4.01,53.4,40.8,0,3.4,80.7,4,1,4,4,2,3,1,6.1,3,No,Medium,Tier 2,Yes,Medium,Not Placed,0.0
1223,Male,CSE,7.65,79.6,77.5,1,6.9,66.8,3,3,3,3,5,0,1,7.6,4,No,Low,Tier 3,Yes,Low,Placed,15.09
1224,Female,ECE,9.15,88.4,87.5,0,5.5,91.8,5,2,5,2,3,5,2,6.9,10,Yes,Medium,Tier 1,Yes,Medium,Placed,18.72
1225,Male,CSE,4.13,52.9,52.8,0,4.0,51.3,0,1,1,3,2,0,2,7.1,3,Yes,Medium,Tier 1,Yes,High,Not Placed,0.0
1226,Female,IT,4.24,66.8,51.2,0,3.3,49.2,1,1,1,4,2,0,1,7.0,7,No,High,Tier 2,Yes,Low,Not Placed,0.0
1227,Male,CSE,7.03,77.1,87.8,0,4.9,86.1,4,1,4,4,2,4,2,5.3,5,No,Low,Tier 2,Yes,Low,Placed,15.89
1228,Male,EE,9.43,100.0,97.7,0,7.3,89.1,6,3,5,3,4,6,0,9.7,5,No,Medium,Tier 1,No,Medium,Placed,18.51
1229,Female,IT,2.67,28.7,43.9,0,2.3,55.9,3,1,2,4,2,3,1,6.1,9,Yes,Low,Tier 2,Yes,High,Not Placed,0.0
1230,Male,ECE,4.4,52.2,64.9,0,5.0,34.3,3,1,3,3,1,2,1,8.0,6,No,Low,Tier 3,Yes,Low,Not Placed,0.0
1231,Female,ECE,7.96,78.9,77.8,1,8.3,88.8,1,4,3,4,3,3,3,6.1,7,No,Low,Tier 1,Yes,Medium,Placed,14.69
1232,Male,CE,6.1,56.0,54.2,0,5.4,63.0,3,1,4,5,3,2,3,5.7,10,No,High,Tier 3,Yes,Medium,Placed,14.23
1233,Male,ECE,1.11,22.9,38.9,0,1.7,19.1,3,1,1,1,1,0,1,8.6,5,No,Medium,Tier 2,Yes,Low,Not Placed,0.0
1234,Male,CSE,6.28,72.6,69.6,0,5.5,95.3,3,2,3,4,3,3,3,8.9,6,Yes,Medium,Tier 2,Yes,Low,Placed,15.29
1235,Female,ECE,1.87,36.1,34.4,0,1.7,53.4,4,2,2,5,0,2,1,7.5,7,Yes,Medium,Tier 1,Yes,High,Not Placed,0.0
1236,Male,ME,5.1,80.1,52.5,0,3.8,68.3,5,2,4,4,2,2,1,8.0,5,No,Medium,Tier 1,Yes,High,Placed,15.29
1237,Female,IT,5.29,64.6,54.2,0,3.6,81.7,3,3,3,4,2,2,3,5.5,6,No,High,Tier 1,Yes,Low,Placed,14.38
1238,Male,IT,8.76,100.0,96.5,2,6.3,90.5,2,3,2,2,4,2,1,7.8,8,Yes,Medium,Tier 3,Yes,Medium,Placed,14.43
1239,Female,ME,4.62,54.9,64.8,0,6.4,53.1,3,3,4,2,2,4,1,7.8,7,Yes,Medium,Tier 3,Yes,Medium,Placed,13.29
1240,Male,ME,2.79,55.5,48.2,1,2.8,49.6,3,0,3,3,2,3,4,7.5,6,Yes,Low,Tier 3,Yes,Low,Not Placed,0.0
1241,Female,CE,2.31,58.6,44.4,0,0.2,40.7,2,1,1,3,0,1,0,9.0,1,No,Medium,Tier 2,Yes,High,Not Placed,0.0
1242,Female,CSE,8.74,94.6,93.6,1,7.0,81.4,4,3,4,1,3,2,2,4.3,3,No,Medium,Tier 2,Yes,Low,Placed,16.85
1243,Female,ECE,1.71,19.6,33.0,0,1.1,30.2,3,1,2,3,2,2,0,6.8,9,No,Medium,Tier 2,Yes,Medium,Not Placed,0.0
1244,Female,IT,4.26,45.7,50.3,0,4.5,48.9,2,1,1,4,3,2,3,8.8,4,No,Low,Tier 1,Yes,Low,Not Placed,0.0
1245,Female,IT,1.87,33.7,45.1,2,2.8,57.0,1,0,1,1,1,2,2,5.7,8,No,Medium,Tier 1,Yes,Medium,Not Placed,0.0
1246,Female,IT,7.73,85.3,76.1,0,7.0,85.4,4,2,4,3,4,5,0,7.8,3,No,Low,Tier 2,Yes,Medium,Placed,16.29
1247,Male,CSE,4.74,62.3,59.6,0,4.8,57.4,2,2,3,3,2,2,2,6.4,4,Yes,High,Tier 2,Yes,Medium,Not Placed,0.0
1248,Male,IT,3.51,49.4,38.0,0,3.6,43.7,3,1,2,3,3,0,4,7.1,7,No,High,Tier 1,Yes,Medium,Not Placed,0.0
1249,Female,IT,3.61,45.8,40.3,1,2.6,51.8,4,2,3,4,2,3,1,5.7,9,No,Low,Tier 2,Yes,Low,Not Placed,0.0
1250,Female,CSE,8.52,81.1,83.8,1,7.4,65.9,5,4,3,3,3,2,0,9.7,7,No,Medium,Tier 3,Yes,Low,Placed,14.47
1251,Female,ECE,5.54,66.1,54.3,1,6.4,69.8,4,2,4,3,4,2,0,5.6,6,No,Medium,Tier 3,Yes,High,Placed,14.29
1252,Male,CSE,7.18,94.6,83.4,3,8.3,89.4,4,2,4,4,3,4,1,6.8,3,No,High,Tier 2,Yes,Medium,Placed,16.09
1253,Male,CSE,8.97,100.0,76.3,0,7.5,100.0,5,4,5,4,4,5,1,6.7,1,No,Medium,Tier 1,Yes,Medium,Placed,18.46
1254,Male,CSE,9.02,97.0,91.2,0,7.7,75.9,5,3,5,5,3,4,0,8.3,5,No,Low,Tier 1,Yes,Medium,Placed,19.01
1255,Female,ECE,3.29,53.3,45.6,0,4.3,65.6,3,1,4,3,3,4,1,7.1,6,No,Medium,Tier 3,Yes,High,Not Placed,0.0
1256,Male,ECE,9.52,92.2,76.1,4,9.7,83.6,3,2,3,3,5,2,0,5.1,5,No,Low,Tier 2,Yes,High,Not Placed,0.0
1257,Male,IT,0.25,12.0,15.6,0,1.2,23.0,2,1,1,3,0,0,1,6.2,10,No,Medium,Tier 2,Yes,Medium,Not Placed,0.0
1258,Male,IT,3.77,39.6,50.7,4,4.8,44.1,3,1,2,4,1,2,2,4.4,2,No,Medium,Tier 3,Yes,Low,Not Placed,0.0
1259,Male,ME,8.96,89.9,94.0,0,6.9,90.4,5,4,5,3,4,3,1,7.1,5,No,Medium,Tier 2,No,Low,Placed,17.11
1260,Male,CSE,2.75,34.2,38.0,1,3.8,40.3,4,0,3,3,4,4,3,9.1,9,Yes,High,Tier 3,Yes,High,Not Placed,0.0
1261,Male,CSE,2.73,50.3,46.6,0,4.4,44.1,4,1,3,5,3,2,0,6.8,7,No,Low,Tier 3,Yes,Medium,Not Placed,0.0
1262,Female,ME,3.03,36.0,41.1,2,2.3,47.9,3,2,2,1,2,3,0,7.4,3,Yes,High,Tier 1,Yes,High,Not Placed,0.0
1263,Male,CSE,6.12,59.0,67.1,0,5.3,62.8,0,2,1,3,2,2,2,8.3,1,No,Low,Tier 1,Yes,Medium,Not Placed,0.0
1264,Male,EE,4.38,71.7,55.6,0,5.5,51.5,3,1,2,3,1,1,2,6.2,5,No,High,Tier 3,Yes,Low,Not Placed,0.0
1265,Male,ME,7.27,72.3,85.4,0,7.2,49.5,3,3,3,3,4,0,2,8.3,3,Yes,Medium,Tier 3,Yes,Low,Placed,15.07
1266,Male,ECE,8.95,92.6,82.8,0,8.8,89.7,3,2,4,2,5,4,2,9.3,5,No,Low,Tier 2,Yes,High,Placed,17.81
1267,Male,EE,6.74,76.8,67.1,0,7.1,76.3,5,3,4,2,3,4,1,4.9,10,No,High,Tier 2,Yes,Low,Placed,15.71
1268,Male,CSE,2.04,21.0,27.6,3,2.6,37.7,3,0,2,3,1,1,0,8.4,3,No,Medium,Tier 3,No,Low,Not Placed,0.0
1269,Female,CSE,9.33,100.0,89.3,0,10.0,95.3,3,4,2,4,4,2,0,5.2,4,No,Medium,Tier 1,Yes,High,Placed,14.99
1270,Male,IT,2.64,43.8,53.4,0,3.5,67.6,3,1,2,4,4,3,3,6.1,7,No,Medium,Tier 1,Yes,Medium,Not Placed,0.0
1271,Female,ECE,1.5,43.3,35.7,0,0.0,44.3,2,1,1,1,2,0,1,8.4,6,Yes,Low,Tier 3,Yes,Low,Not Placed,0.0
1272,Female,CE,0.9,15.9,13.9,0,1.8,56.4,3,0,3,2,0,0,1,7.4,8,No,Medium,Tier 2,Yes,Medium,Not Placed,0.0
1273,Female,CSE,5.63,63.8,57.0,1,5.0,95.6,6,2,4,4,2,4,1,6.4,7,No,Medium,Tier 2,Yes,Medium,Not Placed,0.0
1274,Male,ECE,1.14,25.1,30.8,2,3.1,72.2,2,1,1,4,0,2,0,9.7,4,No,Medium,Tier 2,Yes,Medium,Not Placed,0.0
1275,Male,ECE,1.39,29.5,20.1,5,2.0,29.1,0,1,2,1,3,1,2,6.6,7,No,Medium,Tier 2,No,Medium,Not Placed,0.0
1276,Male,IT,3.0,26.0,34.7,0,4.7,38.8,0,1,0,4,3,1,0,8.3,6,Yes,Medium,Tier 3,Yes,Medium,Not Placed,0.0
1277,Male,CSE,2.82,40.1,54.0,0,4.0,46.6,4,2,3,3,2,3,0,6.6,2,No,High,Tier 2,Yes,Low,Not Placed,0.0
1278,Female,ECE,6.04,52.1,60.2,0,4.7,72.8,1,1,3,4,0,2,1,7.5,10,No,High,Tier 1,Yes,Low,Placed,11.93
1279,Male,ME,8.17,88.0,92.9,0,7.1,100.0,3,3,3,2,3,3,1,7.6,3,No,High,Tier 1,Yes,Low,Placed,16.45
1280,Male,CSE,7.61,58.4,91.4,4,6.1,88.2,4,3,5,1,4,3,3,7.1,5,No,Low,Tier 1,Yes,Medium,Not Placed,0.0
1281,Female,ME,2.62,18.8,31.6,0,3.5,36.3,2,2,2,3,2,0,4,5.3,5,No,Low,Tier 1,Yes,Low,Not Placed,0.0
1282,Female,ECE,2.45,44.0,28.7,0,2.4,42.4,2,1,1,3,2,1,1,7.3,6,No,Medium,Tier 3,Yes,Medium,Not Placed,0.0
1283,Male,IT,9.66,91.6,92.5,1,8.3,92.5,3,3,4,3,3,3,2,6.3,6,No,High,Tier 2,Yes,Low,Placed,16.89
1284,Male,IT,0.08,5.8,7.8,1,1.3,17.6,1,0,1,3,1,0,3,6.5,7,No,Medium,Tier 2,Yes,Medium,Not Placed,0.0
1285,Male,CSE,8.8,100.0,89.6,0,7.5,88.0,6,2,5,5,3,3,1,7.7,5,Yes,Low,Tier 3,Yes,Low,Placed,18.92
1286,Male,ECE,2.0,35.3,31.9,2,5.0,32.7,5,1,2,1,2,1,3,7.6,8,No,High,Tier 1,Yes,High,Not Placed,0.0
1287,Male,ME,9.47,100.0,97.4,0,7.8,72.0,4,5,3,2,4,3,1,6.1,4,No,Medium,Tier 2,Yes,Medium,Placed,17.32
1288,Male,ECE,3.42,42.4,59.3,3,2.0,44.2,0,3,1,2,3,0,1,7.3,4,No,Low,Tier 1,Yes,Low,Not Placed,0.0
1289,Male,EE,4.4,79.2,61.4,0,5.6,66.3,3,1,2,3,3,1,1,7.0,2,No,Medium,Tier 2,Yes,Low,Not Placed,0.0
1290,Male,ECE,7.07,69.0,79.5,0,7.5,82.3,5,1,3,4,3,4,1,6.0,6,Yes,Low,Tier 1,Yes,Low,Placed,15.78
1291,Male,CSE,5.88,82.4,45.4,0,3.6,71.4,4,2,3,4,4,2,1,6.0,9,No,Medium,Tier 1,Yes,High,Placed,15.04
1292,Male,ECE,3.18,41.4,47.9,0,3.0,66.0,1,2,2,4,2,2,0,6.1,5,No,Low,Tier 1,No,Medium,Not Placed,0.0
1293,Male,EE,5.54,45.5,79.5,0,5.8,78.9,4,2,3,4,2,2,2,7.0,9,No,Medium,Tier 1,Yes,Medium,Placed,14.07
1294,Female,CSE,7.31,82.0,46.4,1,7.1,81.3,5,4,5,1,5,5,0,6.6,3,Yes,Medium,Tier 3,Yes,Medium,Placed,15.4
1295,Female,ME,0.42,21.7,28.3,0,1.8,38.3,2,0,2,1,1,2,2,7.3,3,No,Low,Tier 1,Yes,Medium,Not Placed,0.0
1296,Male,ME,0.11,5.4,17.3,1,1.6,37.2,2,0,2,4,1,1,5,5.9,8,No,Low,Tier 2,Yes,High,Not Placed,0.0
1297,Male,ECE,4.58,44.7,46.1,0,3.8,60.7,4,1,3,4,2,2,2,6.8,5,No,Medium,Tier 3,Yes,High,Not Placed,0.0
1298,Male,CSE,1.32,26.0,36.6,0,0.0,16.8,1,1,1,4,2,2,1,6.9,4,Yes,Medium,Tier 3,Yes,High,Not Placed,0.0
1299,Female,IT,6.64,74.9,88.2,4,8.2,88.5,6,3,4,2,4,3,2,7.4,6,No,Low,Tier 3,Yes,High,Not Placed,0.0
1300,Female,CSE,2.14,8.5,42.9,2,2.0,52.6,2,2,2,3,1,2,0,8.8,6,No,Low,Tier 2,Yes,Low,Not Placed,0.0
1301,Male,IT,4.33,62.3,48.9,0,4.7,46.4,3,1,3,3,3,3,0,8.3,7,No,Low,Tier 2,Yes,Medium,Not Placed,0.0
1302,Female,ECE,1.98,26.9,24.4,0,2.7,64.0,2,2,1,2,2,0,3,6.9,5,No,Medium,Tier 2,Yes,Low,Not Placed,0.0
1303,Male,ECE,5.48,48.3,63.3,0,6.2,60.8,4,2,4,3,2,0,1,5.1,3,No,Medium,Tier 2,Yes,High,Placed,13.83
1304,Male,IT,1.16,34.3,36.0,0,2.4,40.7,2,2,1,5,1,1,1,6.4,5,Yes,High,Tier 2,Yes,Medium,Not Placed,0.0
1305,Female,ECE,0.23,16.7,16.0,0,1.8,48.7,0,1,0,2,1,1,1,8.1,5,No,Low,Tier 2,No,Low,Not Placed,0.0
1306,Female,ECE,0.51,31.5,19.2,0,0.0,40.7,3,0,1,5,2,0,6,6.9,8,No,Low,Tier 3,Yes,Low,Not Placed,0.0
1307,Female,ECE,9.54,100.0,100.0,0,7.3,100.0,4,3,3,2,4,2,2,5.5,2,No,High,Tier 2,Yes,Medium,Placed,17.76
1308,Female,ECE,1.42,27.1,40.1,0,3.2,39.3,1,1,1,1,3,2,2,6.8,5,No,Medium,Tier 2,Yes,Medium,Not Placed,0.0
1309,Male,ECE,7.08,73.7,86.1,1,7.1,97.8,4,3,3,4,4,3,1,6.4,6,Yes,Medium,Tier 2,Yes,Low,Placed,15.36
1310,Female,ME,0.68,25.6,8.8,0,1.0,29.7,0,0,0,3,0,2,0,8.5,9,No,Medium,Tier 1,Yes,Low,Not Placed,0.0
1311,Male,ECE,1.08,20.0,19.6,0,0.7,57.3,2,0,1,5,0,1,1,6.3,4,No,High,Tier 1,Yes,Medium,Not Placed,0.0
1312,Female,ECE,5.09,49.7,59.5,1,5.2,38.4,4,2,3,5,3,2,0,7.5,4,No,Medium,Tier 2,Yes,Low,Placed,13.48
1313,Male,IT,4.65,60.6,45.2,1,1.8,49.7,3,0,3,3,4,3,3,7.8,7,No,High,Tier 1,Yes,Medium,Placed,12.25
1314,Female,CSE,9.52,94.5,100.0,0,7.0,95.7,3,2,4,5,5,3,1,5.5,1,No,Medium,Tier 3,Yes,Medium,Placed,17.79
1315,Male,CSE,9.45,95.7,100.0,2,9.9,86.9,4,3,5,2,4,4,1,6.1,4,Yes,High,Tier 2,Yes,Low,Placed,17.86
1316,Female,CE,7.8,92.2,75.1,1,8.4,80.9,4,2,4,2,3,3,0,6.5,7,No,Low,Tier 3,No,Medium,Placed,16.31
1317,Male,IT,6.02,65.0,84.0,0,6.2,71.6,2,2,3,4,3,2,1,7.2,6,No,Medium,Tier 2,Yes,Medium,Placed,14.54
1318,Female,ECE,4.55,53.8,54.4,0,5.0,48.0,2,1,1,1,3,0,4,6.3,6,Yes,Low,Tier 1,Yes,Medium,Placed,9.92
1319,Male,IT,3.56,39.3,72.4,1,2.0,43.0,1,0,2,3,3,2,0,5.3,2,No,High,Tier 1,Yes,Medium,Not Placed,0.0
1320,Male,CSE,9.47,99.8,95.2,0,7.4,94.6,6,4,5,4,5,4,0,5.8,3,No,High,Tier 1,Yes,Low,Placed,18.59
1321,Male,IT,6.03,69.8,72.0,0,5.4,63.2,2,2,2,5,4,0,4,8.1,8,No,Medium,Tier 1,Yes,Medium,Placed,12.57
1322,Male,ECE,5.79,73.2,78.3,1,4.8,85.8,2,0,3,2,4,2,0,9.5,5,No,Medium,Tier 2,Yes,Medium,Not Placed,0.0
1323,Female,ECE,2.32,28.9,49.3,0,2.8,46.6,2,2,2,4,3,0,1,7.4,5,No,Medium,Tier 1,No,Low,Not Placed,0.0
1324,Male,ECE,0.47,14.4,26.9,0,3.1,46.4,2,0,2,2,0,1,1,8.3,4,No,Medium,Tier 2,Yes,Low,Not Placed,0.0
1325,Female,CSE,9.45,100.0,92.2,0,7.6,97.0,5,2,5,2,3,3,5,7.4,6,No,Medium,Tier 1,Yes,Medium,Placed,18.23
1326,Male,CSE,3.14,44.2,48.3,0,3.4,46.6,1,2,2,3,1,2,0,7.8,5,No,High,Tier 2,No,Low,Not Placed,0.0
1327,Male,EE,4.43,43.6,45.3,0,5.3,37.8,2,1,3,3,1,2,1,7.9,7,No,Low,Tier 2,Yes,Medium,Not Placed,0.0
1328,Female,ECE,1.15,37.8,28.7,0,0.9,56.1,1,1,1,2,1,3,2,7.8,3,Yes,Medium,Tier 2,Yes,Low,Not Placed,0.0
1329,Female,ECE,8.37,69.2,73.9,1,6.5,73.5,3,2,3,5,2,3,0,7.4,7,No,Low,Tier 2,Yes,Low,Placed,14.7
1330,Male,CSE,0.28,25.2,2.4,1,1.0,31.8,2,0,1,1,0,2,1,7.2,9,No,High,Tier 1,Yes,Low,Not Placed,0.0
1331,Male,CSE,8.34,73.2,85.2,0,7.4,83.2,5,2,5,3,4,2,1,6.5,7,No,Low,Tier 2,Yes,Medium,Placed,18.33
1332,Female,IT,1.4,45.8,41.8,4,2.1,42.8,1,0,1,3,0,1,0,7.6,3,No,Medium,Tier 3,Yes,Medium,Not Placed,0.0
1333,Male,ECE,8.87,74.9,98.2,0,7.4,99.8,5,5,5,1,4,3,1,7.4,7,No,Medium,Tier 3,Yes,Low,Placed,18.63
1334,Female,ECE,7.3,88.6,75.6,0,5.9,78.9,5,2,5,5,4,4,1,5.9,5,No,High,Tier 2,Yes,Low,Placed,17.61
1335,Female,CSE,1.65,28.2,48.7,0,1.6,43.4,3,0,3,2,0,2,0,8.4,4,No,Low,Tier 3,Yes,Low,Not Placed,0.0
1336,Female,IT,5.66,59.4,57.6,0,6.1,81.2,2,3,1,3,4,1,0,8.2,6,No,Medium,Tier 2,No,High,Placed,12.13
1337,Male,CSE,3.13,43.5,23.9,0,3.4,61.0,2,1,4,3,1,4,1,7.2,5,No,Low,Tier 1,Yes,Medium,Not Placed,0.0
1338,Female,CSE,1.78,36.4,10.4,0,3.4,36.9,3,1,2,1,2,1,0,8.4,5,No,Low,Tier 3,Yes,High,Not Placed,0.0
1339,Male,ECE,8.59,79.0,74.9,0,6.4,72.8,6,2,5,2,3,5,1,7.9,7,No,Medium,Tier 2,Yes,High,Placed,16.18
1340,Male,CSE,4.04,41.2,58.5,0,3.7,49.4,5,1,3,5,3,4,1,6.5,6,No,High,Tier 3,Yes,Medium,Not Placed,0.0
1341,Male,CSE,3.99,55.4,43.6,1,4.1,58.3,1,1,2,3,2,1,1,4.8,2,No,Low,Tier 2,Yes,Low,Not Placed,0.0
1342,Male,IT,1.7,12.4,36.2,2,2.6,30.2,1,2,0,0,2,1,2,4.8,8,No,Medium,Tier 1,Yes,High,Not Placed,0.0
1343,Female,IT,3.83,41.7,65.1,1,4.9,59.1,2,1,4,3,2,3,3,8.5,8,No,Medium,Tier 3,Yes,Medium,Not Placed,0.0
1344,Female,ME,8.72,100.0,76.8,0,7.2,85.8,2,4,4,3,5,3,2,7.0,7,No,Low,Tier 1,Yes,Low,Placed,15.48
1345,Female,ECE,3.63,36.2,51.8,0,4.8,26.3,1,1,1,3,3,1,3,6.6,7,No,Medium,Tier 2,Yes,Medium,Not Placed,0.0
1346,Male,CSE,9.52,100.0,99.5,0,8.5,75.2,4,3,4,1,4,1,0,6.2,5,Yes,Low,Tier 2,Yes,Medium,Placed,17.16
1347,Male,CSE,9.46,89.6,85.1,0,8.0,57.1,5,2,4,3,4,2,0,7.1,3,No,High,Tier 3,Yes,Medium,Placed,17.93
1348,Male,EE,1.45,32.4,43.1,2,1.6,39.6,3,2,1,2,1,1,1,8.1,6,No,Medium,Tier 1,Yes,Medium,Not Placed,0.0
1349,Female,ECE,1.77,36.6,29.3,0,3.5,58.5,3,1,1,3,0,1,1,6.0,9,Yes,High,Tier 1,Yes,High,Not Placed,0.0
1350,Male,IT,8.63,99.6,83.2,0,6.6,64.1,6,3,5,4,4,5,1,7.1,6,No,Medium,Tier 2,Yes,Low,Placed,18.61
1351,Female,CSE,3.93,46.4,70.6,0,4.2,42.7,4,3,3,3,3,2,3,10.0,9,No,Medium,Tier 1,Yes,Medium,Not Placed,0.0
1352,Male,ECE,0.04,35.2,23.5,0,1.5,33.3,0,1,0,5,3,0,1,9.2,9,No,Medium,Tier 2,Yes,Low,Not Placed,0.0
1353,Male,CSE,2.74,32.4,49.2,0,3.2,38.7,3,1,1,5,3,1,0,4.3,5,No,High,Tier 1,Yes,Medium,Not Placed,0.0
1354,Female,ECE,5.98,68.2,79.4,0,5.3,58.1,4,2,3,2,2,1,3,4.8,5,No,Medium,Tier 2,Yes,Low,Placed,14.59
1355,Male,CE,7.99,85.4,75.4,0,6.3,89.4,3,2,4,3,4,3,3,9.2,5,No,Low,Tier 2,Yes,Low,Placed,16.58
1356,Female,EE,1.33,15.1,41.1,3,0.8,37.0,2,2,1,4,1,1,1,8.1,5,No,High,Tier 3,Yes,Low,Not Placed,0.0
1357,Female,ECE,1.11,21.6,21.9,0,3.7,23.8,0,0,0,3,3,0,0,7.1,4,No,Medium,Tier 2,Yes,Medium,Not Placed,0.0
1358,Male,ECE,9.22,95.0,86.3,2,7.5,65.3,7,2,5,0,4,1,1,7.6,7,No,High,Tier 3,Yes,Medium,Placed,17.29
1359,Male,CE,7.51,74.5,75.4,1,6.6,100.0,2,2,3,3,5,2,2,6.6,7,No,Medium,Tier 2,Yes,Low,Placed,13.47
1360,Male,IT,5.9,89.6,59.0,1,5.5,83.9,2,2,2,4,2,3,1,6.2,2,No,Low,Tier 1,Yes,Low,Placed,12.84
1361,Female,CSE,7.69,72.0,87.7,0,8.0,75.7,4,2,4,1,4,6,1,7.9,9,No,Medium,Tier 3,Yes,High,Placed,17.01
1362,Male,ECE,4.29,63.3,55.0,0,6.4,61.8,3,0,3,3,2,0,1,6.9,4,No,Low,Tier 1,Yes,Low,Not Placed,0.0
1363,Female,CSE,7.58,88.0,73.7,0,7.0,74.6,6,4,4,1,2,5,1,8.0,5,No,Low,Tier 1,Yes,High,Placed,15.09
1364,Female,ECE,3.72,46.5,54.5,0,3.9,63.4,6,2,4,4,1,4,3,6.3,6,Yes,Medium,Tier 3,Yes,Medium,Not Placed,0.0
1365,Female,ECE,2.44,27.1,34.8,0,2.1,39.4,2,1,4,3,2,2,2,7.9,4,No,Medium,Tier 2,No,Low,Not Placed,0.0
1366,Male,ECE,7.29,69.3,73.0,0,5.2,72.2,5,3,4,2,5,5,0,7.4,4,No,Medium,Tier 1,Yes,Medium,Placed,17.23
1367,Female,ECE,4.2,45.5,52.1,1,2.7,65.7,2,2,2,2,1,2,0,5.4,4,No,Medium,Tier 1,Yes,Low,Not Placed,0.0
1368,Female,CSE,9.81,80.5,100.0,4,7.6,100.0,6,3,5,1,4,3,0,8.8,5,No,Medium,Tier 1,Yes,Low,Not Placed,0.0
1369,Male,ECE,3.49,34.6,49.8,0,1.9,64.8,2,2,1,4,1,0,0,5.3,4,No,Low,Tier 3,Yes,Low,Not Placed,0.0
1370,Male,ME,9.22,78.5,88.1,0,9.0,100.0,3,3,4,2,5,3,1,8.6,6,No,Medium,Tier 2,Yes,High,Placed,16.7
1371,Female,IT,9.33,100.0,100.0,2,8.5,87.2,2,4,3,4,4,2,2,7.5,3,No,Low,Tier 3,Yes,Medium,Placed,14.96
1372,Male,CSE,2.42,41.8,35.1,0,2.9,42.0,1,1,1,2,2,3,4,7.8,6,Yes,Medium,Tier 1,Yes,Low,Not Placed,0.0
1373,Female,CE,7.98,90.7,75.3,0,8.2,59.6,3,3,3,5,3,1,1,6.4,3,Yes,High,Tier 2,Yes,Low,Placed,15.69
1374,Male,CE,4.33,57.7,38.0,0,3.5,61.8,3,1,3,5,1,1,1,6.6,8,No,High,Tier 2,Yes,Low,Not Placed,0.0
1375,Male,CSE,9.18,94.7,100.0,2,7.1,94.6,4,3,4,5,3,2,0,7.0,7,No,Medium,Tier 2,Yes,High,Placed,16.68
1376,Female,CSE,4.5,67.9,54.1,0,2.7,58.4,5,1,3,5,2,5,0,5.5,1,No,High,Tier 2,No,Medium,Placed,12.07
1377,Male,IT,7.44,72.1,79.6,0,7.5,70.3,6,2,5,2,4,3,1,7.7,7,No,Medium,Tier 1,Yes,Medium,Placed,16.45
1378,Male,ME,4.67,55.8,65.8,0,4.0,77.9,5,1,4,2,0,4,3,6.6,1,No,High,Tier 2,Yes,High,Not Placed,0.0
1379,Male,EE,2.28,41.9,31.5,2,3.1,56.3,1,1,1,5,2,0,2,4.5,3,No,Low,Tier 2,Yes,Medium,Not Placed,0.0
1380,Male,ME,1.99,18.7,20.2,3,3.9,62.7,1,2,2,3,2,2,3,9.3,8,No,Medium,Tier 2,Yes,High,Not Placed,0.0
1381,Male,IT,4.25,82.1,52.7,0,5.8,49.1,4,1,3,4,1,2,5,7.3,4,No,Low,Tier 3,Yes,Low,Not Placed,0.0
1382,Male,ECE,7.55,79.5,81.5,3,6.8,71.8,4,2,5,2,3,3,2,7.4,9,Yes,Low,Tier 3,Yes,High,Placed,14.69
1383,Female,CSE,6.05,67.8,63.8,0,6.1,85.7,2,2,4,2,4,4,1,6.2,7,No,Low,Tier 2,No,High,Placed,15.68
1384,Male,CSE,6.89,86.1,87.9,0,5.4,75.8,6,2,5,4,2,3,1,7.4,5,No,Low,Tier 1,Yes,Medium,Placed,16.79
1385,Female,ECE,2.82,48.1,15.7,3,5.2,45.1,0,2,0,1,1,0,2,7.9,4,No,Medium,Tier 3,Yes,Medium,Not Placed,0.0
1386,Male,IT,4.81,56.3,67.7,0,4.7,57.9,2,1,2,4,5,1,2,5.3,9,No,Medium,Tier 2,Yes,Medium,Placed,12.36
1387,Female,ECE,0.44,20.0,29.4,0,1.9,37.5,3,1,2,4,1,1,1,7.7,5,Yes,Low,Tier 2,Yes,Medium,Not Placed,0.0
1388,Male,IT,8.18,69.5,88.0,0,6.8,96.1,4,3,5,2,4,4,1,5.7,2,Yes,Low,Tier 2,Yes,Low,Placed,16.49
1389,Female,CSE,9.9,93.6,63.8,1,9.6,92.5,3,3,5,3,4,3,1,5.5,4,No,Medium,Tier 2,Yes,Low,Placed,19.3
1390,Male,ECE,4.07,54.8,63.4,2,4.5,68.9,4,1,2,3,3,3,2,5.9,6,No,Medium,Tier 2,Yes,Medium,Not Placed,0.0
1391,Male,CSE,0.11,20.4,8.6,2,2.3,41.3,2,1,2,3,2,1,1,9.5,4,No,Medium,Tier 1,Yes,Medium,Not Placed,0.0
1392,Male,ECE,1.7,41.7,26.5,0,3.0,34.7,2,0,0,4,0,0,2,7.9,10,No,High,Tier 1,Yes,Low,Not Placed,0.0
1393,Male,IT,6.53,69.3,68.5,2,5.9,63.6,5,1,4,2,1,2,0,7.0,4,Yes,Medium,Tier 1,Yes,Low,Placed,13.74
1394,Male,IT,6.12,53.1,71.0,0,6.7,66.3,4,2,3,5,2,2,4,9.0,4,No,Low,Tier 1,Yes,High,Placed,13.76
1395,Male,EE,7.88,92.5,87.4,0,7.4,66.2,3,2,3,3,4,1,3,5.9,4,No,Medium,Tier 3,Yes,Medium,Placed,15.82
1396,Female,CSE,2.54,51.0,47.2,1,2.3,44.1,2,1,2,3,2,3,1,5.8,7,No,Medium,Tier 3,Yes,Low,Not Placed,0.0
1397,Male,ECE,7.64,88.9,87.3,0,5.9,99.0,4,4,3,5,2,2,1,5.9,5,Yes,High,Tier 2,Yes,Medium,Placed,16.88
1398,Male,CSE,6.88,71.8,75.6,0,6.5,75.9,5,3,4,1,3,2,1,9.3,7,No,Medium,Tier 1,Yes,Low,Placed,15.22
1399,Female,ECE,3.23,52.9,48.0,0,4.7,45.2,2,1,2,5,2,2,3,8.0,8,Yes,Low,Tier 2,Yes,Medium,Not Placed,0.0
1400,Female,ME,5.45,95.6,50.7,0,7.0,90.7,5,2,4,3,2,2,5,6.0,6,No,Medium,Tier 1,Yes,Medium,Placed,14.63
1401,Male,IT,1.47,28.6,22.2,0,0.8,32.7,2,0,2,2,1,3,2,6.2,6,No,High,Tier 2,Yes,Low,Not Placed,0.0
1402,Male,ME,4.53,40.4,63.2,0,4.7,50.6,1,1,1,2,2,3,0,7.3,3,No,Low,Tier 1,Yes,Medium,Not Placed,0.0
1403,Male,CSE,8.81,84.0,96.9,0,8.2,100.0,4,1,3,1,5,1,1,5.6,2,Yes,Medium,Tier 2,Yes,Medium,Placed,14.82
1404,Female,ME,4.21,57.0,58.9,0,4.7,68.2,1,0,1,3,2,2,3,6.8,3,No,Medium,Tier 3,Yes,High,Not Placed,0.0
1405,Female,CSE,8.4,70.4,80.1,1,8.4,83.8,5,4,5,3,3,3,1,5.8,6,No,Medium,Tier 2,Yes,High,Placed,16.72
1406,Male,ME,5.9,66.8,74.3,0,6.3,80.4,4,1,4,4,4,3,0,6.9,10,Yes,High,Tier 1,Yes,Medium,Placed,14.36
1407,Female,CSE,1.92,35.1,21.7,0,1.9,50.1,3,0,3,3,0,3,0,8.0,4,No,High,Tier 1,Yes,Low,Not Placed,0.0
1408,Female,CSE,5.81,79.7,75.3,1,4.6,55.6,3,3,2,2,1,2,5,9.1,8,No,Low,Tier 2,Yes,Low,Placed,13.31
1409,Male,ECE,5.06,71.1,55.9,2,5.4,36.6,4,0,4,5,3,3,2,5.1,7,Yes,Medium,Tier 1,Yes,Low,Placed,12.43
1410,Female,CE,3.99,57.6,66.8,0,5.3,52.1,1,1,0,5,2,1,1,7.7,6,No,High,Tier 1,Yes,High,Not Placed,0.0
1411,Male,CSE,1.2,3.6,12.4,0,2.5,55.2,2,0,1,5,1,2,2,7.8,5,No,High,Tier 2,Yes,Medium,Not Placed,0.0
1412,Male,ECE,4.17,59.7,69.0,3,2.8,54.9,3,2,3,3,1,2,1,6.7,5,Yes,High,Tier 3,No,High,Not Placed,0.0
1413,Male,ME,0.73,28.3,20.2,0,1.0,44.9,1,1,1,4,2,0,4,6.3,5,No,High,Tier 2,Yes,Medium,Not Placed,0.0
1414,Male,ECE,0.99,26.0,22.1,3,2.9,43.2,1,1,1,4,3,1,1,6.3,7,No,Low,Tier 2,Yes,Medium,Not Placed,0.0
1415,Male,CSE,4.16,33.1,53.2,0,4.1,39.6,3,3,3,5,2,1,2,4.8,7,No,Low,Tier 3,Yes,High,Not Placed,0.0
1416,Female,ECE,3.05,33.2,35.4,0,3.8,48.4,2,2,1,3,2,2,3,7.9,5,No,Medium,Tier 1,Yes,Medium,Not Placed,0.0
1417,Male,ECE,9.26,82.0,91.4,0,9.0,94.9,5,3,5,2,2,4,2,6.1,5,Yes,High,Tier 1,No,High,Placed,18.65
1418,Male,CE,3.76,26.8,40.7,0,2.9,48.1,4,3,3,4,2,1,0,5.0,4,No,Medium,Tier 2,Yes,Medium,Not Placed,0.0
1419,Male,IT,7.58,79.4,71.6,2,6.4,76.1,3,1,4,3,3,4,1,7.4,8,No,High,Tier 1,Yes,Medium,Placed,15.14
1420,Female,ECE,5.3,52.1,65.3,4,4.7,71.5,4,4,3,2,2,2,2,7.4,7,No,Low,Tier 1,Yes,Low,Not Placed,0.0
1421,Male,EE,7.04,100.0,65.3,4,6.8,78.1,3,4,3,4,3,2,1,8.0,8,No,Medium,Tier 1,Yes,High,Not Placed,0.0
1422,Male,ECE,2.6,35.4,31.1,2,4.1,63.2,4,1,2,5,1,3,0,9.2,4,No,Medium,Tier 1,Yes,Low,Not Placed,0.0
1423,Male,CSE,9.42,100.0,79.6,2,6.6,96.1,6,2,5,2,3,5,1,7.0,4,No,Medium,Tier 2,Yes,High,Placed,16.4
1424,Male,CSE,5.3,44.4,55.4,1,5.2,55.3,3,1,2,2,2,0,0,6.6,9,No,Medium,Tier 2,Yes,Low,Not Placed,0.0
1425,Female,ECE,8.31,80.3,97.6,2,8.2,79.1,3,2,3,3,3,3,0,6.5,8,Yes,Medium,Tier 2,Yes,Medium,Placed,15.33
1426,Female,CSE,3.65,47.0,38.7,0,2.2,57.1,2,2,3,4,3,2,2,6.6,4,Yes,High,Tier 1,Yes,Medium,Not Placed,0.0
1427,Male,CE,1.0,14.4,18.7,0,2.1,57.1,2,0,1,3,2,2,2,6.1,4,Yes,Medium,Tier 1,Yes,Low,Not Placed,0.0
1428,Female,IT,6.74,68.1,73.9,0,5.0,69.8,4,4,4,4,4,3,0,6.5,6,No,Low,Tier 1,Yes,Medium,Placed,15.83
1429,Female,CSE,0.08,13.5,14.9,2,0.9,14.7,2,0,1,3,2,1,0,6.1,8,No,Low,Tier 2,Yes,Medium,Not Placed,0.0
1430,Female,ECE,4.75,53.0,78.3,1,2.3,68.8,2,3,3,4,2,2,3,5.8,4,No,Low,Tier 2,No,Low,Placed,12.7
1431,Male,IT,1.93,50.0,31.8,2,4.2,37.5,2,0,1,2,2,2,2,9.1,6,No,Medium,Tier 3,Yes,High,Not Placed,0.0
1432,Male,CE,6.27,72.1,71.5,0,5.5,57.2,3,3,2,2,4,1,1,8.7,8,No,Low,Tier 1,Yes,Medium,Placed,14.28
1433,Male,ME,9.79,100.0,100.0,1,7.5,94.0,3,3,4,3,4,4,0,4.8,5,No,Low,Tier 3,Yes,Medium,Placed,17.82
1434,Female,ECE,4.64,59.8,64.4,4,5.1,74.5,2,2,2,1,1,2,2,7.4,5,No,Medium,Tier 2,Yes,High,Not Placed,0.0
1435,Male,IT,8.17,90.6,85.7,0,6.2,77.1,2,2,3,3,3,3,0,6.9,8,No,Medium,Tier 1,Yes,High,Placed,15.39
1436,Male,ECE,5.08,57.4,57.0,3,3.9,71.4,2,1,3,1,4,1,0,7.2,5,No,Medium,Tier 2,Yes,Medium,Not Placed,0.0
1437,Male,ECE,4.96,54.0,77.9,0,6.5,72.9,3,1,3,2,2,3,1,5.3,8,No,High,Tier 3,Yes,Low,Placed,13.67
1438,Female,CSE,9.3,95.7,91.4,0,9.8,100.0,4,4,4,3,4,4,2,4.8,5,No,Medium,Tier 2,Yes,Medium,Placed,18.89
1439,Male,CSE,8.9,100.0,84.8,2,7.1,79.6,6,4,5,2,3,6,4,6.9,3,Yes,Low,Tier 3,Yes,Low,Placed,16.86
1440,Female,ECE,7.86,93.1,74.4,0,8.1,68.7,2,3,2,3,4,2,0,6.6,7,No,High,Tier 2,Yes,Medium,Placed,14.33
1441,Female,CSE,2.96,37.8,24.4,0,3.9,40.9,1,0,1,3,1,0,1,6.3,4,No,Low,Tier 2,Yes,Medium,Not Placed,0.0
1442,Male,CSE,5.45,69.0,69.8,0,3.9,77.2,3,3,2,5,1,1,0,6.8,3,No,Medium,Tier 3,Yes,Medium,Placed,12.53
1443,Female,IT,2.24,32.1,12.4,0,2.1,56.4,4,1,3,2,1,3,3,7.7,9,No,Medium,Tier 2,No,Low,Not Placed,0.0
1444,Male,CSE,4.44,53.1,53.5,0,6.2,50.2,6,0,5,3,2,3,2,8.1,6,No,Low,Tier 2,Yes,Medium,Not Placed,0.0
1445,Female,ECE,4.84,51.4,54.7,0,3.5,89.6,4,0,2,4,4,1,2,5.8,5,Yes,Low,Tier 2,Yes,Medium,Placed,11.16
1446,Male,ECE,8.32,83.9,100.0,3,9.6,72.0,4,2,4,3,4,2,2,5.9,5,No,Low,Tier 1,Yes,Low,Placed,16.71
1447,Female,EE,8.96,100.0,71.4,0,7.2,100.0,4,3,4,2,3,3,2,7.2,9,Yes,Medium,Tier 3,Yes,Medium,Placed,17.38
1448,Female,ECE,4.15,51.2,42.2,0,6.0,78.1,2,1,3,2,2,3,0,8.5,9,No,High,Tier 1,Yes,High,Not Placed,0.0
1449,Female,CSE,0.18,17.9,18.1,3,1.3,37.4,2,0,0,5,2,0,2,6.7,4,No,Low,Tier 1,Yes,High,Not Placed,0.0
1450,Female,ECE,8.62,73.8,85.0,3,8.3,77.5,5,4,5,3,4,5,3,7.2,6,No,Medium,Tier 3,Yes,Low,Placed,15.81
1451,Male,ME,1.74,26.7,26.4,1,4.1,36.5,2,2,2,3,1,2,2,5.4,5,No,Low,Tier 3,Yes,Medium,Not Placed,0.0
1452,Female,EE,6.22,65.5,67.0,0,7.2,69.2,2,3,2,5,3,3,2,4.4,7,Yes,Low,Tier 1,Yes,Low,Placed,13.39
1453,Female,ECE,0.25,8.8,7.4,0,1.1,49.5,2,0,1,3,0,1,1,9.8,5,No,Medium,Tier 2,Yes,Low,Not Placed,0.0
1454,Male,CSE,4.0,49.2,53.6,0,3.4,44.6,1,2,1,5,3,0,2,7.3,2,No,Low,Tier 3,No,Medium,Not Placed,0.0
1455,Male,CE,9.86,94.5,73.7,0,8.3,72.1,4,3,4,1,5,2,0,5.8,3,Yes,Low,Tier 3,Yes,High,Placed,17.82
1456,Female,CSE,1.01,24.4,25.8,1,0.9,45.4,1,2,1,3,0,1,3,4.4,8,No,High,Tier 1,No,Medium,Not Placed,0.0
1457,Female,IT,4.24,52.3,45.9,0,4.7,67.4,2,2,2,1,4,2,2,8.7,4,No,Low,Tier 1,No,Low,Not Placed,0.0
1458,Female,ECE,3.07,31.5,52.7,1,2.8,77.0,2,2,2,3,2,1,2,5.9,7,No,Medium,Tier 2,Yes,Low,Not Placed,0.0
1459,Male,CSE,9.05,87.9,100.0,0,8.9,72.7,6,3,4,3,2,4,1,5.9,6,No,Medium,Tier 2,Yes,Medium,Placed,16.86
1460,Female,CSE,8.69,89.6,84.2,0,7.0,85.5,2,3,4,2,4,4,2,6.1,4,No,Medium,Tier 1,Yes,High,Placed,17.99
1461,Male,CSE,2.38,47.1,50.9,0,1.4,63.2,3,1,2,3,0,1,1,7.2,5,No,Medium,Tier 1,No,Low,Not Placed,0.0
1462,Female,IT,0.81,24.5,21.3,2,3.5,41.3,2,1,1,3,2,0,0,7.8,4,No,Medium,Tier 3,Yes,Medium,Not Placed,0.0
1463,Male,CE,6.27,61.7,58.5,0,6.1,70.3,1,3,3,3,3,3,0,6.6,5,No,Medium,Tier 2,Yes,Medium,Placed,13.2
1464,Female,CSE,3.36,47.6,62.3,0,3.9,64.6,2,1,2,2,2,2,1,5.7,2,No,Low,Tier 1,Yes,Low,Not Placed,0.0
1465,Female,ME,6.72,89.2,77.0,0,7.3,68.1,6,2,5,5,3,4,1,9.8,5,No,High,Tier 1,Yes,Medium,Placed,17.63
1466,Male,CSE,0.32,26.9,20.6,0,2.6,47.1,2,0,2,2,2,2,1,6.4,4,No,Medium,Tier 2,Yes,Medium,Not Placed,0.0
1467,Female,ECE,1.33,31.8,35.5,0,1.7,27.9,1,1,0,3,1,0,4,7.0,6,No,Medium,Tier 2,Yes,Low,Not Placed,0.0
1468,Male,CSE,6.86,80.6,75.6,0,5.9,57.9,3,2,4,2,3,3,1,5.2,7,Yes,Medium,Tier 2,No,Low,Placed,15.76
1469,Female,CE,2.12,47.4,34.3,0,1.9,44.4,1,1,1,2,2,1,1,7.7,7,No,Low,Tier 2,Yes,Medium,Not Placed,0.0
1470,Female,IT,8.58,98.7,73.4,2,6.0,55.7,6,2,5,2,1,4,3,8.3,4,Yes,Medium,Tier 1,Yes,Low,Placed,15.69
1471,Male,IT,0.59,25.7,20.0,0,2.5,39.6,3,2,1,3,2,0,0,6.0,4,No,Low,Tier 3,No,Medium,Not Placed,0.0
1472,Female,ME,2.15,44.0,41.4,0,3.4,27.1,3,0,2,3,2,2,1,4.8,5,No,Low,Tier 3,Yes,High,Not Placed,0.0
1473,Female,IT,9.99,89.1,96.7,0,9.3,98.3,4,4,5,2,5,3,2,6.5,8,No,Low,Tier 1,Yes,Low,Placed,17.15
1474,Male,EE,4.33,36.8,61.7,0,5.8,63.2,2,2,2,3,3,3,0,9.3,4,No,Low,Tier 1,Yes,High,Not Placed,0.0
1475,Male,IT,7.03,76.3,78.1,0,7.2,76.4,3,2,5,2,5,4,0,6.2,4,No,High,Tier 1,Yes,High,Placed,16.66
1476,Female,CE,1.83,31.2,23.9,1,3.6,51.2,2,0,2,2,2,1,0,10.0,3,No,Low,Tier 1,Yes,Low,Not Placed,0.0
1477,Female,ECE,6.1,61.4,53.6,0,3.7,74.1,5,2,4,4,3,2,2,6.3,7,Yes,Medium,Tier 3,Yes,Low,Placed,14.79
1478,Female,CSE,7.26,85.0,74.5,0,6.3,75.0,2,3,3,1,3,3,1,4.8,5,Yes,Medium,Tier 2,Yes,High,Placed,15.89
1479,Female,ECE,3.14,23.1,37.9,0,4.7,75.8,2,3,2,3,0,3,1,6.4,3,No,Medium,Tier 1,Yes,Low,Not Placed,0.0
1480,Male,CSE,8.29,80.1,87.7,0,6.1,89.5,4,3,5,5,4,6,3,4.8,4,No,Low,Tier 3,Yes,Low,Placed,19.21
1481,Female,ECE,6.03,61.4,59.1,0,5.8,80.4,6,2,4,4,2,3,4,6.1,7,No,High,Tier 2,Yes,Medium,Placed,14.97
1482,Male,ECE,3.89,31.7,43.0,2,4.7,71.2,2,2,1,4,0,0,1,7.5,6,No,Medium,Tier 2,Yes,Low,Not Placed,0.0
1483,Male,IT,5.58,77.4,73.2,0,5.8,76.5,4,2,3,3,3,2,2,6.4,4,No,Low,Tier 3,Yes,Medium,Placed,13.09
1484,Male,CSE,5.77,50.5,65.6,0,5.9,94.4,4,2,4,4,3,2,1,8.3,7,No,Medium,Tier 3,Yes,High,Placed,15.66
1485,Male,CSE,1.66,23.2,24.3,2,3.3,47.0,2,0,1,3,1,0,0,6.4,8,No,Low,Tier 3,Yes,High,Not Placed,0.0
1486,Male,ECE,4.03,58.3,50.4,0,4.5,59.1,4,2,3,5,2,3,2,5.2,7,No,High,Tier 3,Yes,Low,Not Placed,0.0
1487,Male,EE,3.43,50.6,59.2,0,2.4,47.8,2,2,2,3,1,3,1,7.2,6,No,Medium,Tier 3,Yes,High,Not Placed,0.0
1488,Female,ECE,4.01,38.0,53.0,1,4.8,56.0,0,3,0,4,3,1,3,6.8,9,No,Low,Tier 1,Yes,Medium,Not Placed,0.0
1489,Male,ECE,7.61,86.5,84.8,1,7.1,71.9,2,3,3,3,4,2,3,7.0,8,No,Low,Tier 1,Yes,High,Placed,14.53
1490,Male,IT,4.83,59.0,49.1,2,3.4,72.1,6,3,4,5,4,4,2,5.5,6,No,Medium,Tier 2,Yes,Low,Placed,13.06
1491,Male,IT,9.4,100.0,100.0,0,9.5,80.5,5,4,4,3,4,3,1,7.3,8,No,Low,Tier 3,Yes,Low,Placed,18.4
1492,Male,CSE,2.94,44.0,64.7,0,4.1,53.5,0,1,2,1,2,3,0,8.7,7,No,Medium,Tier 1,Yes,Medium,Not Placed,0.0
1493,Male,ECE,4.16,48.9,43.4,0,3.0,66.7,2,2,2,3,1,5,1,5.4,4,No,Medium,Tier 1,Yes,High,Not Placed,0.0
1494,Male,CSE,7.87,73.3,69.1,0,6.2,84.0,4,2,3,4,3,2,1,4.7,9,Yes,Medium,Tier 2,Yes,Medium,Placed,15.81
1495,Female,EE,5.46,54.0,63.4,0,4.8,57.0,5,2,3,5,1,4,0,5.1,9,No,Medium,Tier 1,Yes,Medium,Placed,13.29
1496,Female,CSE,5.47,53.2,70.5,1,4.8,76.2,2,1,3,2,3,4,2,7.0,8,No,High,Tier 2,Yes,Medium,Placed,13.39
1497,Female,ECE,0.53,33.2,21.3,0,2.2,37.2,2,0,1,1,0,1,3,5.1,7,No,High,Tier 2,Yes,High,Not Placed,0.0
1498,Male,CSE,3.99,49.1,39.4,0,3.3,24.5,5,0,5,4,2,5,0,7.4,7,No,Medium,Tier 2,Yes,High,Not Placed,0.0
1499,Male,CSE,2.71,43.7,38.6,0,4.5,39.5,0,2,1,4,2,1,2,7.4,5,No,High,Tier 2,Yes,High,Not Placed,0.0
1500,Female,IT,9.99,100.0,100.0,4,9.5,100.0,6,3,5,1,4,4,3,7.4,8,No,High,Tier 2,Yes,Medium,Not Placed,0.0
1501,Male,CSE,3.08,17.6,38.6,2,4.3,71.3,0,2,1,3,1,1,3,10.0,3,No,High,Tier 1,Yes,Medium,Not Placed,0.0
1502,Male,CSE,8.84,100.0,94.8,5,7.7,94.4,6,3,5,3,5,4,1,4.8,5,No,Low,Tier 1,No,Low,Not Placed,0.0
1503,Male,ECE,6.76,73.0,83.7,0,7.2,85.0,3,2,4,4,3,4,4,5.0,1,No,Medium,Tier 1,Yes,Low,Placed,14.82
1504,Male,CSE,3.41,48.3,47.7,0,3.6,46.1,2,0,2,3,4,2,0,8.5,6,No,Low,Tier 3,Yes,Low,Not Placed,0.0
1505,Male,CSE,5.44,53.0,61.2,0,4.6,64.5,4,1,3,2,2,1,2,7.6,8,Yes,Medium,Tier 3,Yes,Medium,Placed,13.71
1506,Male,ME,8.41,78.9,93.6,1,8.6,100.0,5,3,4,3,3,4,1,8.4,9,Yes,Medium,Tier 2,Yes,Low,Placed,16.44
1507,Male,IT,8.83,94.9,80.1,0,8.0,93.1,5,2,5,1,4,3,1,4.6,5,Yes,Low,Tier 1,Yes,Medium,Placed,16.59
1508,Male,CE,1.6,52.4,21.3,0,1.9,45.4,2,0,1,5,3,0,1,5.4,6,No,Low,Tier 1,Yes,Low,Not Placed,0.0
1509,Female,ME,3.4,53.9,42.5,0,3.5,53.2,2,1,2,4,4,3,1,8.2,5,Yes,Medium,Tier 3,Yes,High,Not Placed,0.0
1510,Female,IT,3.35,56.1,39.9,0,3.1,69.2,5,2,3,2,2,1,4,6.8,9,No,Medium,Tier 1,Yes,Low,Not Placed,0.0
1511,Female,CSE,0.42,16.6,13.3,0,3.8,51.0,3,1,2,2,0,1,1,8.6,6,No,Medium,Tier 1,Yes,Low,Not Placed,0.0
1512,Female,IT,5.98,59.8,84.1,0,5.7,78.7,5,1,4,2,3,2,1,6.5,9,No,Low,Tier 1,No,Medium,Not Placed,0.0
1513,Female,ME,8.55,79.9,100.0,0,7.6,87.1,5,2,5,4,5,3,2,6.7,8,No,High,Tier 2,Yes,High,Placed,16.51
1514,Male,IT,3.82,42.6,45.0,0,4.9,53.6,3,2,2,2,2,4,1,9.7,7,No,Low,Tier 3,Yes,Low,Not Placed,0.0
1515,Male,ECE,7.4,57.4,78.1,0,5.5,87.7,2,2,3,3,4,2,1,5.8,4,No,High,Tier 3,Yes,High,Not Placed,0.0
1516,Male,CSE,6.28,61.1,66.4,1,7.0,59.5,1,2,2,1,4,1,0,7.9,3,Yes,Low,Tier 3,Yes,Low,Placed,13.36
1517,Female,ME,3.76,41.4,59.2,0,3.5,46.8,1,2,1,4,3,2,0,5.1,6,No,High,Tier 1,Yes,Low,Not Placed,0.0
1518,Female,IT,1.41,25.2,42.3,1,4.3,26.0,2,1,1,4,2,1,0,6.0,6,No,High,Tier 3,No,Low,Not Placed,0.0
1519,Male,EE,7.09,76.6,56.9,0,6.2,92.4,3,1,3,3,4,2,2,7.9,3,No,Medium,Tier 3,No,Low,Placed,14.43
1520,Female,CSE,8.55,91.3,91.2,0,8.5,77.7,5,2,5,3,5,3,3,5.3,8,No,Medium,Tier 2,Yes,Medium,Placed,17.28
1521,Male,CSE,6.86,73.2,59.8,0,3.8,81.0,3,1,3,4,2,3,1,8.1,6,No,Medium,Tier 1,Yes,Medium,Placed,14.78
1522,Female,CSE,0.18,10.7,37.0,4,0.5,34.6,3,0,1,3,3,1,0,6.7,7,No,High,Tier 1,Yes,High,Not Placed,0.0
1523,Male,IT,2.16,13.7,39.7,0,2.7,82.7,2,0,1,4,3,3,0,5.8,9,No,Medium,Tier 3,Yes,Low,Not Placed,0.0
1524,Male,CSE,0.69,15.1,15.3,0,0.0,44.4,0,0,0,2,1,0,1,6.9,4,Yes,Medium,Tier 3,Yes,Medium,Not Placed,0.0
1525,Male,CSE,5.7,53.7,61.2,0,6.1,46.9,4,0,4,3,4,5,3,6.3,1,Yes,Medium,Tier 3,Yes,Medium,Not Placed,0.0
1526,Male,EE,7.56,83.9,75.6,0,7.1,94.5,5,4,5,3,3,5,2,6.1,4,No,Low,Tier 2,No,Medium,Placed,18.8
1527,Male,CSE,1.11,33.5,32.1,0,1.3,37.0,2,0,2,4,2,2,2,6.4,9,No,Low,Tier 2,No,Low,Not Placed,0.0
1528,Male,ME,8.38,95.6,95.5,0,7.4,82.9,5,2,5,3,5,4,0,5.3,6,No,High,Tier 2,Yes,Low,Placed,17.12
1529,Female,ECE,5.56,69.8,51.0,0,6.2,60.3,3,2,2,3,4,1,3,4.9,5,No,Medium,Tier 2,Yes,High,Placed,13.96
1530,Male,ME,6.9,72.3,91.6,0,4.2,78.7,2,2,3,2,3,2,1,4.4,4,No,Medium,Tier 3,Yes,Medium,Placed,14.81
1531,Male,ECE,9.71,92.3,100.0,1,7.0,95.5,5,4,5,5,5,5,2,7.6,5,No,Medium,Tier 3,No,Low,Placed,19.59
1532,Female,CE,0.84,14.7,16.0,0,1.8,32.3,3,0,3,0,1,3,0,7.5,4,No,Medium,Tier 1,Yes,Low,Not Placed,0.0
1533,Female,CE,9.01,76.5,90.8,0,7.8,83.0,5,3,5,4,5,2,0,6.0,5,No,Medium,Tier 1,Yes,Medium,Placed,19.04
1534,Male,CSE,1.26,35.6,45.2,2,2.3,43.8,2,1,2,3,1,0,3,6.8,8,No,Medium,Tier 2,Yes,High,Not Placed,0.0
1535,Male,CSE,3.93,46.7,61.8,0,5.1,30.5,2,2,2,3,1,1,2,8.7,10,No,Medium,Tier 2,Yes,Medium,Not Placed,0.0
1536,Male,CSE,8.51,74.9,82.7,0,7.9,68.8,5,3,5,3,3,4,0,6.2,4,No,High,Tier 1,Yes,Low,Placed,17.37
1537,Male,IT,9.06,83.7,98.6,0,8.5,100.0,5,3,4,3,5,3,2,6.7,4,No,Low,Tier 2,Yes,Medium,Placed,17.33
1538,Female,ME,5.06,49.3,88.5,0,3.7,69.3,3,1,3,4,2,2,3,9.3,4,No,Medium,Tier 3,Yes,Medium,Placed,15.61
1539,Male,ECE,5.94,65.9,66.6,0,5.8,64.3,3,2,3,2,4,1,0,7.5,9,No,Low,Tier 2,Yes,Medium,Placed,13.92
1540,Male,IT,7.08,85.9,68.3,3,6.1,57.1,4,1,5,3,2,5,2,8.1,7,No,Low,Tier 2,Yes,Low,Placed,14.43
1541,Female,CSE,8.33,82.3,86.4,0,8.8,84.3,5,3,5,3,5,4,3,7.9,5,No,Medium,Tier 3,Yes,Medium,Placed,18.6
1542,Male,ME,1.22,2.8,30.2,0,2.5,54.1,1,0,0,2,1,2,1,7.6,4,No,Low,Tier 1,Yes,Low,Not Placed,0.0
1543,Male,EE,8.1,82.0,77.6,3,6.5,100.0,3,3,5,4,4,2,0,6.1,9,No,Low,Tier 1,Yes,Medium,Placed,17.32
1544,Male,CSE,4.81,54.3,60.9,4,5.7,86.6,6,0,5,3,2,4,3,5.8,6,Yes,High,Tier 3,Yes,Low,Not Placed,0.0
1545,Female,ECE,4.51,51.1,41.5,0,5.2,51.4,2,1,2,2,3,2,1,7.8,5,No,Medium,Tier 2,Yes,High,Placed,11.84
1546,Male,CSE,4.24,44.8,45.3,1,3.6,54.5,4,1,2,2,1,2,2,7.6,1,Yes,Medium,Tier 3,Yes,Low,Not Placed,0.0
1547,Female,ECE,5.09,60.4,66.3,0,4.7,47.9,5,2,4,2,2,4,0,7.3,7,No,Medium,Tier 3,Yes,Low,Placed,15.54
1548,Male,ECE,9.45,96.0,76.1,1,7.8,81.6,3,2,5,3,4,3,0,7.4,5,Yes,Medium,Tier 1,Yes,High,Placed,16.83
1549,Male,CSE,5.48,61.3,70.9,2,6.6,65.3,3,2,3,3,3,2,0,6.1,6,No,Low,Tier 1,Yes,Medium,Placed,12.95
1550,Female,ECE,9.53,100.0,74.1,0,8.4,87.8,5,3,5,5,5,4,0,5.6,6,No,Low,Tier 2,Yes,Medium,Placed,18.45
1551,Female,CSE,1.8,26.0,15.1,0,3.5,70.5,1,1,0,3,0,0,1,6.1,7,Yes,Medium,Tier 2,Yes,Low,Not Placed,0.0
1552,Female,ECE,7.24,71.7,70.9,0,6.1,62.7,5,2,3,2,3,3,1,6.7,1,No,Medium,Tier 3,Yes,Medium,Placed,15.3
1553,Female,ECE,8.12,97.8,85.8,0,7.5,83.2,5,2,4,4,3,1,2,6.3,3,No,High,Tier 2,Yes,Medium,Placed,17.09
1554,Female,CSE,6.79,78.3,85.6,0,7.6,51.0,2,3,2,2,3,0,1,8.9,9,No,Medium,Tier 3,Yes,Low,Placed,13.72
1555,Male,IT,6.07,74.9,67.1,2,5.4,75.4,2,1,3,2,3,1,2,8.8,3,No,High,Tier 2,Yes,Low,Placed,10.72
1556,Male,IT,5.65,75.3,60.7,0,5.6,52.8,4,1,3,2,4,3,2,8.0,4,No,Medium,Tier 1,No,High,Placed,14.58
1557,Female,ECE,8.61,93.4,92.7,0,6.2,99.9,6,3,5,0,4,4,2,8.5,8,No,High,Tier 2,Yes,Low,Placed,18.48
1558,Male,CSE,8.22,94.2,75.1,1,6.5,80.8,6,3,5,4,4,3,2,5.4,6,No,Medium,Tier 2,Yes,Medium,Placed,17.77
1559,Female,IT,1.22,9.6,29.2,0,2.0,25.5,0,0,0,4,2,0,3,7.9,6,No,Medium,Tier 3,Yes,High,Not Placed,0.0
1560,Female,EE,8.49,89.2,73.9,0,6.4,60.7,4,3,4,4,4,3,0,7.0,9,Yes,Medium,Tier 2,Yes,Medium,Placed,16.59
1561,Male,CSE,4.14,48.4,51.9,0,5.7,48.1,2,1,2,5,1,0,1,6.4,4,No,Low,Tier 1,Yes,High,Not Placed,0.0
1562,Male,CSE,2.54,53.4,37.0,0,2.4,53.1,2,0,2,5,1,2,1,6.7,4,No,Low,Tier 2,Yes,Medium,Not Placed,0.0
1563,Female,CSE,8.7,98.2,79.6,0,8.4,92.3,2,3,3,3,4,4,1,6.7,7,Yes,Low,Tier 2,Yes,Low,Placed,18.2
1564,Male,ECE,4.32,45.4,54.2,1,4.7,54.9,4,2,3,4,1,4,0,6.5,6,No,Low,Tier 2,Yes,Low,Not Placed,0.0
1565,Female,CSE,8.08,87.4,84.2,0,7.2,94.6,4,2,3,3,3,3,1,6.3,8,No,Low,Tier 2,Yes,High,Placed,15.61
1566,Male,ECE,2.63,39.0,50.8,1,4.8,37.2,2,1,2,2,2,2,3,5.4,4,No,Low,Tier 1,Yes,High,Not Placed,0.0
1567,Female,IT,0.04,19.9,2.3,0,0.0,0.1,2,1,1,2,3,2,1,5.1,6,No,Low,Tier 1,Yes,Medium,Not Placed,0.0
1568,Male,ECE,4.95,46.9,56.8,0,4.8,68.1,3,2,2,3,3,2,0,7.5,5,No,Medium,Tier 1,Yes,Medium,Placed,11.79
1569,Female,ECE,1.0,27.1,18.4,0,1.1,56.5,5,2,3,3,2,1,3,4.0,5,Yes,Low,Tier 2,Yes,Medium,Not Placed,0.0
1570,Male,ECE,7.54,76.8,87.0,0,4.8,95.8,4,1,5,5,5,3,1,9.3,3,No,Low,Tier 3,Yes,High,Placed,19.75
1571,Male,ECE,2.76,41.3,47.6,2,2.2,36.0,3,1,2,4,3,2,0,6.3,5,No,High,Tier 2,No,Medium,Not Placed,0.0
1572,Male,CSE,4.44,45.5,58.6,0,4.6,55.1,4,2,2,2,3,1,2,4.8,4,No,Low,Tier 1,Yes,Medium,Not Placed,0.0
1573,Female,CSE,0.87,16.5,17.9,0,1.4,48.9,0,0,0,2,1,0,0,7.6,8,No,Low,Tier 3,Yes,Low,Not Placed,0.0
1574,Female,ME,2.87,51.1,49.8,0,4.4,44.7,5,1,3,4,1,4,1,6.8,7,No,High,Tier 2,Yes,Medium,Not Placed,0.0
1575,Male,CSE,7.81,70.9,65.2,2,6.8,83.1,4,4,5,4,4,4,0,5.9,6,No,Low,Tier 3,Yes,Low,Placed,16.43
1576,Male,IT,1.52,18.1,12.8,0,2.2,35.5,1,0,1,4,3,1,0,6.3,5,No,Medium,Tier 3,No,Low,Not Placed,0.0
1577,Male,CE,6.47,69.5,57.0,1,5.7,60.7,1,3,3,3,5,1,2,6.9,4,No,High,Tier 2,Yes,Medium,Placed,14.01
1578,Female,CSE,9.17,85.2,91.0,0,7.8,79.3,3,4,5,4,5,3,0,8.3,6,No,Medium,Tier 3,Yes,Medium,Placed,17.35
1579,Female,ECE,6.8,63.9,79.2,0,5.8,87.3,1,2,2,4,3,1,3,4.0,8,No,High,Tier 2,Yes,Low,Placed,13.76
1580,Male,ECE,8.11,85.0,53.1,0,6.3,83.8,5,3,3,1,2,1,1,7.4,4,No,Medium,Tier 3,Yes,Low,Placed,14.97
1581,Male,ME,1.09,9.2,39.9,2,3.3,56.8,0,0,0,3,1,0,0,9.0,6,No,Medium,Tier 2,Yes,Medium,Not Placed,0.0
1582,Male,CE,2.51,26.3,39.4,5,2.6,56.3,1,2,1,4,2,3,1,6.0,5,No,Medium,Tier 1,Yes,Medium,Not Placed,0.0
1583,Male,IT,8.95,100.0,73.9,0,7.4,100.0,5,2,4,4,4,4,1,7.9,5,No,Low,Tier 1,Yes,High,Placed,16.86
1584,Male,CSE,7.15,80.4,76.2,1,6.9,87.7,4,3,5,3,5,4,1,7.8,5,No,Low,Tier 2,Yes,Low,Placed,15.69
1585,Female,IT,6.4,61.9,80.1,0,6.3,82.5,4,2,2,5,2,0,0,9.3,6,No,High,Tier 2,Yes,Medium,Placed,13.63
1586,Male,ECE,6.64,75.6,77.1,0,5.3,73.4,6,2,4,5,3,1,3,7.3,5,No,High,Tier 2,Yes,Low,Placed,15.65
1587,Female,ECE,4.14,55.9,62.1,0,5.2,96.0,1,1,3,3,2,2,1,7.8,4,Yes,Low,Tier 2,Yes,Low,Not Placed,0.0
1588,Male,CSE,0.45,28.8,7.9,0,2.4,39.1,3,1,2,3,2,0,2,8.3,2,No,Medium,Tier 2,Yes,Medium,Not Placed,0.0
1589,Male,CSE,7.84,80.4,76.6,0,7.2,58.4,2,4,4,4,4,3,0,7.7,6,No,Low,Tier 3,Yes,High,Placed,16.08
1590,Female,IT,6.79,82.5,63.1,0,5.8,79.0,2,2,3,3,3,0,0,5.9,7,No,Low,Tier 2,Yes,Low,Not Placed,0.0
1591,Female,ECE,4.73,34.8,73.0,0,4.4,51.6,3,1,2,5,4,2,3,6.1,6,Yes,Medium,Tier 1,Yes,Low,Not Placed,0.0
1592,Female,CSE,9.0,80.9,96.4,0,7.6,100.0,4,2,5,1,3,4,1,7.3,5,No,Medium,Tier 2,Yes,Medium,Placed,18.22
1593,Male,ECE,3.36,45.2,73.4,0,2.6,63.9,3,2,3,3,0,2,2,8.0,8,No,Medium,Tier 3,Yes,Low,Not Placed,0.0
1594,Male,ME,2.94,43.3,36.8,0,3.5,50.3,1,1,1,4,1,3,0,7.4,9,Yes,Medium,Tier 2,Yes,Medium,Not Placed,0.0
1595,Female,IT,8.73,80.1,80.6,0,8.5,76.7,3,3,5,4,2,3,0,5.8,8,No,Low,Tier 1,Yes,Medium,Placed,17.73
1596,Male,CSE,7.97,85.3,80.3,0,8.0,84.6,5,3,4,1,4,5,2,6.7,6,Yes,High,Tier 2,Yes,Low,Placed,17.7
1597,Male,CSE,5.15,52.5,73.0,2,4.7,58.2,3,2,3,2,3,3,4,5.3,6,No,Medium,Tier 3,Yes,Low,Placed,12.36
1598,Male,CSE,1.31,23.4,24.8,0,3.5,52.3,1,0,1,1,1,3,3,7.7,3,No,Medium,Tier 1,No,Medium,Not Placed,0.0
1599,Male,CE,2.15,43.5,36.4,0,4.9,54.6,2,0,2,2,2,0,2,9.4,2,No,Medium,Tier 2,Yes,Low,Not Placed,0.0
1600,Female,ECE,6.56,79.8,71.4,0,5.8,100.0,3,1,2,1,3,1,0,7.6,8,No,Low,Tier 1,Yes,Medium,Placed,13.29
1601,Male,ECE,3.85,37.8,49.2,0,4.9,52.8,1,0,2,4,1,1,1,4.7,6,No,Low,Tier 3,Yes,Medium,Not Placed,0.0
1602,Male,ECE,8.36,75.5,78.4,0,5.1,81.5,2,2,3,3,3,4,1,7.1,10,Yes,Medium,Tier 2,Yes,Medium,Placed,14.8
1603,Male,ECE,9.5,91.6,92.6,0,6.9,90.1,5,4,5,3,3,3,0,7.0,4,No,Medium,Tier 2,Yes,Medium,Placed,18.48
1604,Male,ME,8.06,83.2,80.7,0,7.2,82.0,5,2,4,3,3,2,3,6.4,6,No,Low,Tier 2,Yes,Low,Placed,16.78
1605,Male,ECE,3.78,40.6,48.2,0,3.1,70.0,1,2,1,4,3,2,0,4.5,8,No,Medium,Tier 1,Yes,Low,Not Placed,0.0
1606,Male,CSE,7.89,92.5,90.6,0,9.1,79.0,5,3,4,2,2,4,2,7.6,4,No,Low,Tier 2,No,Low,Placed,17.77
1607,Male,CSE,3.51,48.3,63.7,0,4.6,79.7,2,2,1,1,2,0,1,8.1,5,No,Low,Tier 2,Yes,Medium,Not Placed,0.0
1608,Female,ECE,1.67,33.3,23.0,0,3.6,52.0,5,2,4,4,3,2,2,5.9,5,No,High,Tier 1,No,Medium,Not Placed,0.0
1609,Male,CE,0.33,5.1,16.7,1,1.7,31.2,0,0,0,3,2,2,2,5.9,5,No,Low,Tier 1,Yes,High,Not Placed,0.0
1610,Male,CSE,3.86,59.5,40.6,1,3.2,49.3,3,1,3,2,2,4,1,6.6,6,Yes,Low,Tier 2,Yes,Low,Not Placed,0.0
1611,Female,ME,9.04,63.6,92.2,0,7.3,100.0,5,3,5,4,5,5,2,9.1,6,No,Medium,Tier 2,Yes,High,Placed,18.36
1612,Female,IT,2.39,43.7,31.7,5,3.4,49.7,4,3,2,1,1,3,1,6.7,1,Yes,Medium,Tier 2,Yes,Low,Not Placed,0.0
1613,Male,CSE,2.07,41.9,37.0,0,2.3,47.5,0,2,0,2,1,0,1,6.1,6,No,High,Tier 2,Yes,Medium,Not Placed,0.0
1614,Male,CSE,9.7,93.1,100.0,0,9.0,86.0,4,2,5,0,3,4,4,6.5,6,Yes,Medium,Tier 1,Yes,Medium,Placed,18.6
1615,Male,CSE,0.25,29.9,0.0,0,2.4,35.8,4,2,1,3,2,0,2,7.7,5,No,High,Tier 2,Yes,Medium,Not Placed,0.0
1616,Female,IT,7.86,81.2,85.8,0,7.0,74.5,4,3,4,5,5,4,1,4.6,9,No,Low,Tier 2,Yes,Medium,Placed,18.43
1617,Female,CSE,3.21,42.9,39.1,2,1.9,70.6,3,1,2,2,4,1,1,6.7,6,No,High,Tier 1,No,Low,Not Placed,0.0
1618,Female,ECE,0.37,21.5,25.6,0,3.5,45.8,2,1,1,2,2,0,2,6.6,6,No,Low,Tier 3,Yes,Medium,Not Placed,0.0
1619,Male,ECE,9.18,100.0,82.5,1,7.7,88.0,5,2,4,5,4,3,1,6.9,7,No,High,Tier 3,Yes,Low,Placed,17.74
1620,Female,IT,1.4,40.3,41.2,0,5.2,41.1,2,1,1,4,1,2,2,6.2,10,No,High,Tier 2,Yes,Low,Not Placed,0.0
1621,Male,CSE,5.52,68.9,71.3,0,6.0,69.2,4,2,3,5,4,1,2,5.4,5,No,High,Tier 2,Yes,Medium,Placed,15.01
1622,Male,ECE,2.74,29.2,45.6,0,3.2,51.4,3,1,1,3,3,1,1,8.1,8,Yes,High,Tier 3,Yes,Medium,Not Placed,0.0
1623,Male,ECE,0.65,22.0,31.1,1,2.4,27.4,2,1,1,3,1,0,0,4.8,9,No,Medium,Tier 3,Yes,Low,Not Placed,0.0
1624,Female,ECE,0.5,11.1,14.5,0,0.0,15.2,2,0,1,5,1,2,2,8.9,5,No,High,Tier 1,Yes,High,Not Placed,0.0
1625,Male,ME,1.16,33.1,21.1,0,3.3,32.4,4,1,2,3,2,0,1,7.4,3,No,Low,Tier 2,Yes,High,Not Placed,0.0
1626,Female,CSE,0.71,22.4,31.2,0,4.6,37.7,2,1,1,3,3,2,2,7.8,6,Yes,Low,Tier 1,Yes,Medium,Not Placed,0.0
1627,Male,ME,7.61,68.4,71.2,2,4.7,71.8,5,3,4,0,2,2,0,7.1,8,No,Low,Tier 3,Yes,Low,Placed,14.23
1628,Male,IT,4.86,57.1,71.3,1,4.6,74.0,3,3,3,5,3,2,0,8.4,5,No,Medium,Tier 2,Yes,Low,Placed,14.09
1629,Male,ECE,3.43,35.7,42.2,0,3.8,52.8,2,1,2,3,3,2,3,7.6,8,No,Low,Tier 1,Yes,Low,Not Placed,0.0
1630,Male,IT,4.18,52.0,56.5,3,5.3,82.6,4,1,3,3,2,4,3,8.6,4,No,High,Tier 3,Yes,Low,Not Placed,0.0
1631,Female,ECE,9.29,85.4,100.0,0,10.0,84.0,5,5,5,4,5,4,0,8.0,5,No,Low,Tier 3,Yes,High,Placed,19.34
1632,Male,CSE,9.11,92.7,83.8,0,8.3,91.3,3,1,3,2,4,2,1,8.3,5,No,High,Tier 3,Yes,Low,Placed,16.47
1633,Female,IT,7.16,83.4,76.0,0,8.7,74.5,4,3,3,2,5,2,3,6.1,5,No,Low,Tier 1,Yes,Medium,Placed,15.47
1634,Female,ECE,8.85,89.7,99.3,0,7.9,93.4,7,3,5,4,4,5,2,6.5,4,Yes,Low,Tier 3,Yes,High,Placed,17.74
1635,Female,IT,3.2,38.3,53.1,0,4.2,67.0,0,2,0,3,2,0,2,7.0,5,Yes,Medium,Tier 1,Yes,Medium,Not Placed,0.0
1636,Male,CSE,3.81,49.4,45.2,1,4.5,65.2,5,1,4,4,3,3,1,7.0,2,No,Low,Tier 1,Yes,High,Not Placed,0.0
1637,Male,CE,6.14,74.2,62.0,0,7.0,47.5,3,3,4,3,5,3,1,7.7,7,No,Medium,Tier 1,Yes,Low,Placed,15.6
1638,Male,ECE,6.24,57.0,65.6,0,5.4,78.4,5,2,4,4,4,4,2,6.1,6,No,High,Tier 2,Yes,Medium,Placed,13.99
1639,Female,CSE,4.82,58.6,71.0,1,5.7,51.8,5,1,4,1,2,3,1,7.0,8,No,Low,Tier 2,Yes,Low,Placed,12.4
1640,Female,ECE,4.01,62.3,47.3,1,3.1,55.3,5,0,3,5,2,2,2,7.8,5,No,High,Tier 3,Yes,Low,Not Placed,0.0
1641,Male,IT,9.86,100.0,97.7,0,8.1,100.0,3,3,3,2,4,2,0,4.7,2,Yes,High,Tier 3,Yes,Low,Placed,16.97
1642,Female,IT,8.21,85.4,79.4,0,6.6,70.8,4,3,4,3,4,2,2,8.3,6,Yes,Medium,Tier 3,Yes,Low,Placed,16.99
1643,Male,ECE,4.35,58.4,59.9,0,4.6,75.0,4,3,3,2,2,1,1,9.5,4,Yes,Medium,Tier 3,Yes,Low,Not Placed,0.0
1644,Female,ME,7.27,81.3,77.7,3,6.3,74.4,4,2,3,3,3,3,1,5.9,8,No,Low,Tier 2,Yes,Low,Placed,13.78
1645,Male,CSE,2.7,45.5,29.6,0,4.5,77.3,0,0,0,3,3,0,1,8.8,5,Yes,High,Tier 3,Yes,High,Not Placed,0.0
1646,Female,ECE,1.0,3.3,16.3,0,1.3,41.8,2,1,2,4,3,0,0,7.3,10,Yes,Medium,Tier 1,Yes,Low,Not Placed,0.0
1647,Male,ME,3.52,29.4,26.2,1,2.2,76.6,2,1,1,4,1,0,0,5.9,4,No,Low,Tier 3,Yes,High,Not Placed,0.0
1648,Female,ME,4.03,59.3,41.9,1,3.0,73.6,4,2,4,4,1,3,2,8.0,6,No,Medium,Tier 3,Yes,Low,Not Placed,0.0
1649,Female,IT,0.17,1.4,27.3,0,2.6,28.7,2,0,1,2,0,0,1,9.3,7,No,Low,Tier 2,Yes,Medium,Not Placed,0.0
1650,Female,ME,8.15,88.3,96.4,0,6.2,68.3,6,4,5,3,2,4,1,6.5,5,Yes,Medium,Tier 2,Yes,Low,Placed,17.73
1651,Male,CSE,3.59,42.0,53.6,0,4.4,57.9,2,1,2,3,1,1,3,5.7,3,No,Medium,Tier 1,Yes,Low,Not Placed,0.0
1652,Male,ME,5.8,54.3,69.9,4,5.3,62.8,5,2,4,3,3,4,3,4.3,5,No,Low,Tier 2,Yes,Low,Not Placed,0.0
1653,Male,CSE,0.74,24.8,22.7,0,2.8,58.4,3,1,1,4,1,1,1,6.8,2,No,Low,Tier 2,Yes,Medium,Not Placed,0.0
1654,Male,CSE,1.75,31.9,39.7,0,2.5,42.5,4,1,3,1,0,3,2,7.2,4,Yes,Low,Tier 2,Yes,Medium,Not Placed,0.0
1655,Male,CSE,8.9,100.0,92.1,0,10.0,84.8,2,2,2,1,5,0,2,9.2,5,No,Medium,Tier 2,Yes,Medium,Placed,15.8
1656,Female,ECE,6.09,60.5,84.8,0,7.7,54.8,4,1,4,4,3,2,0,9.2,8,No,Medium,Tier 1,Yes,Medium,Placed,14.24
1657,Male,CSE,9.5,100.0,93.0,0,7.8,97.0,5,4,5,3,4,2,2,6.2,6,Yes,Medium,Tier 3,No,Low,Placed,19.19
1658,Male,CSE,9.99,100.0,100.0,1,8.0,80.8,4,4,5,3,5,3,0,8.0,5,No,Medium,Tier 1,Yes,High,Placed,17.83
1659,Male,CSE,3.72,40.0,56.5,2,7.2,62.6,3,2,2,2,3,2,3,5.6,5,No,Medium,Tier 3,Yes,Medium,Not Placed,0.0
1660,Male,CSE,2.99,48.4,49.3,0,2.5,59.9,2,2,2,5,2,3,3,7.1,4,No,Medium,Tier 2,Yes,Low,Not Placed,0.0
1661,Female,ECE,8.58,93.6,66.5,0,7.5,77.5,5,3,5,3,4,3,2,6.8,7,Yes,Medium,Tier 2,Yes,Low,Placed,17.91
1662,Male,ECE,9.99,100.0,100.0,0,8.5,100.0,6,3,5,3,5,5,3,5.9,3,No,High,Tier 1,Yes,Medium,Placed,18.56
1663,Female,CSE,6.3,71.2,67.1,0,5.9,69.5,3,3,3,3,3,1,1,6.9,4,No,Low,Tier 3,Yes,Low,Not Placed,0.0
1664,Male,IT,7.95,76.6,77.2,0,5.3,65.0,2,3,2,1,4,2,0,8.0,3,Yes,High,Tier 3,Yes,Medium,Placed,14.29
1665,Female,ME,7.82,73.2,65.7,0,7.5,100.0,5,3,5,3,3,4,2,8.3,7,No,Medium,Tier 1,Yes,Medium,Placed,16.84
1666,Female,IT,3.55,52.8,46.3,0,3.0,45.2,3,1,3,5,3,1,1,6.8,9,No,Medium,Tier 1,Yes,Low,Not Placed,0.0
1667,Male,CSE,5.74,61.6,64.3,0,7.0,75.5,5,1,3,3,5,1,1,6.9,7,No,High,Tier 1,Yes,Medium,Placed,13.16
1668,Female,IT,8.33,85.0,71.6,2,5.9,90.1,4,3,5,3,4,5,2,4.8,7,No,Medium,Tier 1,Yes,Medium,Placed,15.36
1669,Male,CSE,6.88,76.3,58.3,1,6.4,81.0,2,2,4,3,3,2,1,7.3,4,No,Low,Tier 2,Yes,Low,Placed,15.01
1670,Female,CSE,0.21,19.4,24.5,1,0.0,40.7,2,0,1,4,2,2,0,6.7,6,No,Low,Tier 1,Yes,Medium,Not Placed,0.0
1671,Male,CSE,3.37,29.4,53.7,3,1.7,43.6,2,0,2,4,3,2,0,6.9,4,Yes,High,Tier 1,Yes,Low,Not Placed,0.0
1672,Female,ME,1.44,40.1,31.4,3,1.7,63.9,1,0,2,2,1,1,1,6.4,4,No,Medium,Tier 2,Yes,High,Not Placed,0.0
1673,Female,CSE,2.33,36.0,48.1,0,2.4,60.5,4,2,3,3,3,2,3,5.9,5,No,Low,Tier 2,Yes,Medium,Not Placed,0.0
1674,Female,CSE,9.05,89.9,89.5,0,9.3,95.0,4,3,3,3,4,2,0,6.0,6,No,Low,Tier 1,Yes,Low,Placed,17.82
1675,Female,CSE,0.37,22.5,20.4,0,1.7,21.2,1,0,1,3,0,1,2,6.2,9,No,Medium,Tier 3,Yes,Medium,Not Placed,0.0
1676,Male,ME,2.2,36.1,26.4,1,4.3,36.5,3,1,2,2,2,1,2,5.4,7,No,High,Tier 1,Yes,Low,Not Placed,0.0
1677,Male,IT,3.1,49.0,27.2,0,3.3,61.5,3,0,2,4,3,0,0,7.3,6,No,Low,Tier 1,Yes,Medium,Not Placed,0.0
1678,Male,CSE,6.17,72.8,85.9,3,6.4,48.0,5,3,3,4,3,2,0,7.7,9,No,Low,Tier 2,Yes,Medium,Placed,14.57
1679,Male,ECE,5.34,67.6,72.0,0,4.5,71.1,4,2,4,4,2,4,0,6.8,10,No,Medium,Tier 1,Yes,Medium,Placed,15.05
1680,Female,ECE,2.18,47.0,21.5,0,2.2,32.1,2,0,1,2,1,1,2,7.2,6,Yes,Low,Tier 3,Yes,Medium,Not Placed,0.0
1681,Male,IT,1.64,37.8,32.7,0,0.8,34.4,2,2,1,2,3,0,2,6.7,6,No,High,Tier 1,Yes,Low,Not Placed,0.0
1682,Female,CSE,2.37,33.5,36.0,2,3.5,32.3,2,2,2,5,2,0,0,8.4,3,No,Medium,Tier 3,Yes,Low,Not Placed,0.0
1683,Female,ME,5.03,46.5,55.5,0,5.3,68.1,4,1,3,4,3,4,2,7.1,6,No,Medium,Tier 1,Yes,Low,Placed,12.45
1684,Female,CSE,2.71,54.7,35.6,0,4.2,64.7,1,1,0,2,2,0,2,7.3,4,No,Low,Tier 1,Yes,High,Not Placed,0.0
1685,Male,IT,9.48,93.2,97.7,0,8.4,96.1,5,3,5,4,5,5,0,8.0,2,No,Medium,Tier 3,Yes,Low,Placed,20.57
1686,Female,CSE,4.64,49.7,63.3,0,6.8,68.3,3,2,3,2,4,3,3,7.0,7,No,Medium,Tier 1,Yes,High,Placed,14.87
1687,Female,ECE,0.59,2.6,26.7,0,2.1,40.6,1,0,1,1,0,2,0,8.7,6,No,Medium,Tier 3,Yes,Medium,Not Placed,0.0
1688,Male,ECE,7.29,80.3,75.1,0,7.6,86.9,4,2,4,0,4,5,1,6.2,4,No,Low,Tier 2,Yes,High,Placed,14.81
1689,Female,ECE,3.29,44.5,42.7,0,3.5,60.3,0,2,0,3,3,0,3,9.1,2,No,Low,Tier 2,Yes,Low,Not Placed,0.0
1690,Female,CSE,6.53,55.4,79.6,0,5.2,41.6,5,1,5,5,5,4,2,6.8,4,No,Medium,Tier 1,Yes,High,Placed,15.95
1691,Male,IT,2.8,43.3,45.0,4,4.2,62.7,5,1,3,5,2,4,1,6.2,4,No,Low,Tier 3,Yes,High,Not Placed,0.0
1692,Male,CSE,5.71,58.6,64.4,4,5.4,78.9,4,1,2,5,4,2,2,5.1,5,No,Medium,Tier 2,Yes,High,Not Placed,0.0
1693,Male,IT,7.72,100.0,79.4,0,7.7,77.0,5,3,3,4,4,2,3,8.0,2,No,High,Tier 1,No,Low,Placed,17.38
1694,Male,ME,9.28,88.2,95.7,0,8.3,67.0,5,3,5,3,3,5,0,6.6,6,No,Medium,Tier 3,Yes,Medium,Placed,19.81
1695,Male,ECE,2.61,32.8,34.2,0,2.5,53.6,2,0,1,4,3,2,1,7.2,7,No,Low,Tier 3,Yes,Low,Not Placed,0.0
1696,Male,IT,3.35,34.7,53.0,5,4.9,59.0,1,0,3,1,3,0,2,7.3,3,No,Medium,Tier 2,Yes,Low,Not Placed,0.0
1697,Male,IT,4.64,67.2,44.4,0,3.9,57.6,2,2,2,4,2,0,1,6.4,2,No,Low,Tier 2,No,Low,Placed,12.02
1698,Male,ECE,9.27,90.1,88.0,0,8.6,92.9,5,1,5,2,5,3,0,8.3,8,No,High,Tier 1,No,Medium,Placed,18.58
1699,Female,ME,9.01,84.3,96.2,0,9.1,100.0,6,2,4,2,5,4,1,7.5,5,No,Low,Tier 1,Yes,Low,Placed,18.46
1700,Male,CSE,0.9,29.7,13.9,0,1.7,69.2,2,0,1,4,1,2,0,6.0,7,No,High,Tier 3,Yes,Low,Not Placed,0.0
1701,Female,ECE,1.32,12.4,12.8,0,3.6,44.7,2,2,2,4,2,2,3,5.4,6,Yes,Low,Tier 1,Yes,Medium,Not Placed,0.0
1702,Male,IT,4.96,63.4,58.3,1,5.4,68.8,2,1,2,2,2,2,2,7.9,5,No,High,Tier 1,Yes,Low,Placed,12.39
1703,Male,ECE,1.07,41.9,9.6,0,3.1,31.5,0,1,0,4,1,0,0,6.7,8,No,Low,Tier 2,Yes,Medium,Not Placed,0.0
1704,Male,CSE,3.46,50.1,32.7,0,3.1,49.7,2,1,1,4,3,0,1,7.8,7,No,Medium,Tier 2,Yes,Medium,Not Placed,0.0
1705,Male,ECE,1.48,34.0,37.4,0,2.8,42.2,0,1,0,3,2,1,2,6.7,6,No,Medium,Tier 3,Yes,Low,Not Placed,0.0
1706,Male,ME,6.36,77.8,66.8,2,4.5,87.3,3,1,2,3,3,2,2,7.3,6,No,Medium,Tier 2,Yes,Low,Not Placed,0.0
1707,Female,CE,9.49,100.0,100.0,0,9.9,100.0,6,2,5,5,5,5,0,8.0,5,No,High,Tier 1,Yes,Low,Placed,19.09
1708,Male,ECE,9.97,100.0,85.7,0,6.5,100.0,5,3,5,3,4,3,1,5.2,7,No,High,Tier 1,No,Low,Placed,18.1
1709,Female,IT,3.75,51.3,47.1,1,3.8,39.6,3,1,3,3,2,1,2,9.0,9,No,Medium,Tier 2,Yes,Low,Not Placed,0.0
1710,Female,CE,5.99,75.0,69.9,3,4.8,55.1,4,2,4,3,4,2,1,7.5,8,No,High,Tier 3,Yes,Low,Placed,14.3
1711,Male,CSE,8.56,78.9,74.8,0,8.2,99.6,6,3,5,3,3,5,4,4.5,2,No,Medium,Tier 2,Yes,Low,Placed,17.86
1712,Male,CSE,1.17,32.7,37.7,0,4.2,59.4,2,1,2,4,2,3,1,8.6,6,No,Medium,Tier 1,Yes,High,Not Placed,0.0
1713,Female,IT,6.9,63.6,78.3,0,7.0,76.8,3,2,3,5,4,3,0,8.2,7,No,High,Tier 1,Yes,High,Placed,15.2
1714,Male,ME,4.09,46.1,34.6,2,7.3,6.0,4,2,3,3,2,2,0,6.8,8,No,Medium,Tier 2,No,Medium,Not Placed,0.0
1715,Male,ME,2.06,1.7,34.1,0,1.6,38.4,2,0,2,2,1,2,0,8.7,8,No,High,Tier 2,Yes,Medium,Not Placed,0.0
1716,Female,ECE,4.03,53.3,54.1,0,3.0,63.2,5,0,5,5,2,4,1,6.2,6,No,Medium,Tier 3,Yes,Low,Not Placed,0.0
1717,Male,CSE,0.76,15.0,18.2,0,1.1,28.8,2,0,1,3,0,0,2,6.8,3,No,Medium,Tier 3,Yes,Low,Not Placed,0.0
1718,Female,ECE,6.95,85.2,58.8,0,6.5,78.9,3,1,4,1,4,3,1,9.8,5,No,Medium,Tier 1,Yes,Low,Placed,14.85
1719,Female,CSE,2.53,40.4,41.0,0,2.2,73.0,1,1,2,5,2,2,1,7.6,4,Yes,Medium,Tier 3,Yes,Medium,Not Placed,0.0
1720,Male,CSE,3.11,52.7,65.0,4,2.9,70.8,3,2,2,4,2,3,2,8.3,3,No,Low,Tier 1,Yes,High,Not Placed,0.0
1721,Male,IT,1.21,14.4,23.8,0,3.0,52.0,0,0,1,5,0,1,1,8.0,8,Yes,High,Tier 2,No,High,Not Placed,0.0
1722,Male,CSE,8.65,98.9,100.0,3,6.3,86.1,3,4,4,5,5,3,1,5.3,5,No,High,Tier 2,Yes,Medium,Placed,17.92
1723,Male,ME,4.93,78.0,49.9,0,3.8,58.6,4,2,3,5,2,2,1,7.4,9,No,Medium,Tier 1,Yes,Low,Placed,13.55
1724,Male,ECE,5.72,71.3,65.9,3,5.1,78.4,5,1,4,2,4,3,1,7.2,5,No,Low,Tier 1,Yes,High,Placed,13.05
1725,Female,ECE,5.69,71.3,71.2,1,5.2,69.4,3,2,3,2,3,1,1,8.4,4,No,Medium,Tier 1,No,Medium,Placed,13.47
1726,Male,CSE,4.1,51.5,50.7,0,5.4,60.3,2,2,3,2,1,2,2,8.8,7,Yes,Medium,Tier 3,No,Low,Not Placed,0.0
1727,Male,CSE,1.93,26.2,30.5,0,2.0,28.0,2,0,2,2,3,0,1,8.5,5,No,Low,Tier 3,Yes,Low,Not Placed,0.0
1728,Female,CSE,7.45,85.9,84.9,0,6.0,71.1,4,3,3,3,5,2,5,6.4,6,Yes,High,Tier 1,Yes,High,Placed,17.34
1729,Female,EE,1.27,10.7,47.1,0,3.0,51.6,0,1,0,2,2,1,2,5.3,4,Yes,Medium,Tier 3,Yes,High,Not Placed,0.0
1730,Female,ME,1.04,19.7,29.3,0,3.0,28.0,1,0,2,2,2,1,0,7.6,4,No,High,Tier 2,No,Medium,Not Placed,0.0
1731,Male,ECE,7.1,57.6,69.6,0,7.9,80.8,2,2,3,2,2,2,3,6.9,5,Yes,Medium,Tier 1,Yes,Medium,Not Placed,0.0
1732,Female,CSE,2.09,25.7,32.8,1,3.4,52.5,1,2,1,3,3,1,0,5.7,3,No,Medium,Tier 1,Yes,High,Not Placed,0.0
1733,Male,CE,3.07,47.5,67.8,1,3.8,59.1,4,0,4,4,4,6,4,6.2,7,No,Medium,Tier 2,Yes,Low,Not Placed,0.0
1734,Male,CSE,4.75,60.4,57.3,0,5.4,70.2,2,1,2,2,3,2,2,6.9,6,No,High,Tier 3,Yes,Low,Placed,12.84
1735,Male,CSE,4.49,53.7,48.0,3,4.4,69.5,0,2,1,4,3,2,1,7.3,6,No,Low,Tier 1,Yes,Medium,Not Placed,0.0
1736,Female,ECE,7.09,77.0,63.3,3,6.2,70.1,5,2,3,1,2,2,3,6.3,7,No,Low,Tier 2,No,Medium,Placed,13.04
1737,Male,CE,6.23,49.1,49.6,0,4.1,54.8,3,2,4,0,1,3,1,7.0,6,No,Low,Tier 1,Yes,Low,Placed,14.34
1738,Male,CSE,6.44,66.0,73.2,0,6.9,63.2,4,4,3,3,3,2,0,6.9,10,Yes,Low,Tier 3,Yes,Medium,Placed,15.25
1739,Male,CSE,7.14,68.9,81.7,0,6.7,86.6,4,1,5,2,5,3,1,7.3,6,Yes,Medium,Tier 2,Yes,Low,Placed,16.85
1740,Male,CE,2.93,33.3,37.5,0,4.3,38.2,4,0,1,2,3,1,4,5.8,1,No,Medium,Tier 3,Yes,Medium,Not Placed,0.0
1741,Female,CSE,3.22,48.4,43.6,0,0.9,41.8,4,0,2,2,2,3,2,6.2,5,Yes,High,Tier 2,Yes,Low,Not Placed,0.0
1742,Female,CSE,4.38,43.6,41.3,0,4.5,48.7,3,1,4,2,3,3,4,8.6,4,Yes,Medium,Tier 2,Yes,Medium,Not Placed,0.0
1743,Female,ECE,3.07,35.0,43.9,1,2.8,31.3,1,1,1,2,1,0,0,6.7,6,No,Medium,Tier 3,Yes,Low,Not Placed,0.0
1744,Male,ME,9.85,77.9,100.0,0,9.9,80.3,4,3,5,2,5,3,1,7.6,5,No,Medium,Tier 1,Yes,Medium,Placed,18.5
1745,Male,ECE,8.14,81.2,77.8,0,7.8,95.8,2,3,2,1,3,1,1,5.5,7,No,Medium,Tier 1,Yes,Medium,Not Placed,0.0
1746,Male,EE,1.65,18.1,48.1,2,2.9,36.3,4,0,3,0,2,3,1,8.4,4,No,Low,Tier 3,Yes,Medium,Not Placed,0.0
1747,Male,IT,0.06,16.3,10.1,1,1.1,14.4,3,0,2,0,1,1,2,8.4,6,No,Medium,Tier 1,Yes,Medium,Not Placed,0.0
1748,Male,CSE,0.43,9.1,24.3,0,2.2,31.4,0,1,0,5,1,1,1,7.4,4,No,Low,Tier 3,Yes,Low,Not Placed,0.0
1749,Female,EE,2.44,36.8,46.0,1,2.3,55.8,2,1,3,3,3,3,1,6.3,5,Yes,Medium,Tier 2,Yes,Low,Not Placed,0.0
1750,Male,ECE,1.14,23.2,26.3,0,2.2,19.9,4,1,3,5,3,2,0,5.3,6,No,Medium,Tier 1,No,High,Not Placed,0.0
1751,Male,CSE,5.33,77.0,58.8,0,4.7,78.4,4,3,2,3,3,2,1,9.7,6,Yes,High,Tier 2,Yes,Medium,Placed,13.87
1752,Male,ECE,8.58,92.9,72.4,0,9.8,69.2,3,2,4,3,5,2,0,6.5,8,No,Low,Tier 2,Yes,Medium,Placed,16.91
1753,Male,CSE,7.37,59.2,90.5,0,8.1,74.5,6,2,5,3,2,5,1,5.3,8,Yes,Low,Tier 1,Yes,Medium,Placed,17.61
1754,Male,CSE,2.16,20.7,33.6,0,4.1,43.1,1,2,2,4,2,0,3,6.3,7,No,Low,Tier 3,Yes,Medium,Not Placed,0.0
1755,Female,CSE,3.99,49.5,55.3,0,2.8,52.2,3,2,3,2,1,2,0,7.5,6,No,High,Tier 1,Yes,Medium,Not Placed,0.0
1756,Female,ECE,5.08,48.9,65.4,0,5.9,64.7,2,1,3,3,2,2,6,5.5,5,No,Medium,Tier 1,Yes,Low,Placed,12.72
1757,Female,ME,8.1,54.2,76.5,1,7.4,92.9,5,2,5,3,5,5,0,6.3,7,Yes,High,Tier 2,Yes,High,Placed,17.22
1758,Male,ECE,8.39,99.8,83.1,0,8.6,84.9,7,3,5,1,5,5,1,5.3,8,No,Low,Tier 3,Yes,Low,Placed,17.59
1759,Male,EE,9.1,99.6,100.0,0,8.2,82.3,5,4,5,5,3,3,2,8.7,8,No,Medium,Tier 2,Yes,Low,Placed,18.89
1760,Male,CSE,5.09,63.5,47.5,1,5.1,71.0,1,3,1,4,3,1,1,6.9,6,Yes,Medium,Tier 1,Yes,Low,Placed,11.26
1761,Male,CSE,6.94,67.9,94.8,0,6.6,79.1,4,3,4,0,5,2,0,5.3,5,No,Low,Tier 2,Yes,Low,Placed,15.16
1762,Female,CSE,1.12,28.8,19.5,0,0.5,33.7,2,0,2,2,2,2,2,5.9,7,No,High,Tier 3,Yes,Low,Not Placed,0.0
1763,Male,CSE,5.65,56.0,51.4,0,4.7,69.4,1,2,2,3,3,3,3,6.2,1,No,Medium,Tier 1,Yes,High,Placed,12.04
1764,Male,CSE,2.49,38.2,39.2,2,3.6,40.9,2,0,1,4,1,0,2,7.0,9,No,Medium,Tier 2,Yes,High,Not Placed,0.0
1765,Male,IT,4.32,42.5,74.6,2,5.7,50.5,3,1,3,5,2,2,1,5.9,8,No,Medium,Tier 2,Yes,Medium,Not Placed,0.0
1766,Male,CE,6.34,84.1,49.6,1,5.4,82.7,4,1,4,2,2,4,2,6.6,5,No,Low,Tier 3,Yes,High,Placed,13.96
1767,Female,EE,2.57,21.1,37.1,0,3.3,55.8,0,0,0,5,2,0,1,6.2,5,No,Medium,Tier 2,Yes,Low,Not Placed,0.0
1768,Male,CSE,0.52,31.7,26.9,1,0.3,47.4,1,0,0,3,0,0,1,5.3,10,Yes,Medium,Tier 3,No,Low,Not Placed,0.0
1769,Male,ME,0.1,16.2,19.1,0,3.0,43.2,1,0,1,3,2,2,2,5.9,3,No,High,Tier 2,Yes,High,Not Placed,0.0
1770,Male,CSE,0.22,12.0,23.6,0,2.8,25.7,2,1,2,4,1,1,2,6.1,5,No,Medium,Tier 3,Yes,Medium,Not Placed,0.0
1771,Male,CSE,0.08,17.4,11.5,0,2.2,47.5,0,2,0,3,1,0,1,5.5,9,Yes,High,Tier 2,Yes,High,Not Placed,0.0
1772,Female,ME,1.1,31.7,20.8,1,2.7,38.0,0,0,1,3,0,0,1,5.3,3,No,Medium,Tier 1,Yes,High,Not Placed,0.0
1773,Female,IT,2.39,49.0,35.6,0,4.7,60.5,2,1,1,5,2,1,5,6.3,6,No,Medium,Tier 1,Yes,Low,Not Placed,0.0
1774,Female,CSE,2.21,36.9,24.4,0,2.2,46.8,1,1,3,3,1,3,3,8.0,5,No,Low,Tier 2,Yes,Low,Not Placed,0.0
1775,Female,ECE,9.87,90.0,96.5,1,7.5,98.0,3,4,5,2,5,3,0,6.8,10,No,Medium,Tier 2,No,High,Placed,18.58
1776,Male,CSE,3.06,41.6,38.6,2,4.7,57.5,2,0,1,2,1,0,2,4.0,4,Yes,Low,Tier 2,Yes,Medium,Not Placed,0.0
1777,Female,IT,1.27,44.0,23.5,0,3.4,52.4,0,0,0,5,1,0,1,8.2,3,No,Low,Tier 1,Yes,Medium,Not Placed,0.0
1778,Male,ECE,5.46,74.9,64.9,0,4.1,48.1,0,2,2,4,3,2,1,6.2,6,Yes,Low,Tier 2,Yes,Medium,Not Placed,0.0
1779,Male,EE,8.58,97.0,68.4,2,7.0,67.6,6,3,5,1,3,3,4,8.7,4,No,High,Tier 2,Yes,Medium,Placed,18.48
1780,Female,CSE,6.78,80.6,69.9,1,7.9,83.7,3,3,3,1,5,0,2,8.0,7,Yes,Medium,Tier 2,Yes,Low,Not Placed,0.0
1781,Male,ECE,2.96,47.2,64.9,0,4.0,57.0,4,2,2,3,4,0,4,6.6,6,No,Low,Tier 2,Yes,Medium,Not Placed,0.0
1782,Female,ECE,5.62,74.4,52.1,0,6.2,59.4,2,0,3,4,2,1,3,6.8,3,No,Medium,Tier 3,No,Medium,Placed,11.4
1783,Male,ECE,7.15,71.2,88.1,0,5.3,82.3,2,1,3,2,3,1,1,5.6,9,No,High,Tier 2,Yes,High,Placed,14.2
1784,Female,CSE,7.28,63.3,76.8,0,7.3,61.8,4,3,4,1,5,3,1,7.8,4,No,Medium,Tier 3,Yes,Medium,Placed,17.26
1785,Female,IT,6.67,72.4,65.3,0,4.7,100.0,3,3,4,2,5,3,0,8.9,4,No,Medium,Tier 3,No,High,Placed,15.1
1786,Female,ME,8.71,80.9,74.5,0,5.6,100.0,5,3,4,5,4,3,1,6.1,7,No,High,Tier 2,Yes,Medium,Placed,17.66
1787,Female,CE,8.7,78.4,89.0,0,8.3,94.7,4,5,3,4,4,3,1,6.3,9,No,Medium,Tier 1,Yes,Medium,Placed,16.33
1788,Female,ME,5.79,57.0,78.9,0,7.0,70.6,5,1,4,4,2,3,1,9.4,3,No,Medium,Tier 1,Yes,Medium,Placed,15.93
1789,Male,ME,4.3,76.4,48.5,2,4.3,53.4,2,2,2,4,5,2,3,7.1,5,Yes,Medium,Tier 3,Yes,Low,Not Placed,0.0
1790,Male,ECE,6.42,70.9,68.6,0,5.4,57.8,5,2,3,2,3,2,1,5.2,7,No,Low,Tier 2,No,Medium,Placed,14.9
1791,Male,ME,8.18,88.1,93.5,0,8.9,82.7,2,3,3,3,4,1,1,5.4,4,No,Low,Tier 1,Yes,Low,Placed,15.67
1792,Female,CSE,0.06,3.3,21.9,1,1.3,25.0,1,1,0,3,0,0,0,9.0,6,No,Medium,Tier 1,Yes,Low,Not Placed,0.0
1793,Male,ECE,9.92,80.9,81.6,0,8.4,84.9,5,3,5,4,3,3,1,7.6,5,No,Medium,Tier 2,Yes,High,Placed,19.61
1794,Female,CSE,1.83,22.4,33.6,0,4.5,29.0,4,1,2,4,2,3,1,5.7,6,Yes,Medium,Tier 2,Yes,Low,Not Placed,0.0
1795,Male,ECE,4.7,69.3,70.7,0,4.4,66.2,4,2,2,5,5,4,0,7.4,3,No,Medium,Tier 3,No,Low,Placed,14.06
1796,Male,CSE,8.72,92.5,87.4,2,6.9,82.8,2,3,2,4,4,2,0,6.0,6,No,Medium,Tier 1,Yes,High,Placed,13.78
1797,Female,EE,2.25,40.1,8.6,5,3.9,54.9,2,2,1,4,1,1,0,4.7,6,No,Low,Tier 1,Yes,Low,Not Placed,0.0
1798,Male,CSE,4.77,62.9,60.0,0,4.1,69.1,4,4,2,5,3,3,1,6.6,7,Yes,Medium,Tier 3,Yes,Medium,Placed,11.94
1799,Male,CSE,1.33,20.4,26.7,1,2.3,45.7,0,0,0,3,3,2,1,7.0,4,No,High,Tier 1,Yes,High,Not Placed,0.0
1800,Male,ECE,3.95,62.5,31.3,0,2.9,90.6,0,2,2,4,2,1,2,5.1,8,Yes,Low,Tier 3,No,High,Not Placed,0.0
1801,Female,CSE,1.77,23.7,15.4,2,2.9,55.5,0,1,1,4,1,4,0,5.5,1,No,Medium,Tier 3,No,Medium,Not Placed,0.0
1802,Female,CSE,3.64,60.0,56.9,4,4.1,41.7,2,1,2,4,3,3,1,5.8,4,No,Medium,Tier 1,No,Medium,Not Placed,0.0
1803,Male,CSE,3.73,51.1,40.5,0,5.1,62.9,3,1,1,3,3,0,4,6.8,10,Yes,Low,Tier 2,Yes,Medium,Not Placed,0.0
1804,Male,ECE,9.93,81.5,88.4,1,9.3,93.9,6,4,5,1,4,3,1,7.2,6,No,Low,Tier 3,Yes,Medium,Placed,18.87
1805,Male,ECE,9.95,92.1,97.2,0,9.0,78.6,5,3,5,3,5,7,3,5.3,8,No,Low,Tier 2,No,Medium,Placed,18.26
1806,Female,IT,1.15,6.9,20.8,0,2.7,24.8,4,1,3,3,2,3,1,6.3,6,No,Low,Tier 3,Yes,Low,Not Placed,0.0
1807,Female,IT,7.26,88.3,77.1,2,6.5,84.0,2,2,3,2,4,2,2,6.4,9,Yes,Medium,Tier 3,Yes,Low,Placed,13.73
1808,Male,ECE,0.52,19.2,20.1,0,2.5,46.5,4,0,2,3,2,2,1,4.9,5,No,Medium,Tier 2,Yes,Medium,Not Placed,0.0
1809,Male,CSE,0.3,0.0,8.4,0,0.6,24.2,3,0,1,2,2,2,1,7.3,6,No,Medium,Tier 1,Yes,Low,Not Placed,0.0
1810,Male,CSE,1.05,27.7,21.3,1,0.0,52.9,1,0,1,2,0,2,1,7.7,7,No,Medium,Tier 2,Yes,Medium,Not Placed,0.0
1811,Female,IT,9.65,91.7,99.6,2,9.4,96.3,5,3,5,2,5,5,1,7.4,9,No,High,Tier 1,Yes,High,Placed,18.59
1812,Female,CSE,9.41,80.1,93.7,1,8.8,100.0,6,3,5,1,5,4,2,5.4,2,No,High,Tier 2,Yes,Medium,Placed,19.57
1813,Male,CSE,1.94,48.3,32.7,0,2.7,59.7,2,0,2,2,3,2,3,7.7,7,No,Low,Tier 1,No,Low,Not Placed,0.0
1814,Male,IT,1.62,29.8,50.3,0,3.7,42.8,0,1,1,4,2,1,2,6.9,4,No,Medium,Tier 2,Yes,Medium,Not Placed,0.0
1815,Male,ECE,2.41,32.6,44.6,5,2.5,69.1,5,0,3,5,2,1,1,8.2,5,No,Low,Tier 1,Yes,Low,Not Placed,0.0
1816,Female,CSE,5.16,54.9,67.8,0,4.4,52.5,6,2,5,5,3,3,1,7.6,4,No,Medium,Tier 2,No,Low,Placed,15.03
1817,Male,CSE,5.7,48.3,61.9,3,4.6,97.9,4,1,4,3,4,3,2,7.4,1,No,Medium,Tier 1,Yes,Low,Not Placed,0.0
1818,Female,CE,2.22,20.8,38.0,2,3.6,37.8,3,2,3,4,3,3,1,6.7,8,No,Medium,Tier 2,Yes,Medium,Not Placed,0.0
1819,Female,ME,7.57,92.2,74.2,1,5.2,79.8,1,3,1,3,4,0,2,8.1,3,No,Medium,Tier 2,Yes,Low,Placed,12.9
1820,Male,IT,3.1,36.6,50.6,0,2.9,46.8,1,2,3,3,2,4,1,5.6,5,No,Low,Tier 1,No,Low,Not Placed,0.0
1821,Male,ECE,9.22,93.6,90.7,0,8.2,85.8,4,3,5,3,5,3,2,5.5,5,Yes,Medium,Tier 3,Yes,Low,Placed,19.86
1822,Male,ECE,6.57,50.4,72.8,0,4.9,100.0,6,3,4,4,4,2,1,10.0,4,No,Low,Tier 1,Yes,Low,Placed,16.61
1823,Female,EE,4.36,38.9,54.5,0,3.9,55.6,2,1,1,2,5,1,2,4.7,7,No,Low,Tier 2,Yes,Medium,Not Placed,0.0
1824,Female,EE,7.9,88.2,81.0,1,4.8,92.6,1,2,3,2,4,0,2,5.6,5,Yes,Medium,Tier 1,Yes,Low,Placed,12.78
1825,Female,CSE,8.18,88.3,100.0,1,7.8,81.3,4,2,5,3,5,4,2,8.0,4,No,High,Tier 3,Yes,Medium,Placed,17.18
1826,Male,ME,2.9,57.2,34.5,0,2.8,63.6,0,2,1,2,3,0,1,5.0,3,No,Medium,Tier 2,No,Low,Not Placed,0.0
1827,Male,CSE,3.4,57.3,38.4,1,2.8,48.9,2,2,2,4,0,0,2,7.9,4,No,Medium,Tier 3,Yes,High,Not Placed,0.0
1828,Female,CSE,9.36,92.3,99.8,0,6.8,94.2,5,1,5,2,4,4,2,8.5,6,No,Medium,Tier 1,Yes,High,Placed,18.44
1829,Female,IT,1.65,33.8,25.2,0,2.2,52.4,3,0,1,2,1,1,0,8.6,2,No,High,Tier 2,Yes,Low,Not Placed,0.0
1830,Male,ECE,0.42,15.4,18.4,0,0.2,28.9,3,0,2,3,0,4,3,7.1,9,No,High,Tier 1,Yes,Medium,Not Placed,0.0
1831,Female,CE,4.54,74.1,43.5,2,6.6,95.3,2,3,2,3,2,2,0,5.6,5,Yes,High,Tier 3,Yes,High,Placed,11.13
1832,Female,CSE,8.01,94.6,87.0,0,4.7,91.2,3,3,3,3,2,2,0,5.9,4,No,High,Tier 2,No,High,Placed,17.0
1833,Male,ECE,7.72,82.3,84.8,0,6.5,78.6,3,0,4,5,3,3,0,8.5,7,No,Low,Tier 3,Yes,Medium,Placed,16.05
1834,Female,CE,9.2,95.2,88.4,0,8.0,81.8,4,2,3,2,4,0,1,4.8,5,No,Low,Tier 3,Yes,Medium,Placed,16.89
1835,Female,CE,5.33,74.8,67.8,0,4.5,68.1,5,2,4,3,5,3,2,8.0,7,No,Medium,Tier 3,Yes,Low,Placed,13.93
1836,Female,CSE,1.0,29.3,7.4,0,2.4,26.4,0,1,0,1,0,0,2,5.1,3,No,High,Tier 2,Yes,Low,Not Placed,0.0
1837,Male,ECE,5.89,80.7,58.1,0,4.8,91.7,2,2,4,3,2,3,4,6.9,4,No,Low,Tier 1,Yes,High,Placed,16.37
1838,Male,IT,7.78,59.2,78.5,2,8.5,86.9,3,3,3,1,3,1,3,6.3,7,Yes,Medium,Tier 3,Yes,Low,Placed,13.14
1839,Female,CSE,0.93,27.5,13.7,0,1.0,39.5,2,0,2,2,1,2,2,6.5,8,Yes,Medium,Tier 3,Yes,Low,Not Placed,0.0
1840,Male,EE,1.73,24.6,14.4,0,0.4,57.9,1,1,0,1,0,0,2,8.6,6,No,High,Tier 2,Yes,Medium,Not Placed,0.0
1841,Male,CE,0.12,33.6,15.9,0,0.3,27.1,1,2,2,2,0,2,2,6.4,6,No,Medium,Tier 2,No,Low,Not Placed,0.0
1842,Male,CSE,5.94,81.0,72.5,4,6.0,56.8,3,2,4,3,2,3,0,8.3,4,No,Medium,Tier 1,Yes,Medium,Not Placed,0.0
1843,Male,CSE,8.87,90.7,100.0,0,7.6,86.7,4,2,4,3,4,4,1,6.1,4,No,Low,Tier 2,Yes,Low,Placed,16.55
1844,Female,CSE,6.71,87.4,66.2,2,6.9,76.8,2,2,3,3,4,2,0,7.3,4,No,Medium,Tier 3,Yes,High,Placed,14.41
1845,Female,CE,9.82,100.0,100.0,1,8.9,100.0,6,2,5,3,4,5,1,6.8,8,No,Low,Tier 3,Yes,High,Placed,17.9
1846,Male,CSE,0.63,21.1,29.4,1,1.3,21.1,2,0,0,2,1,0,1,5.4,8,No,Low,Tier 2,Yes,Medium,Not Placed,0.0
1847,Male,ECE,9.03,100.0,100.0,2,7.3,83.7,4,2,4,3,3,3,4,5.4,7,No,High,Tier 1,Yes,Medium,Placed,16.48
1848,Male,ECE,8.14,83.9,79.6,0,6.8,46.8,4,3,3,3,4,1,4,6.7,10,No,Medium,Tier 3,Yes,Medium,Placed,17.05
1849,Female,ECE,3.14,39.5,25.1,1,5.6,39.7,2,1,2,3,1,2,1,6.5,7,No,Medium,Tier 3,No,Low,Not Placed,0.0
1850,Female,CSE,9.74,100.0,96.6,0,9.0,100.0,3,4,4,3,5,3,2,7.8,8,No,High,Tier 2,Yes,Low,Placed,17.68
1851,Male,CSE,2.88,35.9,30.9,1,5.4,63.8,1,1,1,2,1,1,0,4.8,5,No,Medium,Tier 2,Yes,Medium,Not Placed,0.0
1852,Female,CE,8.89,91.4,81.9,4,8.6,74.6,6,4,5,4,3,4,2,6.0,5,No,Low,Tier 3,Yes,Low,Not Placed,0.0
1853,Female,CE,8.81,100.0,85.5,3,7.6,84.0,4,1,5,4,5,4,0,7.5,5,No,High,Tier 2,Yes,Low,Placed,16.08
1854,Female,IT,7.58,79.6,75.3,0,5.8,80.8,2,2,2,3,3,2,1,6.7,4,No,Medium,Tier 1,Yes,Medium,Not Placed,0.0
1855,Female,CSE,5.63,45.9,64.5,0,5.6,81.7,1,2,2,4,4,3,2,5.3,5,No,High,Tier 3,Yes,Low,Placed,12.9
1856,Male,CSE,1.2,28.9,34.6,0,2.3,60.5,3,0,2,3,3,2,2,7.4,6,No,Medium,Tier 3,Yes,Low,Not Placed,0.0
1857,Female,IT,5.32,53.3,56.9,0,5.1,68.8,5,3,4,3,4,2,1,8.0,4,No,Medium,Tier 2,Yes,High,Placed,14.2
1858,Male,CSE,3.57,54.0,50.5,0,3.8,53.3,3,0,1,3,1,0,6,5.8,7,No,Low,Tier 1,Yes,Medium,Not Placed,0.0
1859,Female,CE,7.92,89.3,81.5,0,5.0,65.2,6,2,5,3,3,4,0,8.2,4,No,Medium,Tier 1,No,Medium,Placed,17.88
1860,Female,IT,7.58,94.1,88.0,5,8.1,81.8,5,3,4,2,3,5,0,6.3,4,No,Medium,Tier 3,Yes,High,Not Placed,0.0
1861,Female,CSE,9.11,100.0,89.0,0,7.8,100.0,4,4,3,1,5,1,4,6.6,6,No,High,Tier 3,Yes,Medium,Placed,16.87
1862,Female,CE,0.15,27.2,18.4,0,0.2,51.4,0,0,0,3,2,0,5,6.4,1,No,Low,Tier 1,Yes,Medium,Not Placed,0.0
1863,Male,EE,8.09,77.1,79.0,0,7.6,85.6,4,2,4,4,3,4,1,8.2,8,Yes,Medium,Tier 3,Yes,Low,Placed,16.1
1864,Male,CSE,9.38,100.0,91.4,1,7.2,94.9,6,4,5,2,4,4,1,6.8,7,Yes,Medium,Tier 1,No,Medium,Placed,18.25
1865,Female,ECE,7.89,100.0,73.3,4,7.6,74.1,2,2,3,4,4,2,1,7.9,7,Yes,High,Tier 2,No,Medium,Not Placed,0.0
1866,Female,CSE,1.3,19.2,19.6,0,3.3,38.5,3,0,1,1,1,0,3,6.4,7,No,High,Tier 2,Yes,Medium,Not Placed,0.0
1867,Male,ECE,0.81,39.9,32.2,0,3.1,41.6,2,1,1,2,3,2,1,7.4,5,Yes,Medium,Tier 3,Yes,Low,Not Placed,0.0
1868,Male,CSE,0.21,11.3,8.8,0,1.5,38.1,3,1,0,5,1,0,0,5.7,6,Yes,Low,Tier 1,Yes,Medium,Not Placed,0.0
1869,Male,ECE,6.29,59.9,65.1,5,5.5,84.9,2,2,3,3,3,1,2,8.2,6,Yes,Low,Tier 1,Yes,Medium,Not Placed,0.0
1870,Female,EE,6.3,71.5,78.6,0,5.3,84.3,2,2,3,3,4,3,1,6.6,3,No,Medium,Tier 3,Yes,Low,Placed,14.84
1871,Female,ECE,9.87,100.0,93.4,0,7.7,100.0,5,4,5,3,5,5,1,8.5,6,Yes,High,Tier 3,Yes,Low,Placed,20.18
1872,Male,CSE,3.98,57.9,58.1,0,4.3,46.9,4,1,4,4,2,3,0,6.9,5,No,Medium,Tier 3,Yes,High,Not Placed,0.0
1873,Male,IT,3.32,33.6,38.6,0,3.6,43.4,3,1,3,1,3,2,2,7.1,9,No,Medium,Tier 3,Yes,Medium,Not Placed,0.0
1874,Female,CSE,6.24,72.4,57.4,2,5.0,61.8,4,0,5,5,5,4,3,9.7,5,No,Low,Tier 2,Yes,Low,Placed,13.63
1875,Female,ME,8.26,78.4,68.1,0,6.1,87.4,4,3,4,2,4,3,2,7.9,5,No,Medium,Tier 2,Yes,Low,Placed,16.76
1876,Male,ECE,9.37,79.8,100.0,0,8.0,66.9,4,2,4,4,4,3,2,7.2,3,Yes,Low,Tier 1,Yes,Medium,Placed,17.65
1877,Male,CSE,8.03,74.0,70.9,0,6.7,83.1,4,2,5,2,5,4,1,5.5,5,Yes,Medium,Tier 1,Yes,High,Placed,17.34
1878,Male,CSE,4.27,43.8,59.6,4,3.3,77.5,2,1,2,5,4,1,3,6.1,1,No,Medium,Tier 2,No,Medium,Not Placed,0.0
1879,Male,IT,6.35,74.2,58.8,0,6.8,81.1,4,2,4,3,3,2,0,7.9,9,No,High,Tier 3,Yes,Low,Placed,13.84
1880,Male,CSE,8.56,99.3,99.7,2,9.3,82.2,4,3,3,1,5,3,0,6.6,7,No,Medium,Tier 2,Yes,High,Placed,14.2
1881,Female,IT,4.91,42.0,79.3,0,5.9,56.1,3,2,3,4,2,2,1,6.8,5,No,Low,Tier 3,Yes,Medium,Placed,13.06
1882,Female,CSE,2.17,37.0,18.5,2,2.3,57.7,1,0,1,5,3,1,1,5.7,7,Yes,Medium,Tier 1,No,Medium,Not Placed,0.0
1883,Female,CSE,1.7,17.7,20.8,5,2.6,48.9,2,1,1,4,0,0,0,7.5,4,No,High,Tier 2,Yes,Low,Not Placed,0.0
1884,Female,ECE,0.0,21.3,25.7,0,3.0,32.0,0,1,0,3,2,0,0,7.1,5,Yes,Medium,Tier 3,No,Medium,Not Placed,0.0
1885,Male,CE,7.18,69.8,80.6,0,5.4,71.0,3,3,4,4,3,3,1,7.9,3,Yes,Low,Tier 1,Yes,High,Placed,17.42
1886,Male,CE,1.11,13.9,34.6,0,3.1,42.6,2,1,2,2,0,1,0,8.5,2,No,Low,Tier 1,Yes,High,Not Placed,0.0
1887,Male,CSE,2.44,43.7,31.8,1,1.8,46.0,1,0,1,4,0,0,1,7.5,7,No,High,Tier 2,Yes,Low,Not Placed,0.0
1888,Male,ECE,2.98,34.5,61.7,0,5.3,62.3,2,1,2,3,2,2,2,5.6,5,No,Medium,Tier 2,No,Medium,Not Placed,0.0
1889,Female,CSE,5.6,59.4,64.0,0,5.0,83.5,2,2,3,0,4,4,2,5.2,2,No,High,Tier 2,Yes,Medium,Placed,13.22
1890,Female,ECE,3.98,26.6,37.7,0,6.5,42.5,3,1,3,2,1,3,0,7.9,4,Yes,High,Tier 3,Yes,High,Not Placed,0.0
1891,Male,ECE,6.75,81.8,69.5,0,8.0,60.8,4,1,4,3,2,3,0,7.1,8,No,Medium,Tier 2,Yes,High,Placed,14.93
1892,Male,CE,0.56,28.0,10.4,0,1.8,54.5,4,0,3,3,1,2,1,9.1,4,Yes,High,Tier 2,Yes,High,Not Placed,0.0
1893,Female,CE,1.24,25.6,43.8,2,1.6,44.4,1,2,1,3,2,0,3,7.0,7,Yes,Low,Tier 1,Yes,Low,Not Placed,0.0
1894,Male,ECE,4.99,42.1,51.3,2,5.2,51.4,7,1,4,3,4,2,0,4.9,4,No,Medium,Tier 2,No,Medium,Placed,12.65
1895,Male,ECE,3.37,55.7,49.9,0,3.7,67.0,1,1,2,4,2,1,1,5.5,6,No,Medium,Tier 1,Yes,High,Not Placed,0.0
1896,Female,ME,2.96,33.5,37.0,0,3.2,56.9,2,1,1,3,3,1,2,6.1,7,No,Low,Tier 1,Yes,Medium,Not Placed,0.0
1897,Female,ME,0.67,16.2,17.2,0,0.3,65.5,0,1,0,0,2,2,1,9.1,4,Yes,Low,Tier 3,Yes,High,Not Placed,0.0
1898,Male,CSE,8.96,100.0,70.6,1,7.3,85.9,4,3,5,5,4,3,4,8.4,5,No,Medium,Tier 2,No,High,Placed,18.44
1899,Male,CSE,6.92,66.8,79.3,0,5.2,89.8,4,3,4,1,4,2,0,6.4,6,No,Medium,Tier 1,Yes,Medium,Placed,16.1
1900,Female,ECE,1.22,32.8,40.8,0,2.9,24.9,0,3,0,4,0,0,0,6.8,4,No,Medium,Tier 2,Yes,High,Not Placed,0.0
1901,Male,CSE,0.65,26.1,14.0,0,2.9,55.7,1,1,0,1,2,0,4,5.4,5,Yes,Medium,Tier 2,Yes,Medium,Not Placed,0.0
1902,Male,CSE,9.75,100.0,80.5,1,9.1,100.0,4,4,4,5,3,4,1,5.3,4,No,Low,Tier 3,Yes,Medium,Placed,18.24
1903,Female,CSE,6.81,75.7,80.5,0,6.6,95.1,3,5,3,3,4,0,1,8.3,6,No,High,Tier 1,Yes,Low,Placed,16.26
1904,Male,IT,4.17,54.2,34.9,0,3.6,73.3,0,2,1,3,4,0,1,8.1,8,No,Low,Tier 2,Yes,Medium,Not Placed,0.0
1905,Female,CSE,7.02,77.4,86.4,0,6.6,75.9,2,2,1,1,4,2,1,6.7,3,No,Low,Tier 1,Yes,Medium,Placed,13.88
1906,Male,CSE,7.56,78.7,69.4,0,7.6,66.3,3,2,3,4,4,1,1,9.2,4,Yes,Low,Tier 2,Yes,Medium,Placed,14.37
1907,Female,CSE,7.8,96.4,69.4,0,6.4,74.6,4,3,4,3,4,4,2,7.5,1,Yes,Medium,Tier 3,Yes,Medium,Placed,17.71
1908,Male,ME,4.78,42.5,58.7,0,5.0,42.5,3,1,3,4,3,2,3,7.3,7,No,Low,Tier 3,Yes,High,Not Placed,0.0
1909,Male,ME,4.3,61.8,42.0,0,4.4,49.7,2,0,1,4,5,2,0,7.3,2,No,Medium,Tier 1,Yes,High,Not Placed,0.0
1910,Male,ECE,0.11,24.2,11.8,2,3.2,40.8,0,0,0,3,2,0,2,5.7,7,No,Low,Tier 1,Yes,Medium,Not Placed,0.0
1911,Male,ECE,9.27,100.0,95.7,0,8.8,90.0,6,4,4,3,4,3,1,8.1,7,No,High,Tier 3,Yes,Low,Placed,16.86
1912,Female,EE,6.03,77.4,41.9,0,6.3,68.5,5,2,3,2,3,3,3,8.1,7,No,Medium,Tier 1,Yes,High,Placed,13.66
1913,Female,CSE,2.03,31.3,50.7,0,1.2,37.7,5,1,3,2,1,2,0,7.3,6,No,High,Tier 2,Yes,High,Not Placed,0.0
1914,Male,CSE,9.2,74.5,92.0,0,8.1,68.9,5,4,5,4,3,2,3,5.7,2,No,Medium,Tier 3,Yes,Medium,Placed,17.79
1915,Male,CSE,9.15,92.1,78.3,0,7.7,92.1,4,3,4,2,2,2,1,8.3,5,Yes,Medium,Tier 3,Yes,Low,Placed,16.57
1916,Female,CSE,9.89,89.2,86.9,2,8.3,98.9,6,3,5,1,4,2,2,4.8,6,Yes,High,Tier 2,Yes,Medium,Placed,17.9
1917,Female,ECE,8.74,82.0,97.8,0,6.1,75.5,2,3,3,2,3,1,4,6.1,7,No,Low,Tier 2,No,Low,Placed,17.33
1918,Male,CE,9.98,87.4,100.0,2,7.4,88.5,7,4,5,4,5,2,3,7.7,7,Yes,Medium,Tier 1,Yes,Low,Placed,19.45
1919,Male,IT,2.45,31.1,51.5,2,3.1,68.2,3,2,2,3,1,4,2,6.5,5,No,Low,Tier 2,Yes,Medium,Not Placed,0.0
1920,Male,ECE,8.42,80.6,78.5,1,8.5,99.4,5,3,5,4,3,4,2,5.8,5,Yes,High,Tier 2,Yes,Medium,Placed,17.3
1921,Female,CE,8.23,61.2,86.8,1,6.7,66.6,5,3,5,1,2,4,0,8.7,5,No,Medium,Tier 2,Yes,Low,Placed,16.2
1922,Male,CSE,2.31,41.6,40.7,0,2.7,47.8,2,0,1,0,1,0,0,8.4,3,No,Low,Tier 3,Yes,Medium,Not Placed,0.0
1923,Female,CSE,0.98,45.5,32.8,0,4.0,58.3,0,1,0,3,0,1,0,8.3,4,No,Low,Tier 2,Yes,Medium,Not Placed,0.0
1924,Male,ECE,9.79,100.0,100.0,4,8.1,91.1,5,3,4,4,5,4,1,7.4,5,Yes,High,Tier 3,Yes,High,Not Placed,0.0
1925,Female,IT,2.96,38.1,34.5,0,3.4,49.5,2,1,0,1,2,1,0,7.0,4,Yes,Low,Tier 1,Yes,Low,Not Placed,0.0
1926,Male,CSE,8.71,88.5,86.5,0,7.5,100.0,4,3,4,4,4,3,0,9.1,3,No,Low,Tier 1,Yes,High,Placed,16.6
1927,Male,ECE,0.04,11.1,12.2,0,0.2,47.1,1,1,1,4,2,2,3,8.7,2,No,Medium,Tier 1,Yes,Low,Not Placed,0.0
1928,Male,IT,0.21,17.7,19.2,0,2.2,47.5,1,0,1,3,1,0,3,6.9,7,Yes,High,Tier 1,Yes,Medium,Not Placed,0.0
1929,Female,IT,4.66,54.2,62.3,0,4.1,59.8,2,2,3,4,3,3,2,10.0,6,No,Low,Tier 2,Yes,Medium,Placed,13.38
1930,Male,IT,2.39,26.9,20.6,3,3.1,57.3,1,3,2,3,3,2,2,6.8,6,No,Medium,Tier 2,Yes,Medium,Not Placed,0.0
1931,Male,CSE,6.9,90.5,84.3,0,6.8,94.3,2,2,2,3,3,0,2,7.5,5,No,Medium,Tier 2,Yes,Medium,Placed,14.64
1932,Male,CSE,5.66,48.2,51.9,2,7.4,68.4,1,3,2,4,2,0,3,8.7,4,No,Low,Tier 2,Yes,Medium,Placed,11.59
1933,Male,ECE,0.77,28.7,21.1,0,0.7,34.8,3,0,1,5,1,1,2,7.4,1,Yes,Medium,Tier 2,Yes,High,Not Placed,0.0
1934,Female,CSE,1.63,27.8,43.5,0,3.5,59.5,2,2,2,2,0,1,1,6.7,7,No,Medium,Tier 1,Yes,Medium,Not Placed,0.0
1935,Female,CE,3.88,67.0,52.3,0,5.1,82.8,4,1,3,3,4,2,2,7.5,5,No,Medium,Tier 1,Yes,Medium,Not Placed,0.0
1936,Female,ECE,1.86,34.2,36.3,0,2.2,71.5,1,1,1,2,2,2,3,7.0,7,Yes,Medium,Tier 1,Yes,Low,Not Placed,0.0
1937,Male,CSE,7.92,78.7,69.6,0,7.6,78.0,7,4,5,3,4,5,2,4.4,4,Yes,Medium,Tier 2,Yes,Low,Placed,16.92
1938,Female,IT,4.16,47.9,40.8,3,6.1,56.7,4,1,4,3,5,4,0,8.2,9,No,Medium,Tier 3,Yes,Medium,Not Placed,0.0
1939,Male,ECE,0.93,23.3,34.9,0,1.4,28.2,1,1,2,4,0,2,4,6.3,6,No,Medium,Tier 1,Yes,Low,Not Placed,0.0
1940,Male,CSE,4.84,44.7,50.8,0,5.1,65.5,4,2,3,5,4,2,0,5.6,5,No,Medium,Tier 1,Yes,Medium,Placed,12.86
1941,Male,ME,0.91,15.1,20.3,0,2.5,27.6,3,0,2,4,2,2,1,8.4,3,Yes,High,Tier 3,Yes,Low,Not Placed,0.0
1942,Male,ME,1.29,8.1,38.0,0,2.9,36.4,4,1,2,4,3,2,1,7.5,6,No,High,Tier 3,Yes,Low,Not Placed,0.0
1943,Female,IT,2.4,26.2,26.7,0,3.9,57.8,0,0,0,2,2,0,2,7.8,7,Yes,Medium,Tier 2,Yes,Low,Not Placed,0.0
1944,Female,CSE,8.6,89.0,89.5,0,7.7,91.3,3,3,3,2,4,3,2,6.8,1,Yes,Low,Tier 2,Yes,Low,Placed,16.08
1945,Female,ECE,9.25,96.6,92.4,2,8.5,68.8,3,3,4,4,4,3,2,7.3,5,No,Low,Tier 2,Yes,Medium,Placed,16.42
1946,Male,IT,8.26,65.4,84.1,1,6.4,100.0,5,2,4,3,5,3,1,6.6,5,Yes,High,Tier 1,Yes,Medium,Placed,15.98
1947,Male,CSE,3.34,42.0,39.5,0,4.0,42.0,2,0,2,5,3,2,3,6.0,6,Yes,Low,Tier 2,Yes,Medium,Not Placed,0.0
1948,Male,CSE,2.72,43.8,34.0,0,2.9,39.8,2,1,2,1,1,1,2,7.8,2,Yes,Medium,Tier 2,Yes,Low,Not Placed,0.0
1949,Male,ME,5.49,60.0,51.1,0,4.1,53.1,1,4,1,4,2,2,0,7.3,7,No,High,Tier 1,Yes,Medium,Placed,11.55
1950,Male,CSE,7.22,70.0,80.6,1,6.0,70.4,4,4,4,4,4,3,2,9.1,7,No,Medium,Tier 1,Yes,Low,Placed,15.76
1951,Male,IT,9.93,95.3,90.8,2,8.7,83.8,6,3,5,2,4,7,4,4.3,7,No,Medium,Tier 1,No,Low,Placed,17.02
1952,Male,ECE,1.32,20.8,38.2,2,2.9,32.5,0,1,1,2,3,3,2,8.4,4,No,Medium,Tier 2,Yes,Low,Not Placed,0.0
1953,Male,ECE,0.49,12.8,19.7,0,0.6,8.4,3,1,2,3,2,0,0,6.5,8,No,Low,Tier 3,Yes,Medium,Not Placed,0.0
1954,Female,CSE,6.94,75.7,62.9,0,5.4,78.2,2,2,3,1,4,4,0,6.4,4,No,High,Tier 2,Yes,High,Placed,14.39
1955,Female,ME,8.32,100.0,82.2,0,8.0,87.7,2,2,4,5,4,3,4,7.7,1,No,High,Tier 3,Yes,Medium,Placed,17.6
1956,Female,ECE,8.46,79.5,81.6,4,7.9,100.0,6,3,4,5,3,4,4,5.9,6,No,High,Tier 3,Yes,Medium,Not Placed,0.0
1957,Female,ECE,6.78,69.4,82.3,3,7.1,81.5,2,2,3,3,4,4,3,6.5,5,No,Medium,Tier 2,Yes,Medium,Placed,13.41
1958,Male,IT,9.54,95.6,90.6,0,9.5,86.3,3,4,3,2,2,2,0,7.7,8,No,Low,Tier 3,Yes,Medium,Placed,17.03
1959,Female,IT,5.11,51.6,56.1,1,5.6,51.3,2,1,2,1,3,1,1,6.4,3,No,Medium,Tier 2,Yes,Medium,Not Placed,0.0
1960,Female,EE,9.14,100.0,100.0,3,7.5,88.7,4,2,4,2,3,4,3,6.2,5,Yes,Medium,Tier 1,Yes,Low,Placed,15.99
1961,Male,ECE,9.68,73.6,100.0,0,8.4,98.5,4,4,4,2,3,3,1,6.2,5,No,Medium,Tier 1,Yes,Medium,Placed,17.66
1962,Male,ECE,8.47,81.7,100.0,2,9.1,79.8,5,3,4,4,4,1,2,7.4,7,Yes,Low,Tier 2,Yes,Medium,Placed,16.23
1963,Female,EE,3.1,49.5,55.4,0,6.4,54.3,0,1,1,5,2,2,1,5.6,3,No,High,Tier 1,Yes,Medium,Not Placed,0.0
1964,Male,IT,1.96,28.7,24.8,0,3.3,69.5,1,1,0,2,2,1,0,7.9,8,No,High,Tier 1,Yes,Low,Not Placed,0.0
1965,Male,CSE,5.48,53.4,71.7,0,5.9,63.3,3,3,3,2,4,2,3,9.5,4,No,Medium,Tier 1,Yes,High,Placed,13.17
1966,Male,CSE,4.53,57.9,69.5,0,5.4,39.5,1,2,2,2,2,2,0,7.0,5,Yes,High,Tier 1,Yes,Low,Not Placed,0.0
1967,Male,ME,8.78,98.7,100.0,2,7.7,98.2,4,3,5,4,4,6,0,7.5,6,No,Low,Tier 3,Yes,High,Placed,17.08
1968,Male,ECE,1.0,25.6,35.9,0,3.4,44.8,0,1,0,3,0,1,2,7.3,3,No,High,Tier 2,No,High,Not Placed,0.0
1969,Male,IT,2.58,28.9,48.3,0,4.3,30.0,0,1,0,3,1,0,1,5.9,6,No,Medium,Tier 1,No,Low,Not Placed,0.0
1970,Male,ECE,7.52,83.5,75.1,0,7.1,85.3,1,3,1,2,4,1,3,7.4,6,Yes,Medium,Tier 1,Yes,High,Placed,13.41
1971,Male,CSE,0.95,19.1,17.2,0,1.8,28.7,3,3,1,5,2,2,1,7.3,4,Yes,High,Tier 1,Yes,Low,Not Placed,0.0
1972,Female,IT,3.21,49.7,40.2,0,2.2,59.6,3,2,2,4,2,3,1,9.1,6,No,Medium,Tier 3,Yes,Low,Not Placed,0.0
1973,Male,CSE,3.87,62.7,32.3,0,4.9,81.1,4,1,2,4,3,0,1,7.3,6,No,High,Tier 3,Yes,Medium,Not Placed,0.0
1974,Male,ECE,6.23,41.9,81.3,0,6.1,70.3,3,3,3,3,2,2,2,8.5,7,No,Low,Tier 3,Yes,Low,Not Placed,0.0
1975,Male,ECE,1.58,29.5,27.8,1,1.9,57.5,2,1,0,3,2,0,0,7.5,8,Yes,Low,Tier 1,Yes,Low,Not Placed,0.0
1976,Female,ECE,8.61,70.8,99.8,3,6.4,71.9,4,3,2,2,3,2,1,6.4,6,No,Low,Tier 3,No,Low,Placed,14.37
1977,Male,IT,4.48,77.5,41.5,0,5.3,43.6,2,2,3,4,2,1,0,5.6,6,Yes,High,Tier 3,Yes,Low,Not Placed,0.0
1978,Male,ME,9.17,88.3,100.0,1,6.3,100.0,4,2,4,4,3,5,2,7.4,3,No,Medium,Tier 2,Yes,High,Placed,18.14
1979,Female,IT,4.68,62.2,50.5,3,5.1,66.8,2,1,2,4,3,3,1,7.9,2,No,High,Tier 2,Yes,Medium,Not Placed,0.0
1980,Female,CSE,2.75,38.0,27.2,0,4.3,59.1,0,0,0,1,2,0,2,6.9,4,No,Medium,Tier 2,Yes,High,Not Placed,0.0
1981,Male,CSE,1.42,19.0,45.6,1,3.0,57.3,2,1,0,3,2,0,1,6.2,6,No,Low,Tier 2,Yes,Low,Not Placed,0.0
1982,Female,ECE,0.04,6.1,29.4,1,1.1,28.9,1,1,1,3,1,0,1,8.7,6,Yes,Low,Tier 2,Yes,Medium,Not Placed,0.0
1983,Male,CE,5.32,76.1,62.7,0,4.0,76.8,2,2,3,2,3,3,1,6.5,1,Yes,Medium,Tier 3,Yes,Medium,Placed,15.46
1984,Male,ME,1.07,33.7,26.9,0,2.8,49.5,0,0,1,4,3,2,3,5.6,6,Yes,High,Tier 2,Yes,Low,Not Placed,0.0
1985,Male,ME,3.92,67.8,53.8,2,5.4,43.0,4,2,4,3,2,3,2,6.9,8,No,Low,Tier 3,Yes,Low,Not Placed,0.0
1986,Male,CSE,5.89,65.6,67.1,0,5.1,88.5,7,1,3,5,3,0,2,7.1,10,No,Medium,Tier 3,Yes,Medium,Placed,15.56
1987,Female,ECE,2.76,41.3,32.2,2,3.9,67.2,5,0,3,4,1,3,0,6.1,8,No,Medium,Tier 1,Yes,Medium,Not Placed,0.0
1988,Male,ECE,1.75,27.2,27.9,0,4.3,30.1,0,1,2,3,1,0,3,6.9,4,No,Low,Tier 3,No,Low,Not Placed,0.0
1989,Male,CSE,7.75,78.0,99.6,0,7.3,83.9,4,3,4,3,5,1,3,5.0,4,No,Medium,Tier 1,No,Low,Placed,17.15
1990,Female,CSE,9.47,85.1,100.0,0,7.7,89.0,4,3,5,2,5,5,1,7.5,6,No,Medium,Tier 1,Yes,High,Placed,17.55
1991,Female,CE,1.0,24.3,41.6,0,3.2,58.0,2,0,1,4,1,0,2,5.7,7,No,Low,Tier 1,Yes,High,Not Placed,0.0
1992,Male,CSE,1.56,20.4,35.3,2,1.9,27.4,0,2,1,3,2,1,1,6.5,8,No,Medium,Tier 2,Yes,Medium,Not Placed,0.0
1993,Female,CSE,9.6,100.0,91.4,0,6.9,100.0,2,2,3,3,5,2,0,6.2,7,Yes,Medium,Tier 3,Yes,Medium,Placed,18.78
1994,Male,CSE,0.38,19.9,13.1,3,2.6,35.2,2,0,2,2,1,1,5,8.7,3,Yes,Medium,Tier 1,No,Low,Not Placed,0.0
1995,Female,CE,9.78,100.0,88.9,0,7.9,100.0,4,4,5,4,3,4,2,6.6,3,No,Low,Tier 2,Yes,Low,Placed,19.47
1996,Female,ECE,0.05,32.2,12.9,1,1.2,51.9,3,1,2,2,2,1,1,6.0,8,No,Low,Tier 2,Yes,Medium,Not Placed,0.0
1997,Female,IT,8.74,88.9,100.0,5,7.0,85.1,5,2,5,2,5,4,0,9.5,5,No,Medium,Tier 2,No,High,Not Placed,0.0
1998,Male,CE,3.07,48.7,60.6,0,3.2,52.0,4,3,3,3,3,2,1,9.2,4,No,Medium,Tier 2,Yes,Medium,Not Placed,0.0
1999,Male,CSE,9.39,100.0,100.0,1,9.5,85.3,3,3,4,2,4,2,0,8.0,3,No,Medium,Tier 2,No,Medium,Placed,17.41
2000,Male,IT,3.17,55.0,33.8,0,5.4,43.4,4,1,3,2,4,2,0,7.7,4,No,High,Tier 2,Yes,Low,Not Placed,0.0
2001,Male,CSE,6.54,82.1,79.3,2,7.9,77.5,2,3,3,3,4,1,1,6.0,9,No,Medium,Tier 3,Yes,Low,Placed,13.83
2002,Male,CSE,0.8,18.7,22.0,0,3.2,38.2,2,2,1,4,0,2,0,8.3,5,Yes,Low,Tier 2,Yes,High,Not Placed,0.0
2003,Female,ME,2.42,37.9,15.8,3,3.7,43.4,2,1,2,4,0,1,3,7.4,7,No,Medium,Tier 1,Yes,Low,Not Placed,0.0
2004,Male,IT,7.74,67.6,82.8,2,5.5,76.0,6,3,5,4,3,3,3,6.2,6,No,Medium,Tier 2,Yes,Low,Placed,15.77
2005,Male,ECE,5.29,65.0,51.9,0,5.0,73.7,2,1,4,4,3,3,2,7.2,5,Yes,Medium,Tier 3,Yes,Medium,Not Placed,0.0
2006,Female,ECE,9.28,96.6,84.2,0,10.0,81.1,4,4,5,2,4,3,3,6.4,2,No,Medium,Tier 2,Yes,Medium,Placed,20.21
2007,Male,ECE,4.29,51.7,49.8,0,4.1,57.8,3,2,2,4,4,1,1,5.2,7,Yes,High,Tier 2,No,Medium,Not Placed,0.0
2008,Female,CSE,8.7,99.2,82.6,0,9.1,98.0,4,3,4,1,4,4,1,8.6,4,No,Medium,Tier 1,No,Low,Placed,16.56
2009,Male,CSE,4.49,41.1,53.6,0,4.7,64.9,1,1,3,4,2,2,2,4.8,2,No,Medium,Tier 2,Yes,Low,Not Placed,0.0
2010,Male,CSE,9.79,100.0,95.5,0,5.7,81.1,4,3,5,4,2,3,1,9.6,2,No,Medium,Tier 1,Yes,High,Placed,19.26
2011,Male,CSE,9.6,100.0,76.0,0,8.9,92.3,4,2,4,3,5,4,4,6.7,7,No,Low,Tier 2,Yes,Low,Placed,17.45
2012,Male,ME,3.29,42.3,59.5,0,5.1,60.0,2,1,3,2,3,3,0,7.5,7,No,High,Tier 3,No,Medium,Not Placed,0.0
2013,Female,CSE,8.86,88.8,79.0,2,7.7,100.0,4,3,3,3,5,2,2,7.6,1,No,Low,Tier 2,No,High,Placed,13.74
2014,Male,CSE,8.48,91.9,76.3,2,8.7,76.8,6,2,5,2,4,5,2,5.8,4,No,Medium,Tier 3,No,Low,Placed,15.64
2015,Male,ECE,2.11,48.1,31.6,1,1.3,41.0,2,0,1,4,3,2,2,6.7,6,No,Low,Tier 1,Yes,Low,Not Placed,0.0
2016,Male,ME,6.24,69.1,66.8,0,4.5,64.1,5,0,4,4,2,4,1,6.9,6,No,Medium,Tier 1,Yes,Low,Placed,14.55
2017,Male,CSE,0.73,22.6,38.4,0,2.2,31.6,0,0,0,4,1,1,1,6.3,4,No,Medium,Tier 3,Yes,Medium,Not Placed,0.0
2018,Female,CSE,8.37,86.3,87.7,0,7.8,90.1,6,3,5,3,3,4,2,8.2,5,No,Low,Tier 3,Yes,Medium,Placed,18.72
2019,Male,ECE,1.75,47.7,37.7,5,4.1,52.6,2,1,1,4,2,0,0,5.5,7,No,Low,Tier 2,Yes,Low,Not Placed,0.0
2020,Female,IT,0.71,17.3,26.4,0,2.6,51.9,2,0,2,4,0,0,0,7.2,6,Yes,Low,Tier 3,Yes,Low,Not Placed,0.0
2021,Female,ECE,4.0,48.7,52.3,0,3.1,57.9,2,1,3,2,3,2,0,4.9,7,Yes,Low,Tier 2,Yes,Medium,Not Placed,0.0
2022,Male,ME,5.77,78.7,67.3,0,5.8,52.8,1,3,3,1,2,2,0,7.3,5,No,Low,Tier 3,Yes,Medium,Placed,13.51
2023,Female,EE,8.55,89.1,67.1,1,8.1,94.3,6,3,5,3,5,3,1,7.2,3,No,Low,Tier 1,Yes,Low,Placed,18.33
2024,Male,IT,9.74,100.0,93.4,0,6.4,95.3,3,4,5,4,4,4,0,9.3,6,No,Low,Tier 2,No,Medium,Placed,19.17
2025,Male,IT,4.39,43.2,64.7,0,4.5,62.1,1,2,2,1,3,3,1,6.3,7,No,High,Tier 3,Yes,Medium,Not Placed,0.0
2026,Male,ECE,0.6,18.0,62.2,0,1.6,23.2,1,0,0,3,0,2,1,6.8,4,No,Medium,Tier 2,Yes,Low,Not Placed,0.0
2027,Female,CSE,7.49,93.5,65.9,1,6.1,77.6,2,3,3,4,2,1,0,6.7,6,Yes,High,Tier 3,Yes,Low,Placed,14.76
2028,Female,EE,5.65,56.3,67.4,0,6.0,54.6,5,3,2,3,2,2,0,9.0,5,No,Medium,Tier 2,Yes,Medium,Placed,13.06
2029,Male,ECE,4.48,51.6,48.1,1,3.5,67.7,3,3,2,5,3,2,2,6.3,2,No,Medium,Tier 1,Yes,Medium,Not Placed,0.0
2030,Female,CSE,3.09,43.8,63.2,2,4.1,48.4,5,3,3,5,3,3,0,7.3,5,No,Medium,Tier 1,Yes,Medium,Not Placed,0.0
2031,Male,IT,5.02,47.8,44.6,1,5.6,58.9,4,3,3,3,4,4,1,6.6,6,Yes,Low,Tier 3,Yes,Low,Placed,13.19
2032,Male,CSE,3.39,39.7,51.4,0,5.0,36.9,0,1,0,3,1,2,1,6.8,5,No,Medium,Tier 3,Yes,Low,Not Placed,0.0
2033,Male,ECE,7.57,80.5,64.5,2,5.7,92.7,4,2,3,3,4,3,3,7.0,8,No,Low,Tier 1,Yes,Low,Placed,15.1
2034,Female,ECE,5.44,61.7,58.3,3,3.8,64.5,2,2,2,3,2,2,3,8.3,3,No,Medium,Tier 2,Yes,High,Placed,11.1
2035,Female,ECE,8.77,100.0,87.8,0,7.9,88.7,5,4,5,2,3,3,0,8.7,10,No,Low,Tier 3,Yes,Low,Placed,19.28
2036,Male,ME,5.44,76.7,72.2,0,5.0,58.8,3,0,3,1,2,5,1,5.3,5,No,Medium,Tier 1,Yes,High,Placed,12.13
2037,Male,CSE,2.38,26.7,26.3,2,6.1,29.5,2,0,0,0,2,0,1,7.9,5,No,Medium,Tier 2,Yes,High,Not Placed,0.0
2038,Male,ECE,8.51,88.4,92.7,0,7.9,79.7,6,2,4,3,5,4,0,8.5,7,No,High,Tier 2,Yes,Low,Placed,18.05
2039,Male,ECE,5.57,69.1,62.7,3,5.5,64.0,3,1,4,5,4,3,1,7.4,3,No,Low,Tier 1,Yes,Medium,Placed,16.04
2040,Male,IT,2.07,47.8,37.3,0,2.8,50.9,1,0,1,1,2,0,3,8.4,10,No,Medium,Tier 2,Yes,Medium,Not Placed,0.0
2041,Female,IT,6.24,75.2,77.5,3,4.6,68.2,5,2,3,3,4,4,3,5.5,4,No,Low,Tier 1,Yes,Medium,Placed,13.22
2042,Male,ECE,3.58,48.3,33.8,0,4.6,47.9,1,2,1,3,4,0,0,7.6,7,No,High,Tier 3,Yes,Low,Not Placed,0.0
2043,Male,IT,8.44,93.4,93.6,1,7.3,67.6,5,3,5,3,5,2,2,8.5,6,No,Medium,Tier 1,Yes,High,Placed,17.54
2044,Male,CSE,4.53,60.2,48.6,0,4.6,62.8,3,0,2,5,2,2,0,6.2,3,No,High,Tier 3,Yes,Medium,Not Placed,0.0
2045,Female,CE,7.26,67.4,87.0,5,6.7,69.0,5,3,3,2,4,2,2,5.5,8,No,Low,Tier 2,Yes,Low,Not Placed,0.0
2046,Female,ECE,0.96,25.1,29.0,0,2.4,56.6,2,0,1,1,3,1,1,8.4,7,No,Medium,Tier 2,Yes,Low,Not Placed,0.0
2047,Male,IT,3.96,63.3,47.6,0,2.5,60.6,4,1,2,2,2,2,1,6.5,10,No,Medium,Tier 1,Yes,High,Not Placed,0.0
2048,Female,CSE,9.83,96.5,90.7,0,9.2,100.0,7,4,5,2,4,4,0,6.3,6,No,Medium,Tier 3,No,Low,Placed,17.51
2049,Male,CSE,8.08,85.0,90.9,3,6.3,80.5,5,4,5,0,5,3,1,4.7,4,Yes,High,Tier 3,Yes,Low,Placed,17.22
2050,Male,ECE,1.6,26.2,43.4,0,2.5,47.0,4,0,3,3,1,3,0,6.4,2,Yes,Low,Tier 2,Yes,Medium,Not Placed,0.0
2051,Male,ME,2.78,15.5,34.9,1,4.7,41.0,4,2,2,2,3,3,0,6.2,4,No,Medium,Tier 2,Yes,Low,Not Placed,0.0
2052,Male,ECE,3.3,43.3,33.1,1,5.6,40.7,1,0,2,3,3,3,0,4.8,6,No,Low,Tier 1,No,Medium,Not Placed,0.0
2053,Male,CE,6.5,73.3,76.9,2,4.3,74.2,6,3,5,3,2,5,0,6.3,5,No,Medium,Tier 2,No,Low,Placed,15.5
2054,Female,ECE,7.57,74.2,64.1,1,6.8,87.3,6,2,5,2,3,4,1,8.4,7,No,High,Tier 2,Yes,Low,Placed,16.25
2055,Female,ECE,7.5,67.2,64.9,0,7.0,56.7,3,1,3,4,5,3,3,7.4,6,No,Medium,Tier 1,Yes,Low,Placed,15.33
2056,Female,CSE,5.1,49.5,48.2,1,3.6,59.6,3,1,3,3,3,3,2,5.0,3,No,High,Tier 1,Yes,Low,Placed,12.6
2057,Male,ME,8.11,91.6,78.7,1,8.0,100.0,4,3,4,3,2,3,1,7.5,5,Yes,Medium,Tier 3,Yes,Medium,Placed,16.41
2058,Male,CSE,4.37,71.9,39.6,0,4.7,67.0,4,0,3,4,2,1,3,7.9,4,No,High,Tier 2,Yes,High,Not Placed,0.0
2059,Female,ME,1.24,39.4,8.5,0,2.6,60.9,5,0,3,3,2,3,1,7.1,6,Yes,Medium,Tier 3,Yes,Medium,Not Placed,0.0
2060,Male,CE,5.64,49.5,51.8,0,4.5,61.2,3,3,2,3,4,2,4,7.0,6,Yes,Medium,Tier 1,Yes,Medium,Placed,12.77
2061,Male,CE,9.52,100.0,100.0,0,8.6,86.6,3,3,4,2,4,5,2,6.0,4,No,Medium,Tier 3,Yes,High,Placed,18.78
2062,Male,ECE,7.93,75.8,68.7,0,7.9,94.2,7,1,5,2,4,5,1,7.5,2,No,Medium,Tier 2,Yes,Low,Placed,15.77
2063,Female,IT,5.79,58.4,60.9,0,5.7,77.2,4,2,3,3,3,2,0,7.7,10,No,High,Tier 2,Yes,High,Placed,13.71
2064,Male,IT,6.47,65.4,89.2,4,5.5,72.7,1,3,1,2,4,1,1,7.3,6,No,Medium,Tier 1,Yes,Low,Not Placed,0.0
2065,Male,CSE,9.31,100.0,92.0,0,7.6,75.7,3,2,3,4,5,1,2,9.1,6,No,Low,Tier 3,Yes,Low,Placed,17.42
2066,Female,IT,4.28,61.0,55.7,1,4.7,74.6,2,2,3,3,3,4,1,6.8,2,No,Medium,Tier 2,Yes,Medium,Not Placed,0.0
2067,Male,CSE,3.31,42.2,35.0,0,3.9,85.0,4,2,3,4,2,1,1,5.4,7,No,Medium,Tier 2,Yes,Low,Not Placed,0.0
2068,Male,ECE,9.77,97.2,100.0,0,9.2,74.8,1,3,3,2,5,0,1,9.0,8,No,Low,Tier 3,Yes,Low,Placed,17.2
2069,Male,CSE,8.63,93.0,81.6,0,7.1,100.0,6,3,5,2,5,5,0,4.7,6,No,Low,Tier 1,Yes,Medium,Placed,16.2
2070,Male,CSE,3.23,48.1,41.6,4,2.5,48.8,2,1,2,5,2,2,0,6.5,6,No,Low,Tier 1,Yes,Medium,Not Placed,0.0
2071,Female,ECE,4.64,66.2,68.3,0,5.1,58.8,3,2,2,3,3,2,1,5.9,6,No,Medium,Tier 1,Yes,Medium,Placed,14.03
2072,Male,ECE,4.15,37.4,49.4,0,3.9,63.1,0,2,2,4,3,2,1,6.9,4,No,Medium,Tier 1,No,Low,Not Placed,0.0
2073,Male,IT,1.49,27.9,30.4,0,3.3,29.5,0,1,0,1,3,0,1,6.8,4,No,Low,Tier 3,Yes,Low,Not Placed,0.0
2074,Female,CSE,9.58,85.7,91.8,0,8.2,92.0,3,4,4,3,5,3,2,5.9,5,No,Medium,Tier 1,Yes,Medium,Placed,21.26
2075,Female,ECE,4.04,48.8,47.6,0,5.0,39.9,0,1,1,5,2,1,5,8.3,8,No,Low,Tier 1,Yes,Medium,Not Placed,0.0
2076,Female,CSE,8.75,87.1,91.7,2,6.6,93.2,5,2,4,1,5,3,5,6.8,6,No,Low,Tier 3,Yes,Low,Placed,16.38
2077,Male,ECE,1.89,30.6,38.6,1,3.0,73.1,3,0,2,5,2,3,2,8.5,4,No,Low,Tier 3,Yes,Medium,Not Placed,0.0
2078,Male,IT,5.48,53.6,55.4,0,4.6,60.2,4,1,2,3,3,2,1,5.6,4,No,Medium,Tier 2,Yes,Low,Placed,13.09
2079,Female,ECE,0.24,2.2,12.3,3,0.4,34.4,2,1,1,2,0,0,2,5.7,1,No,Low,Tier 2,Yes,Low,Not Placed,0.0
2080,Female,IT,7.64,59.0,73.0,0,6.0,79.4,3,1,3,3,4,3,4,5.7,6,No,High,Tier 1,Yes,High,Placed,14.16
2081,Male,CSE,5.81,63.1,50.5,1,5.0,81.7,5,2,4,4,5,4,3,7.6,5,Yes,Medium,Tier 2,Yes,High,Placed,14.62
2082,Male,IT,6.26,63.9,52.2,0,7.1,77.4,1,3,1,2,0,0,2,9.1,6,No,Medium,Tier 2,No,Medium,Placed,10.84
2083,Male,ECE,0.52,12.7,25.1,2,1.3,49.2,2,0,2,2,0,1,2,6.6,10,No,Medium,Tier 2,No,Medium,Not Placed,0.0
2084,Female,ECE,2.11,46.2,44.3,1,1.7,41.6,1,2,0,3,3,1,2,4.2,5,No,High,Tier 3,Yes,Medium,Not Placed,0.0
2085,Male,IT,0.74,12.7,32.6,3,2.1,44.6,3,1,1,4,1,0,3,7.6,6,No,Medium,Tier 1,Yes,High,Not Placed,0.0
2086,Male,CSE,2.89,53.7,17.3,0,3.6,11.9,2,1,1,3,3,0,0,7.8,4,No,Medium,Tier 2,Yes,Medium,Not Placed,0.0
2087,Male,IT,6.27,84.5,65.7,1,5.4,80.6,4,3,3,3,3,3,1,5.8,5,Yes,Low,Tier 2,Yes,High,Placed,15.04
2088,Female,IT,5.66,43.6,52.3,1,5.3,54.3,4,1,2,4,1,1,0,7.7,4,Yes,Medium,Tier 2,Yes,Low,Placed,11.65
2089,Female,CSE,6.12,67.9,68.4,1,6.8,67.8,6,1,5,3,2,4,3,8.0,3,No,Medium,Tier 3,No,Low,Placed,15.04
2090,Male,CSE,5.49,57.7,57.7,0,6.0,76.9,1,1,2,2,4,2,0,4.5,2,No,Medium,Tier 2,No,High,Not Placed,0.0
2091,Female,CSE,2.73,9.1,45.8,0,4.0,32.9,2,2,1,3,2,2,1,8.3,3,No,High,Tier 1,Yes,Medium,Not Placed,0.0
2092,Female,CE,2.45,21.4,37.4,0,2.0,62.8,6,1,4,5,1,2,2,8.4,6,No,Medium,Tier 1,Yes,Medium,Not Placed,0.0
2093,Male,IT,1.37,34.4,10.0,0,5.3,41.7,1,1,2,3,0,2,1,6.6,5,No,Medium,Tier 2,Yes,Low,Not Placed,0.0
2094,Male,CSE,8.49,100.0,76.2,2,8.5,100.0,3,2,3,4,2,4,0,7.8,5,No,Medium,Tier 3,Yes,Low,Placed,16.3
2095,Male,ECE,6.16,76.4,67.3,2,6.3,61.1,2,3,3,2,4,1,2,9.4,5,No,Medium,Tier 2,Yes,High,Placed,12.87
2096,Female,ECE,1.87,34.1,33.9,0,1.6,24.5,2,1,1,3,1,0,2,6.2,6,Yes,Medium,Tier 1,Yes,Low,Not Placed,0.0
2097,Male,ME,1.77,29.8,18.1,3,3.7,45.3,2,0,0,4,3,2,1,8.4,6,No,High,Tier 2,Yes,Medium,Not Placed,0.0
2098,Female,CSE,8.73,100.0,72.5,0,7.1,94.4,5,1,4,5,3,4,1,7.3,6,No,High,Tier 2,Yes,High,Placed,16.57
2099,Female,CSE,7.43,99.6,78.0,0,6.5,87.6,4,2,4,4,2,2,2,5.6,5,No,Low,Tier 3,Yes,Medium,Placed,17.08
2100,Male,ME,6.59,65.1,56.7,0,4.4,60.9,6,3,5,2,3,2,2,4.8,7,No,Low,Tier 3,Yes,Medium,Placed,14.41
2101,Female,CSE,4.07,29.6,33.9,2,3.1,39.9,1,1,2,4,2,2,1,7.9,1,No,Low,Tier 2,Yes,Low,Not Placed,0.0
2102,Male,CSE,2.62,16.3,34.5,1,3.8,47.0,1,1,2,5,1,2,1,5.4,4,No,Medium,Tier 1,Yes,Medium,Not Placed,0.0
2103,Male,EE,9.79,100.0,91.4,0,9.4,99.9,5,3,4,2,4,3,4,8.2,4,Yes,Low,Tier 3,Yes,Low,Placed,18.22
2104,Female,IT,7.97,82.3,73.0,1,7.8,88.4,2,2,5,2,4,6,1,4.4,7,No,Medium,Tier 3,Yes,Low,Placed,16.77
2105,Female,CSE,3.02,42.5,35.1,0,4.3,72.0,3,0,3,3,2,3,0,7.2,4,Yes,Medium,Tier 3,Yes,Medium,Not Placed,0.0
2106,Male,CSE,8.48,69.2,86.0,0,7.4,81.4,6,3,5,3,3,3,0,6.6,4,No,High,Tier 2,Yes,Medium,Placed,17.48
2107,Female,CSE,7.59,72.0,71.5,0,6.4,58.4,4,2,4,3,5,4,0,9.0,6,No,Medium,Tier 3,Yes,Low,Placed,15.77
2108,Female,CSE,2.97,37.3,42.5,0,3.9,67.2,0,0,0,2,2,0,0,7.3,7,No,Medium,Tier 3,Yes,High,Not Placed,0.0
2109,Male,ME,4.27,53.4,48.4,2,5.3,63.0,5,2,4,5,3,2,1,7.7,7,No,Low,Tier 2,Yes,Low,Not Placed,0.0
2110,Female,ECE,1.86,26.8,34.6,1,2.8,49.5,1,0,2,2,2,3,0,6.5,7,Yes,Medium,Tier 3,Yes,Medium,Not Placed,0.0
2111,Male,IT,1.11,14.1,35.7,0,3.5,50.9,2,0,1,2,2,2,0,6.8,6,No,Medium,Tier 1,Yes,Low,Not Placed,0.0
2112,Male,CE,7.23,68.6,84.2,0,6.3,93.5,3,4,4,3,4,3,2,8.3,6,No,Low,Tier 2,Yes,Low,Placed,15.85
2113,Male,ECE,2.68,49.9,52.3,0,2.4,50.8,2,2,2,1,1,1,2,7.0,5,No,Medium,Tier 1,Yes,High,Not Placed,0.0
2114,Female,CSE,8.2,87.1,92.0,0,7.2,98.3,1,4,3,1,2,2,4,5.9,5,No,Low,Tier 2,Yes,Medium,Placed,15.76
2115,Female,ECE,9.96,100.0,100.0,0,8.6,100.0,4,4,4,2,2,2,3,8.4,4,No,Medium,Tier 3,Yes,Low,Placed,18.45
2116,Male,CE,0.77,12.6,19.8,0,2.0,31.8,2,1,0,4,3,0,0,9.0,7,No,Low,Tier 1,Yes,Low,Not Placed,0.0
2117,Male,ME,4.73,25.7,52.0,1,6.1,60.6,3,3,3,3,2,3,2,8.8,2,No,High,Tier 3,Yes,Low,Not Placed,0.0
2118,Female,CSE,8.02,77.9,73.4,0,7.9,90.5,5,3,5,1,4,2,0,8.5,3,No,Medium,Tier 3,Yes,High,Placed,16.95
2119,Male,IT,7.89,73.4,81.2,0,5.6,73.8,2,3,2,5,4,2,2,6.7,9,No,Medium,Tier 2,Yes,Medium,Placed,16.25
2120,Female,ECE,7.6,83.1,85.8,3,8.4,91.2,3,3,4,4,5,3,0,5.8,5,Yes,Low,Tier 3,Yes,Medium,Placed,16.51
2121,Female,CE,3.49,77.5,38.7,0,1.2,57.8,2,1,3,3,2,2,1,5.6,6,No,High,Tier 2,Yes,Medium,Not Placed,0.0
2122,Male,CSE,4.54,60.5,53.9,0,6.8,66.8,3,2,3,3,1,1,0,5.4,3,No,High,Tier 1,Yes,Medium,Placed,13.4
2123,Female,ECE,5.95,92.9,58.8,0,5.4,88.0,5,2,2,4,2,1,1,6.9,6,No,Medium,Tier 2,Yes,Low,Placed,13.06
2124,Male,ME,9.74,100.0,98.0,0,8.1,97.7,5,3,4,5,4,5,1,9.1,8,Yes,Low,Tier 3,Yes,Low,Placed,19.06
2125,Female,ECE,3.28,36.6,38.7,0,3.7,55.5,3,1,2,4,1,2,1,5.0,8,No,Medium,Tier 2,Yes,Low,Not Placed,0.0
2126,Female,ECE,9.23,96.9,84.4,0,8.3,89.4,7,4,5,3,3,5,3,7.0,2,Yes,High,Tier 3,No,Medium,Placed,18.04
2127,Female,CSE,2.69,55.7,32.7,2,3.4,49.5,1,0,0,2,1,0,3,6.6,8,No,Medium,Tier 3,Yes,High,Not Placed,0.0
2128,Male,CSE,9.89,100.0,100.0,1,8.3,98.1,5,3,4,3,4,5,1,5.6,6,No,High,Tier 1,Yes,Low,Placed,17.78
2129,Female,CSE,6.7,66.2,70.6,1,7.5,91.6,3,1,3,4,3,2,1,6.7,1,No,High,Tier 1,No,Medium,Placed,13.67
2130,Male,CE,4.64,57.0,50.8,0,5.3,55.5,3,0,2,3,3,1,0,8.5,2,No,Medium,Tier 2,Yes,Medium,Placed,11.17
2131,Male,CSE,6.13,52.8,69.7,0,4.8,63.5,2,3,3,2,4,1,1,7.3,2,No,Low,Tier 3,Yes,High,Placed,12.6
2132,Male,ECE,2.73,46.5,35.7,0,4.2,66.8,3,2,3,4,2,1,1,7.8,7,No,High,Tier 2,Yes,High,Not Placed,0.0
2133,Male,IT,2.74,53.8,51.2,0,3.9,44.6,1,1,1,2,0,0,0,8.3,5,Yes,Medium,Tier 3,Yes,Medium,Not Placed,0.0
2134,Male,CSE,1.14,25.1,17.4,0,1.8,44.4,1,1,1,4,0,0,2,7.5,4,No,Medium,Tier 2,Yes,High,Not Placed,0.0
2135,Female,ECE,1.14,18.0,25.3,0,3.1,34.7,1,0,1,2,2,2,0,6.6,5,Yes,Medium,Tier 2,Yes,High,Not Placed,0.0
2136,Female,IT,3.48,48.2,31.8,0,3.8,35.7,4,1,2,0,2,4,1,7.1,9,No,High,Tier 2,Yes,Low,Not Placed,0.0
2137,Male,ME,7.63,84.0,75.6,0,6.6,83.2,2,2,2,2,4,1,1,5.7,5,No,Low,Tier 2,No,Medium,Placed,13.81
2138,Female,IT,6.08,67.5,49.8,0,5.5,84.9,3,2,3,3,3,2,2,7.1,6,Yes,Medium,Tier 2,Yes,Medium,Placed,14.4
2139,Male,IT,1.03,25.5,33.7,0,0.0,40.4,4,0,1,4,3,0,0,7.1,7,No,Medium,Tier 2,Yes,Medium,Not Placed,0.0
2140,Female,CSE,8.52,85.7,93.8,0,6.9,68.3,6,3,5,4,2,3,1,8.6,3,Yes,Low,Tier 1,Yes,High,Placed,18.47
2141,Female,CE,6.01,76.0,73.9,0,6.4,72.4,4,3,4,1,2,1,3,6.6,7,No,High,Tier 2,Yes,Low,Placed,14.57
2142,Male,CSE,9.61,100.0,95.2,0,8.2,83.6,4,3,3,3,4,3,2,6.6,7,No,Medium,Tier 2,Yes,Low,Placed,17.41
2143,Female,IT,6.7,62.1,62.8,0,4.9,43.8,3,2,3,2,2,4,0,5.2,8,No,Medium,Tier 1,Yes,Medium,Placed,14.14
2144,Male,CSE,1.75,19.8,24.0,0,3.7,44.5,1,0,1,3,0,0,1,7.8,5,No,Medium,Tier 2,Yes,Low,Not Placed,0.0
2145,Male,CE,4.74,52.7,71.2,0,4.5,69.7,5,2,5,2,4,3,0,5.2,7,No,Medium,Tier 1,Yes,Low,Placed,15.22
2146,Female,IT,6.48,77.4,84.2,0,4.8,88.0,4,1,4,3,2,3,1,6.4,6,Yes,Medium,Tier 2,Yes,Low,Placed,14.4
2147,Male,IT,0.28,18.9,21.5,1,3.9,57.8,1,2,0,5,0,1,1,6.1,6,Yes,High,Tier 2,Yes,Medium,Not Placed,0.0
2148,Male,CSE,0.15,9.8,14.0,0,0.6,43.7,0,0,0,5,0,0,2,8.1,7,No,Medium,Tier 2,No,Medium,Not Placed,0.0
2149,Male,ECE,1.29,28.6,42.0,0,3.3,53.9,2,0,1,2,3,3,2,7.6,9,No,Medium,Tier 3,Yes,Low,Not Placed,0.0
2150,Female,IT,2.52,33.1,31.2,0,2.5,34.7,3,1,2,3,1,1,0,7.8,7,No,Medium,Tier 2,No,Medium,Not Placed,0.0
2151,Male,IT,4.3,60.4,54.7,0,4.6,80.3,3,2,3,3,1,3,1,8.1,5,No,Low,Tier 3,Yes,Low,Not Placed,0.0
2152,Male,CSE,4.87,59.7,70.5,0,4.0,79.4,3,3,3,3,2,2,3,6.2,5,No,Medium,Tier 1,Yes,Low,Placed,12.86
2153,Female,EE,1.38,23.6,20.7,5,1.2,38.9,0,1,1,4,1,0,0,6.0,7,No,Low,Tier 2,Yes,Medium,Not Placed,0.0
2154,Female,ME,6.73,74.5,80.1,2,6.7,83.6,2,3,3,3,4,4,1,5.0,6,Yes,Medium,Tier 1,Yes,Medium,Not Placed,0.0
2155,Male,CSE,5.96,78.8,70.9,0,6.1,77.7,2,3,3,2,4,4,1,7.2,8,No,Low,Tier 1,Yes,Medium,Placed,14.21
2156,Male,ME,2.94,34.3,41.1,0,4.7,70.3,1,2,0,4,1,1,1,6.1,4,No,Medium,Tier 2,Yes,Medium,Not Placed,0.0
2157,Male,ECE,0.14,20.2,9.2,0,1.6,34.0,2,0,1,2,1,0,0,7.5,8,No,Medium,Tier 2,Yes,High,Not Placed,0.0
2158,Male,ECE,0.78,20.9,17.0,0,4.3,30.7,3,1,1,3,3,0,2,8.4,3,No,Low,Tier 2,Yes,Low,Not Placed,0.0
2159,Male,CSE,3.92,52.6,52.3,1,4.5,52.6,1,0,1,1,3,1,4,8.1,5,Yes,Medium,Tier 1,Yes,High,Not Placed,0.0
2160,Female,ECE,1.54,21.5,16.1,0,3.1,55.0,4,2,4,2,1,1,1,7.1,7,Yes,Medium,Tier 2,Yes,Medium,Not Placed,0.0
2161,Female,IT,3.77,48.1,49.5,0,2.8,34.6,4,2,3,4,0,3,1,7.1,5,No,Low,Tier 2,Yes,High,Not Placed,0.0
2162,Female,ECE,6.28,79.5,73.7,0,5.3,36.7,2,2,3,2,3,2,0,7.0,6,Yes,Medium,Tier 2,Yes,Low,Placed,14.05
2163,Male,IT,5.47,52.1,71.6,0,5.8,78.6,4,2,3,1,2,2,1,9.5,8,No,High,Tier 2,Yes,Low,Placed,13.89
2164,Female,IT,2.31,21.3,22.5,4,3.0,52.2,3,0,2,2,1,1,1,6.3,4,No,Low,Tier 1,Yes,High,Not Placed,0.0
2165,Male,IT,3.44,31.3,58.7,1,4.1,55.9,0,0,1,2,1,0,2,7.1,3,Yes,High,Tier 2,Yes,Medium,Not Placed,0.0
2166,Female,CSE,6.14,55.5,84.1,1,5.0,56.2,4,3,3,1,3,2,3,6.8,3,Yes,Low,Tier 2,Yes,Low,Placed,13.44
2167,Female,ME,8.61,94.1,91.0,0,7.6,66.1,4,2,3,4,4,2,3,6.1,5,No,Low,Tier 1,No,Medium,Placed,16.84
2168,Male,ECE,7.53,64.9,67.9,0,6.9,72.6,4,2,5,1,3,4,0,6.5,8,No,Medium,Tier 2,Yes,Medium,Placed,17.6
2169,Female,CSE,5.53,59.0,59.0,1,4.2,72.5,3,2,2,2,2,3,1,7.0,5,Yes,High,Tier 2,Yes,Medium,Placed,12.25
2170,Male,CSE,3.62,52.0,46.5,5,4.7,49.7,3,1,3,3,2,2,2,5.6,10,Yes,High,Tier 3,Yes,Low,Not Placed,0.0
2171,Female,ECE,3.65,50.2,49.9,0,2.4,67.7,0,0,2,3,2,2,1,9.0,3,No,Medium,Tier 2,No,Medium,Not Placed,0.0
2172,Male,ME,8.79,85.9,88.5,5,7.8,76.3,6,3,5,3,2,2,1,7.9,2,Yes,Medium,Tier 1,No,Medium,Not Placed,0.0
2173,Male,ECE,0.39,20.2,23.9,0,3.5,31.1,3,0,1,2,2,0,1,8.3,6,No,Medium,Tier 2,Yes,Low,Not Placed,0.0
2174,Female,IT,9.88,100.0,96.1,0,9.1,100.0,4,4,5,2,4,5,2,6.8,4,No,High,Tier 2,Yes,Medium,Placed,19.5
2175,Male,CSE,6.64,69.2,73.8,0,6.8,70.3,2,4,3,2,3,3,3,6.6,4,No,Low,Tier 2,Yes,Low,Placed,14.59
2176,Female,ECE,6.81,70.8,67.9,0,5.4,71.9,5,1,4,4,3,3,0,6.7,6,No,Medium,Tier 2,Yes,Low,Placed,15.12
2177,Male,EE,0.38,40.6,17.7,1,3.5,29.6,0,0,0,2,1,0,0,6.2,3,No,High,Tier 3,Yes,Medium,Not Placed,0.0
2178,Female,IT,6.06,74.6,60.7,0,7.1,61.4,5,2,3,3,3,1,2,8.6,7,No,Medium,Tier 2,Yes,High,Placed,14.57
2179,Female,CSE,4.85,81.0,76.0,3,4.1,68.4,1,2,2,4,1,1,1,8.7,6,No,High,Tier 1,Yes,Medium,Not Placed,0.0
2180,Male,ECE,1.06,19.0,41.1,0,1.8,47.2,2,1,0,4,2,1,2,7.7,5,No,Low,Tier 2,Yes,Low,Not Placed,0.0
2181,Male,CSE,2.78,37.8,45.8,0,4.7,54.4,2,2,1,1,2,0,2,9.0,6,No,Low,Tier 3,Yes,Medium,Not Placed,0.0
2182,Male,ECE,8.9,77.3,100.0,1,9.5,81.0,5,2,4,4,5,5,1,9.9,9,Yes,Medium,Tier 2,Yes,Medium,Placed,17.02
2183,Male,IT,5.5,53.7,70.0,0,4.1,65.6,1,2,3,4,4,4,2,9.2,5,No,Medium,Tier 3,Yes,High,Placed,14.61
2184,Male,IT,4.13,69.1,52.9,1,3.4,78.9,2,3,2,2,4,3,0,6.4,5,No,Medium,Tier 1,Yes,Low,Not Placed,0.0
2185,Female,CSE,0.73,16.0,8.8,0,1.9,22.3,2,0,1,1,0,2,2,4.1,7,No,Medium,Tier 3,Yes,Medium,Not Placed,0.0
2186,Female,CE,7.14,94.9,72.5,0,4.3,100.0,2,0,3,2,5,2,1,7.9,4,No,Medium,Tier 1,Yes,Low,Placed,15.03
2187,Female,ECE,7.03,62.3,70.9,0,6.4,78.4,3,2,3,3,4,3,1,7.5,6,No,High,Tier 3,Yes,High,Placed,14.84
2188,Female,ECE,6.14,56.7,55.8,3,7.0,69.7,4,2,3,4,4,2,3,7.1,7,No,Medium,Tier 1,Yes,Medium,Placed,14.48
2189,Female,ECE,5.1,54.9,43.9,0,3.6,77.0,2,2,3,2,3,4,3,6.7,8,No,Low,Tier 2,Yes,Medium,Placed,13.53
2190,Female,IT,4.34,51.3,57.6,0,4.7,36.2,5,0,3,1,3,2,1,8.6,5,No,Medium,Tier 1,Yes,Low,Not Placed,0.0
2191,Male,ECE,5.93,74.6,68.7,1,5.1,87.1,5,1,4,1,2,3,5,5.1,3,No,Medium,Tier 2,Yes,Medium,Placed,14.9
2192,Female,ECE,2.33,39.3,25.0,0,4.8,71.3,3,0,2,3,3,1,3,8.8,5,No,Low,Tier 3,Yes,Medium,Not Placed,0.0
2193,Female,ECE,9.41,90.8,85.8,2,7.5,100.0,5,2,5,5,5,3,1,9.1,6,Yes,Medium,Tier 1,Yes,Medium,Placed,17.87
2194,Male,CSE,5.89,63.7,76.7,0,7.1,45.1,3,1,3,3,2,3,0,7.2,4,No,Medium,Tier 2,Yes,Medium,Placed,13.89
2195,Male,ME,3.11,38.2,34.1,0,3.1,62.8,3,1,2,5,2,1,1,7.3,6,No,Low,Tier 1,Yes,Medium,Not Placed,0.0
2196,Male,ECE,4.5,44.1,55.7,0,5.4,81.8,4,0,4,2,1,3,2,5.6,9,Yes,Low,Tier 2,No,Low,Placed,12.94
2197,Male,CSE,8.06,74.6,80.6,0,7.4,100.0,3,4,3,2,2,4,1,8.2,4,No,Medium,Tier 2,Yes,Medium,Placed,15.05
2198,Female,IT,1.62,39.0,36.0,0,2.5,27.8,0,1,0,0,2,1,2,8.5,4,No,Medium,Tier 2,Yes,Medium,Not Placed,0.0
2199,Male,CE,2.93,21.6,32.9,0,2.8,64.8,3,0,1,3,1,0,2,7.9,7,No,Low,Tier 3,Yes,Medium,Not Placed,0.0
2200,Male,CE,6.8,89.0,73.3,0,6.6,97.3,6,1,5,2,2,5,0,5.5,3,No,Medium,Tier 1,Yes,Medium,Placed,15.53
2201,Female,ECE,3.15,38.3,44.9,1,3.3,54.3,1,1,2,4,4,0,2,5.1,6,No,Low,Tier 2,Yes,High,Not Placed,0.0
2202,Male,CSE,7.93,74.7,83.7,0,6.4,65.1,5,3,4,2,3,1,2,6.7,4,Yes,Low,Tier 1,Yes,Low,Placed,16.37
2203,Male,ECE,1.3,33.4,29.2,0,3.9,52.7,1,1,1,5,2,1,3,7.1,2,No,Medium,Tier 1,Yes,High,Not Placed,0.0
2204,Male,CSE,7.63,94.7,82.5,0,7.4,93.4,6,2,4,5,5,3,1,8.2,5,No,High,Tier 2,Yes,Low,Placed,17.59
2205,Female,CE,0.68,32.0,45.4,1,2.6,37.4,3,0,1,0,2,1,0,6.7,4,No,Medium,Tier 3,Yes,Medium,Not Placed,0.0
2206,Female,CSE,0.13,21.1,44.7,0,1.2,21.5,4,0,1,4,1,1,1,8.3,7,Yes,Low,Tier 1,Yes,Medium,Not Placed,0.0
2207,Male,CSE,8.98,100.0,83.4,0,7.6,100.0,5,1,5,2,4,3,1,8.4,6,No,Medium,Tier 1,Yes,Medium,Placed,17.31
2208,Female,ECE,5.81,47.2,41.3,0,5.3,60.6,3,1,3,4,4,0,1,7.6,6,Yes,Medium,Tier 2,No,Medium,Placed,13.85
2209,Male,ECE,3.52,39.7,52.1,0,4.3,60.9,3,1,3,1,2,2,3,8.0,4,No,High,Tier 1,Yes,Medium,Not Placed,0.0
2210,Female,IT,2.33,25.7,38.5,0,3.8,67.7,3,0,2,5,3,0,3,6.5,4,No,High,Tier 1,Yes,Low,Not Placed,0.0
2211,Female,ECE,6.17,79.7,78.0,1,5.8,52.1,2,2,3,4,3,2,1,5.6,6,No,Medium,Tier 2,No,High,Placed,15.99
2212,Female,CSE,5.09,54.4,61.6,2,4.3,76.4,0,1,2,1,3,0,3,6.3,4,No,Medium,Tier 3,Yes,Low,Not Placed,0.0
2213,Male,CSE,9.92,100.0,97.9,1,9.2,92.0,5,5,5,3,5,4,2,6.0,5,No,High,Tier 3,Yes,Medium,Placed,16.49
2214,Female,ECE,9.83,100.0,100.0,0,8.4,91.8,4,2,4,3,4,4,1,8.5,6,Yes,Medium,Tier 2,Yes,Medium,Placed,17.35
2215,Female,CSE,6.35,60.4,81.5,0,4.5,79.3,5,3,4,4,3,1,2,8.0,7,No,High,Tier 3,Yes,Medium,Placed,16.33
2216,Male,IT,4.43,46.8,39.6,3,2.5,52.3,2,0,1,3,3,0,2,4.6,4,No,Medium,Tier 1,Yes,Medium,Not Placed,0.0
2217,Female,ECE,4.91,69.7,49.1,0,5.2,50.4,4,3,4,4,3,3,0,7.2,5,No,Medium,Tier 1,No,Medium,Placed,15.84
2218,Male,IT,6.82,65.2,71.5,3,5.4,54.5,3,3,2,3,4,3,2,4.9,6,No,Low,Tier 1,Yes,Low,Placed,13.49
2219,Female,CE,1.02,24.9,27.1,0,2.6,55.9,1,1,2,4,0,2,0,5.7,4,No,Medium,Tier 3,Yes,Low,Not Placed,0.0
2220,Male,CE,3.28,35.1,42.0,4,3.0,50.2,1,0,1,1,2,0,1,8.0,3,Yes,Low,Tier 3,Yes,High,Not Placed,0.0
2221,Female,CE,0.75,18.2,28.3,3,2.2,46.3,4,0,2,3,2,1,0,4.9,6,Yes,Medium,Tier 3,Yes,Medium,Not Placed,0.0
2222,Male,CSE,0.73,20.7,33.8,1,1.6,33.6,0,0,1,4,2,2,2,5.4,5,No,Medium,Tier 2,Yes,Medium,Not Placed,0.0
2223,Male,CSE,1.96,23.8,50.9,0,4.6,32.8,2,1,0,5,2,2,3,5.8,7,No,High,Tier 1,Yes,High,Not Placed,0.0
2224,Male,CSE,4.85,46.6,62.6,0,5.8,71.9,5,3,4,3,4,1,4,5.1,4,No,Low,Tier 1,Yes,Medium,Placed,13.11
2225,Male,ME,7.85,84.6,72.3,3,8.3,86.0,5,3,5,3,3,4,2,5.3,6,Yes,Low,Tier 3,Yes,Low,Placed,15.93
2226,Male,EE,4.85,47.8,55.3,2,4.9,61.3,4,2,3,5,2,5,3,6.9,2,No,Medium,Tier 2,Yes,Low,Placed,10.69
2227,Male,ME,3.35,35.4,44.0,0,4.7,58.7,2,2,1,3,3,0,0,5.0,7,No,High,Tier 3,Yes,Low,Not Placed,0.0
2228,Male,CSE,0.82,12.6,29.7,0,2.2,28.4,1,1,2,4,2,1,1,6.7,4,No,High,Tier 1,Yes,Medium,Not Placed,0.0
2229,Male,CE,5.5,61.0,65.9,2,6.8,80.7,1,1,2,3,3,2,0,7.0,5,No,Medium,Tier 1,Yes,Low,Not Placed,0.0
2230,Male,ECE,2.71,47.5,60.2,0,3.3,66.8,0,1,0,3,1,0,0,7.9,5,Yes,Low,Tier 3,Yes,Low,Not Placed,0.0
2231,Female,CSE,6.15,82.3,62.6,2,4.4,81.0,0,4,2,2,2,3,2,8.1,5,Yes,Medium,Tier 1,Yes,Medium,Not Placed,0.0
2232,Male,ECE,9.77,90.8,100.0,2,6.3,89.2,4,3,4,2,5,5,1,5.3,6,Yes,High,Tier 1,Yes,Low,Placed,17.28
2233,Female,CSE,1.11,45.9,50.4,3,3.9,42.4,1,0,0,4,1,0,2,5.4,6,No,Medium,Tier 2,Yes,High,Not Placed,0.0
2234,Female,ECE,2.12,23.0,29.1,0,3.5,66.5,3,1,1,5,1,0,2,5.3,6,No,Medium,Tier 2,Yes,Low,Not Placed,0.0
2235,Female,CSE,4.73,66.0,57.3,0,5.4,78.8,2,2,2,3,4,3,2,7.9,3,No,High,Tier 2,Yes,Medium,Placed,13.52
2236,Male,ECE,9.69,90.1,86.1,0,9.8,100.0,3,4,4,3,4,4,0,7.4,7,No,Medium,Tier 3,Yes,Low,Placed,18.62
2237,Female,IT,7.72,71.9,80.6,3,5.3,72.0,3,2,2,4,4,2,2,6.6,5,No,Low,Tier 3,Yes,High,Placed,13.14
2238,Male,ME,8.98,83.9,82.0,0,7.4,78.4,5,3,5,3,5,4,3,5.6,6,No,Medium,Tier 2,Yes,Low,Placed,18.76
2239,Male,IT,3.34,42.9,55.2,0,3.6,56.7,3,1,2,0,4,2,2,7.2,5,No,Low,Tier 1,No,Medium,Not Placed,0.0
2240,Male,ECE,9.92,100.0,98.8,0,9.2,99.4,4,3,4,4,4,3,1,8.6,3,No,Medium,Tier 1,Yes,Low,Placed,17.06
2241,Female,ME,1.03,30.5,16.9,0,1.5,39.5,4,0,3,1,0,2,2,8.6,10,No,High,Tier 1,Yes,Medium,Not Placed,0.0
2242,Male,CE,0.53,10.1,30.6,2,0.7,33.5,1,0,1,3,0,1,1,5.2,6,No,Medium,Tier 3,Yes,Low,Not Placed,0.0
2243,Male,CSE,8.56,77.9,88.3,1,6.3,100.0,5,2,4,2,4,3,1,8.3,2,No,Medium,Tier 3,Yes,Low,Placed,16.24
2244,Female,ECE,9.27,84.6,100.0,1,9.1,89.5,5,3,5,2,3,3,1,5.2,5,No,Low,Tier 1,Yes,High,Placed,17.78
2245,Female,CSE,0.91,21.6,13.8,0,1.4,25.9,0,0,0,3,1,1,1,6.5,5,Yes,Low,Tier 2,Yes,Medium,Not Placed,0.0
2246,Male,CSE,1.13,22.5,30.7,3,1.7,28.6,1,0,1,4,1,1,0,6.4,5,Yes,Low,Tier 2,Yes,Low,Not Placed,0.0
2247,Male,IT,0.33,8.3,28.4,0,2.4,39.9,3,0,2,3,3,0,2,7.3,2,No,Medium,Tier 2,No,High,Not Placed,0.0
2248,Female,ME,1.05,26.6,22.2,0,1.5,77.3,0,0,1,5,3,1,1,5.8,6,Yes,Medium,Tier 1,Yes,Low,Not Placed,0.0
2249,Male,CSE,2.09,55.4,22.1,0,1.3,35.8,0,2,0,5,0,0,5,7.1,4,No,Medium,Tier 2,No,Medium,Not Placed,0.0
2250,Male,ME,9.7,92.4,95.2,0,6.7,89.4,5,3,4,5,5,5,0,5.7,8,No,High,Tier 3,Yes,Medium,Placed,17.77
2251,Male,ME,6.68,67.4,83.7,0,6.1,100.0,5,2,4,3,2,3,4,7.2,5,No,Medium,Tier 1,Yes,Low,Placed,16.26
2252,Female,CE,7.79,86.8,91.6,0,7.5,75.9,1,4,2,2,4,2,2,5.4,7,No,Medium,Tier 1,Yes,Medium,Placed,15.13
2253,Female,CSE,7.76,75.4,75.8,0,6.7,87.0,4,1,3,3,3,2,1,6.5,7,No,Low,Tier 2,Yes,Low,Placed,14.87
2254,Female,CE,5.35,67.2,48.0,0,5.7,89.6,4,1,5,4,2,5,2,7.0,6,No,Medium,Tier 3,Yes,Medium,Not Placed,0.0
2255,Female,CSE,7.97,75.6,77.4,0,5.5,71.4,4,2,4,4,3,2,1,6.7,6,No,Medium,Tier 1,Yes,Low,Placed,18.16
2256,Male,ECE,5.96,84.0,61.0,2,4.1,67.0,6,2,5,0,5,3,0,8.0,8,No,Medium,Tier 3,Yes,High,Placed,15.4
2257,Male,CSE,3.15,45.2,47.7,0,6.0,48.1,3,1,3,3,2,1,0,4.3,4,No,Medium,Tier 2,Yes,Low,Not Placed,0.0
2258,Male,CSE,5.61,56.5,61.8,0,6.7,50.4,2,1,3,0,3,2,1,7.2,7,No,Low,Tier 2,Yes,Medium,Not Placed,0.0
2259,Male,IT,5.34,54.5,53.2,0,6.0,85.9,3,1,3,3,2,1,1,6.0,5,No,Low,Tier 3,Yes,Low,Not Placed,0.0
2260,Male,ECE,8.23,79.8,94.9,2,6.6,77.4,4,3,4,2,2,4,3,7.7,6,No,Medium,Tier 2,Yes,Low,Placed,14.38
2261,Female,CSE,9.82,100.0,98.0,0,8.1,83.4,6,3,5,2,4,4,0,7.0,3,No,High,Tier 1,Yes,High,Placed,18.91
2262,Female,CSE,4.11,37.2,55.2,5,4.4,54.3,4,2,3,4,3,3,1,8.3,3,No,Medium,Tier 1,Yes,Low,Not Placed,0.0
2263,Female,IT,7.63,73.2,61.8,0,8.2,91.9,3,2,4,2,4,5,1,6.7,5,No,Medium,Tier 1,Yes,Low,Placed,16.79
2264,Male,CSE,1.0,17.9,1.8,0,2.6,42.4,1,2,1,3,2,1,0,8.5,8,Yes,Medium,Tier 3,Yes,Low,Not Placed,0.0
2265,Female,ME,7.77,80.9,65.8,0,7.5,72.1,4,1,4,2,4,4,2,7.2,5,Yes,High,Tier 2,No,Low,Placed,14.47
2266,Female,CSE,3.71,43.8,42.9,1,3.9,62.2,2,1,2,3,2,2,2,5.4,9,No,Low,Tier 3,No,Medium,Not Placed,0.0
2267,Male,CSE,0.39,3.4,26.9,0,2.6,47.1,2,0,1,4,2,2,0,6.0,6,Yes,Medium,Tier 3,Yes,High,Not Placed,0.0
2268,Female,ECE,3.63,41.9,23.6,0,4.3,56.5,1,1,2,2,2,2,1,6.3,5,No,Medium,Tier 1,Yes,Medium,Not Placed,0.0
2269,Male,ECE,6.11,65.9,82.8,0,5.8,68.8,3,1,3,4,4,2,2,7.1,8,No,Medium,Tier 1,Yes,High,Placed,13.19
2270,Male,ECE,1.19,18.8,29.2,0,1.6,54.3,2,0,0,3,2,1,0,8.1,8,Yes,Medium,Tier 3,Yes,Low,Not Placed,0.0
2271,Male,CSE,9.24,100.0,100.0,2,7.9,88.3,4,2,4,3,5,2,2,7.7,3,No,High,Tier 1,Yes,Low,Placed,17.82
2272,Male,EE,0.78,30.8,15.4,1,1.0,59.0,1,2,0,3,2,0,1,7.8,5,No,Medium,Tier 2,Yes,Low,Not Placed,0.0
2273,Male,IT,9.3,93.3,97.4,0,8.0,81.7,6,2,5,4,5,4,1,6.1,7,No,Low,Tier 1,Yes,Medium,Placed,19.23
2274,Female,CSE,7.07,77.4,75.4,0,6.5,68.0,3,3,3,4,4,2,1,8.1,7,No,Medium,Tier 3,Yes,Low,Placed,15.59
2275,Female,ECE,3.3,21.4,52.6,0,1.4,44.0,4,1,3,3,4,1,2,7.1,7,No,High,Tier 1,Yes,Low,Not Placed,0.0
2276,Female,ME,3.91,44.0,46.9,0,4.0,55.6,1,1,1,3,2,0,4,8.0,5,No,Medium,Tier 3,Yes,Low,Not Placed,0.0
2277,Female,CSE,7.41,88.0,82.0,0,5.5,79.5,3,4,4,4,4,3,2,5.2,5,No,Medium,Tier 3,Yes,Low,Placed,18.11
2278,Male,CSE,6.01,61.9,77.1,0,6.2,55.2,4,2,3,4,2,3,2,7.5,5,Yes,Medium,Tier 3,Yes,Medium,Placed,12.96
2279,Female,IT,6.72,64.7,65.2,0,6.8,76.5,4,2,2,3,4,2,2,6.3,4,No,Low,Tier 2,Yes,Medium,Placed,14.54
2280,Male,IT,3.89,70.8,51.5,1,3.8,65.1,3,1,1,4,2,3,0,5.5,3,No,Medium,Tier 2,Yes,Low,Not Placed,0.0
2281,Male,ECE,4.88,74.7,38.2,0,5.5,46.7,3,3,2,4,4,0,1,7.8,7,No,Medium,Tier 2,Yes,High,Not Placed,0.0
2282,Male,CSE,9.9,100.0,100.0,0,9.0,88.1,4,2,3,5,5,4,4,6.5,7,No,Medium,Tier 2,No,Medium,Placed,18.55
2283,Male,CSE,2.14,44.6,54.7,0,2.8,54.6,3,3,2,1,3,4,1,7.6,9,No,Medium,Tier 1,Yes,Low,Not Placed,0.0
2284,Male,IT,4.18,28.3,39.0,4,6.0,47.0,3,3,3,4,2,4,0,5.8,4,Yes,Low,Tier 2,No,Low,Not Placed,0.0
2285,Male,CSE,2.92,31.9,40.4,1,2.8,48.7,1,1,1,4,1,1,0,9.4,6,No,High,Tier 1,Yes,Medium,Not Placed,0.0
2286,Male,ECE,7.65,75.3,88.0,0,8.3,94.0,2,3,4,4,4,3,3,6.9,5,No,Medium,Tier 2,Yes,Low,Placed,16.4
2287,Female,ECE,7.64,77.6,79.4,0,6.6,100.0,2,2,3,3,3,2,0,6.4,5,No,Low,Tier 3,No,Low,Placed,15.3
2288,Male,CSE,2.92,34.9,43.0,0,2.7,57.8,2,1,2,1,3,1,0,8.2,4,No,Low,Tier 1,No,Medium,Not Placed,0.0
2289,Male,CE,0.81,0.0,20.6,0,1.7,37.8,0,1,0,5,1,2,1,6.9,6,No,Medium,Tier 3,No,Medium,Not Placed,0.0
2290,Male,ME,0.11,19.8,14.6,0,0.5,29.6,2,0,1,2,0,2,1,10.0,8,No,Low,Tier 2,Yes,Low,Not Placed,0.0
2291,Female,IT,4.27,56.7,51.3,4,5.3,71.5,6,3,4,3,2,4,0,8.4,5,Yes,Medium,Tier 2,Yes,High,Not Placed,0.0
2292,Male,CSE,4.1,65.9,51.2,0,2.8,73.2,0,2,3,5,3,1,0,6.4,6,Yes,Medium,Tier 1,Yes,Low,Not Placed,0.0
2293,Male,CSE,9.88,91.1,85.2,0,9.8,80.4,4,3,5,1,5,2,1,7.1,4,No,High,Tier 3,Yes,Medium,Placed,18.16
2294,Male,ECE,4.7,46.2,54.9,1,3.9,74.1,4,1,1,4,2,2,0,7.1,3,Yes,Low,Tier 2,Yes,Medium,Not Placed,0.0
2295,Male,CSE,2.56,10.0,54.2,2,4.1,43.1,2,2,1,2,4,1,1,5.7,5,No,Medium,Tier 3,Yes,Medium,Not Placed,0.0
2296,Male,EE,8.91,87.8,85.1,0,7.8,78.1,5,3,5,2,4,3,2,8.5,9,No,Medium,Tier 3,Yes,Low,Placed,19.26
2297,Male,CSE,4.91,65.7,44.9,1,5.2,62.6,4,1,4,3,0,5,0,6.5,4,No,Low,Tier 3,Yes,Medium,Placed,13.24
2298,Male,ECE,5.99,59.8,64.4,0,5.1,82.8,5,1,4,4,4,4,1,6.7,4,No,Medium,Tier 1,Yes,Medium,Placed,13.56
2299,Male,ECE,0.96,44.6,18.5,0,2.5,44.5,1,0,0,4,1,0,2,7.3,4,No,Medium,Tier 2,Yes,High,Not Placed,0.0
2300,Male,IT,3.83,45.0,35.3,2,4.3,61.4,1,0,2,4,2,0,1,5.9,9,No,Medium,Tier 2,Yes,Medium,Not Placed,0.0
2301,Female,CSE,9.44,96.7,94.9,3,6.7,95.9,6,3,5,2,4,4,1,7.3,8,No,Medium,Tier 3,Yes,Medium,Placed,17.02
2302,Male,ECE,5.9,51.5,58.1,1,4.7,76.0,4,3,3,2,3,2,0,6.4,7,No,Medium,Tier 3,Yes,Medium,Placed,13.52
2303,Male,CSE,3.45,47.2,39.4,0,3.4,54.3,2,1,1,3,4,1,0,6.4,8,No,Medium,Tier 1,Yes,Medium,Not Placed,0.0
2304,Male,ME,6.26,48.4,69.6,2,5.1,80.1,4,2,3,3,4,2,1,6.8,7,No,High,Tier 3,Yes,Low,Placed,14.43
2305,Female,CSE,9.1,99.3,75.5,0,9.1,81.7,4,4,4,3,4,4,1,6.1,5,No,Medium,Tier 3,Yes,Medium,Placed,18.37
2306,Male,CE,2.74,45.5,22.5,0,3.4,59.3,2,1,1,0,2,2,0,5.1,5,No,Low,Tier 2,Yes,Low,Not Placed,0.0
2307,Male,ME,5.05,71.5,65.1,1,4.3,75.6,5,2,4,1,4,3,0,7.2,8,No,Low,Tier 1,Yes,High,Placed,13.35
2308,Female,CSE,9.59,86.3,75.4,0,7.7,100.0,4,3,4,3,5,3,2,4.3,6,No,Low,Tier 2,Yes,Low,Placed,19.24
2309,Male,IT,1.72,31.2,22.0,4,2.2,54.3,2,0,1,4,3,1,2,4.3,4,Yes,Medium,Tier 1,Yes,Medium,Not Placed,0.0
2310,Male,CSE,7.2,81.8,57.6,0,6.3,83.8,5,2,5,2,4,5,4,7.1,7,No,High,Tier 3,Yes,Low,Placed,15.72
2311,Male,EE,6.14,71.6,62.3,0,4.7,85.9,3,1,3,4,4,2,2,6.8,5,No,Medium,Tier 3,Yes,High,Placed,13.27
2312,Female,ECE,6.8,64.1,76.7,1,5.4,48.5,7,3,5,1,4,3,1,7.3,8,No,Low,Tier 3,Yes,Low,Placed,17.16
2313,Male,CSE,3.51,20.9,47.2,1,4.7,66.3,1,1,1,3,2,0,2,7.8,4,Yes,Medium,Tier 3,Yes,Low,Not Placed,0.0
2314,Female,ECE,3.14,45.2,67.0,0,3.9,77.5,3,2,2,3,2,2,2,4.6,7,No,Medium,Tier 2,Yes,Medium,Not Placed,0.0
2315,Female,CSE,6.84,71.6,83.6,0,6.1,68.6,4,3,4,4,5,2,0,6.3,6,Yes,Medium,Tier 3,Yes,Low,Placed,17.67
2316,Male,EE,2.16,27.7,26.0,1,3.0,39.2,1,0,1,2,2,1,1,6.5,6,No,Medium,Tier 3,Yes,High,Not Placed,0.0
2317,Male,CSE,4.2,58.3,39.6,0,4.4,75.6,4,1,2,1,4,2,5,7.4,6,No,Medium,Tier 3,Yes,Medium,Not Placed,0.0
2318,Male,IT,1.88,30.5,60.1,0,2.6,35.2,0,1,1,4,3,2,0,7.3,5,No,Medium,Tier 2,Yes,High,Not Placed,0.0
2319,Male,ECE,0.08,2.5,29.3,0,2.1,27.5,1,0,1,1,2,1,3,6.5,7,No,Medium,Tier 1,Yes,High,Not Placed,0.0
2320,Male,CE,9.7,78.1,100.0,0,8.7,95.2,4,3,5,2,5,5,0,7.1,6,No,Low,Tier 2,Yes,Low,Placed,18.74
2321,Female,CSE,4.32,40.4,53.3,4,3.0,51.3,4,2,2,5,0,3,1,6.7,6,No,Medium,Tier 2,Yes,Medium,Not Placed,0.0
2322,Female,ECE,9.69,100.0,98.3,0,8.2,100.0,5,2,5,3,3,4,0,5.9,8,No,Medium,Tier 3,Yes,High,Placed,19.17
2323,Female,ECE,1.4,34.1,14.4,5,1.0,33.9,3,1,3,3,3,5,3,7.1,3,No,Medium,Tier 2,Yes,Medium,Not Placed,0.0
2324,Male,IT,5.87,66.8,66.5,0,6.2,74.5,2,2,4,4,2,4,2,4.4,7,No,Low,Tier 2,Yes,Medium,Placed,14.31
2325,Female,CSE,2.01,30.3,34.8,4,3.7,50.5,4,0,2,4,2,1,1,7.3,6,No,High,Tier 1,No,Medium,Not Placed,0.0
2326,Female,CSE,7.9,79.7,72.2,0,6.4,100.0,3,2,4,3,5,6,3,8.7,7,No,Low,Tier 2,Yes,High,Placed,16.65
2327,Female,CSE,7.84,93.3,75.3,0,6.9,96.0,5,2,5,2,4,4,2,6.6,7,No,Medium,Tier 2,Yes,Low,Placed,17.46
2328,Male,IT,1.13,19.7,42.2,0,0.2,35.4,3,1,2,5,3,3,0,9.5,7,No,Medium,Tier 1,Yes,High,Not Placed,0.0
2329,Female,CSE,9.12,98.3,89.7,0,8.9,74.5,6,4,4,3,4,4,2,7.7,5,No,Low,Tier 2,No,Medium,Placed,18.15
2330,Male,ECE,1.95,28.1,54.3,0,3.6,56.8,2,1,2,3,2,2,2,8.8,4,Yes,Medium,Tier 2,Yes,Medium,Not Placed,0.0
2331,Male,CSE,6.13,86.5,49.6,0,6.9,63.9,2,1,3,4,3,4,1,7.5,6,Yes,High,Tier 2,Yes,Medium,Placed,12.84
2332,Male,ME,9.86,100.0,91.7,0,9.9,90.1,5,4,5,2,5,4,0,7.7,8,No,High,Tier 3,Yes,Medium,Placed,18.5
2333,Female,CE,8.82,100.0,73.1,0,6.4,75.2,4,5,5,2,4,4,1,7.2,5,Yes,Low,Tier 2,Yes,Low,Placed,17.73
2334,Female,ECE,9.57,90.5,82.5,0,9.1,100.0,3,4,5,5,3,4,2,5.1,3,No,Medium,Tier 3,Yes,Low,Placed,18.4
2335,Male,ECE,3.43,54.7,37.2,0,5.4,47.8,4,1,2,2,2,0,2,4.6,7,No,Medium,Tier 1,Yes,Low,Not Placed,0.0
2336,Male,CSE,1.06,20.9,29.6,1,0.7,40.9,0,1,0,3,1,1,2,6.7,4,No,Medium,Tier 2,Yes,Low,Not Placed,0.0
2337,Male,CSE,1.88,32.1,35.7,0,2.6,46.0,2,1,2,4,1,1,3,6.3,6,No,High,Tier 2,Yes,Medium,Not Placed,0.0
2338,Male,CSE,5.0,73.9,51.2,3,4.6,67.2,5,2,4,3,2,3,2,6.3,3,No,Medium,Tier 2,Yes,High,Placed,12.91
2339,Male,IT,7.93,72.0,59.2,0,7.9,90.5,5,4,3,3,5,2,2,5.5,5,No,High,Tier 1,No,Low,Placed,13.68
2340,Male,ECE,1.5,29.8,44.8,5,0.2,41.1,0,0,1,4,3,2,3,8.3,5,No,Low,Tier 1,Yes,Medium,Not Placed,0.0
2341,Female,CE,6.6,75.5,67.9,0,7.9,65.7,5,2,5,3,4,4,3,5.8,5,No,Medium,Tier 2,Yes,High,Placed,16.28
2342,Male,ECE,3.24,47.7,32.8,4,3.7,32.1,0,2,1,1,1,1,1,5.7,6,No,Medium,Tier 3,Yes,Medium,Not Placed,0.0
2343,Male,IT,3.41,39.5,48.0,0,4.8,56.7,3,2,2,5,2,2,2,7.0,6,No,Low,Tier 2,No,Medium,Not Placed,0.0
2344,Male,ECE,6.62,92.1,73.0,1,6.1,72.8,5,2,5,2,1,4,2,8.3,4,No,Medium,Tier 2,Yes,Low,Placed,15.77
2345,Female,ECE,4.67,41.7,52.1,2,5.3,54.5,3,1,3,3,3,1,1,8.0,4,No,Medium,Tier 3,Yes,Low,Placed,12.63
2346,Female,CSE,8.12,98.6,84.4,0,4.9,84.5,4,2,4,1,3,3,5,6.2,8,No,Medium,Tier 1,Yes,Low,Placed,15.96
2347,Female,ECE,1.56,40.4,18.9,0,2.2,54.6,2,0,1,2,3,2,0,6.7,5,No,Medium,Tier 2,Yes,Medium,Not Placed,0.0
2348,Male,ECE,7.9,100.0,88.8,2,7.9,95.7,5,3,5,2,2,6,2,9.0,6,No,Medium,Tier 3,Yes,Low,Placed,15.32
2349,Male,IT,0.64,4.6,13.2,0,2.2,20.4,1,0,1,3,1,0,3,8.3,3,No,Low,Tier 1,Yes,Medium,Not Placed,0.0
2350,Male,CE,1.94,22.8,27.5,0,1.2,42.3,1,2,2,2,2,2,2,8.1,9,No,Low,Tier 2,Yes,Low,Not Placed,0.0
2351,Female,CSE,6.56,85.7,77.0,1,6.2,85.9,3,1,4,5,4,3,2,7.5,6,Yes,Medium,Tier 2,No,Low,Placed,15.11
2352,Female,CSE,8.55,68.9,98.4,0,6.7,100.0,4,3,5,3,5,3,0,7.1,1,No,Medium,Tier 2,Yes,High,Placed,17.08
2353,Female,ECE,2.53,20.4,54.1,2,2.4,40.4,1,2,2,4,1,1,1,9.4,3,Yes,Low,Tier 3,Yes,Medium,Not Placed,0.0
2354,Female,ECE,3.27,37.9,54.7,0,2.3,71.2,2,1,2,3,2,1,1,8.4,4,Yes,Low,Tier 2,Yes,Medium,Not Placed,0.0
2355,Female,CSE,5.37,62.6,57.7,0,5.9,51.0,2,1,2,4,1,0,2,7.1,9,No,Medium,Tier 3,Yes,Low,Placed,12.5
2356,Male,IT,2.12,48.9,19.5,0,4.1,61.5,2,2,2,0,3,2,0,7.9,10,No,Medium,Tier 2,Yes,High,Not Placed,0.0
2357,Female,EE,8.11,82.1,96.9,0,9.3,80.3,5,3,4,2,3,5,2,6.7,7,No,Medium,Tier 2,Yes,High,Placed,15.99
2358,Male,CE,7.74,74.7,93.6,4,5.4,100.0,3,4,3,2,4,3,1,5.1,8,No,Low,Tier 3,Yes,Low,Not Placed,0.0
2359,Male,CSE,1.45,30.4,22.9,0,3.3,38.1,2,1,2,2,1,2,1,5.8,8,No,Medium,Tier 2,Yes,Medium,Not Placed,0.0
2360,Male,ME,4.64,59.1,64.3,0,5.6,59.1,5,3,4,4,3,2,0,6.4,3,No,Low,Tier 1,Yes,Medium,Placed,14.36
2361,Male,IT,7.75,85.3,76.7,0,6.3,79.9,3,2,4,4,4,2,3,6.4,5,No,Low,Tier 2,Yes,High,Placed,16.23
2362,Male,ECE,3.37,41.9,60.0,2,2.9,36.8,1,1,2,3,1,2,2,6.1,5,No,Low,Tier 3,Yes,Medium,Not Placed,0.0
2363,Male,ECE,6.33,49.3,63.5,0,4.8,51.8,2,2,2,3,3,1,0,6.2,8,No,High,Tier 3,Yes,High,Placed,12.85
2364,Male,ME,0.5,10.1,41.8,0,1.3,44.1,1,0,1,5,0,2,0,8.6,10,No,Low,Tier 2,Yes,Medium,Not Placed,0.0
2365,Male,ECE,6.09,81.0,74.6,0,6.0,83.4,1,0,3,3,4,2,1,9.2,10,No,Low,Tier 2,Yes,Low,Placed,13.48
2366,Male,ECE,1.53,29.9,48.2,0,3.9,51.5,2,0,1,0,2,0,4,8.6,6,Yes,High,Tier 3,Yes,Low,Not Placed,0.0
2367,Male,ECE,8.31,82.4,79.8,0,8.4,69.8,3,2,4,4,3,5,2,4.4,6,No,Medium,Tier 3,Yes,High,Placed,18.66
2368,Male,ECE,3.55,56.4,50.5,0,2.4,62.1,5,0,3,4,5,4,5,8.3,5,No,High,Tier 1,Yes,Low,Not Placed,0.0
2369,Male,CSE,2.82,27.7,30.9,2,2.7,40.0,2,2,2,4,4,0,0,7.9,6,No,Medium,Tier 2,Yes,Low,Not Placed,0.0
2370,Female,CE,8.41,84.2,93.7,3,8.7,90.4,3,2,5,4,5,3,0,7.0,8,No,Medium,Tier 3,Yes,Medium,Placed,16.39
2371,Female,IT,0.5,20.6,31.0,1,1.1,51.6,2,0,1,2,1,1,1,6.4,7,No,Medium,Tier 1,Yes,Low,Not Placed,0.0
2372,Female,IT,3.97,44.3,73.7,0,4.2,63.2,1,2,0,4,2,0,2,6.6,7,No,Medium,Tier 3,Yes,Medium,Not Placed,0.0
2373,Female,CSE,3.7,47.5,52.4,0,2.4,74.8,2,2,1,3,3,0,2,8.2,4,No,Medium,Tier 2,Yes,High,Not Placed,0.0
2374,Male,IT,2.85,37.3,48.0,0,4.6,50.3,2,1,2,4,3,3,1,7.5,9,No,Low,Tier 1,Yes,High,Not Placed,0.0
2375,Female,CSE,9.12,78.5,86.3,1,6.0,87.1,3,3,4,5,4,3,2,8.5,6,No,Low,Tier 3,Yes,High,Placed,16.77
2376,Male,CSE,7.51,80.6,83.5,0,5.1,80.9,2,3,3,3,2,2,1,8.0,6,No,Medium,Tier 2,Yes,Low,Placed,13.55
2377,Male,ECE,0.64,7.2,19.3,3,3.0,22.7,0,0,0,4,0,0,1,8.7,7,No,Low,Tier 1,Yes,High,Not Placed,0.0
2378,Female,ECE,7.15,77.4,76.4,0,8.4,73.1,2,2,3,4,4,1,2,7.8,4,No,Medium,Tier 3,No,Medium,Placed,16.15
2379,Male,ECE,5.27,73.5,61.9,1,4.9,62.8,3,0,3,3,2,2,2,5.6,4,No,Low,Tier 2,Yes,High,Placed,12.66
2380,Female,CSE,9.01,88.8,86.6,1,7.8,85.7,5,3,5,5,3,3,1,5.1,5,No,Medium,Tier 2,Yes,Medium,Placed,17.69
2381,Female,ECE,3.13,29.9,43.7,0,4.6,57.0,0,1,1,4,2,0,1,7.8,3,No,High,Tier 2,Yes,Low,Not Placed,0.0
2382,Female,CSE,5.74,62.5,60.2,1,5.8,51.7,5,4,4,2,0,4,1,7.7,6,No,Medium,Tier 2,Yes,Medium,Placed,13.44
2383,Female,EE,5.01,49.3,54.3,3,4.6,51.3,2,2,2,3,2,3,3,6.3,1,No,Medium,Tier 1,Yes,High,Placed,11.39
2384,Male,ECE,4.9,62.6,68.0,3,4.4,78.0,6,2,3,4,2,2,5,7.3,5,No,Medium,Tier 3,Yes,Medium,Placed,11.51
2385,Male,IT,4.56,52.3,56.2,1,3.1,38.3,3,2,3,5,3,4,2,6.5,2,Yes,Medium,Tier 2,Yes,Medium,Placed,13.21
2386,Male,CSE,2.06,49.6,38.0,0,3.2,54.8,4,1,1,4,2,1,2,6.4,5,No,Medium,Tier 3,Yes,Medium,Not Placed,0.0
2387,Male,CSE,7.56,90.9,63.9,2,6.7,75.9,4,3,3,3,4,1,1,5.3,5,Yes,Low,Tier 2,Yes,High,Placed,15.48
2388,Female,EE,4.51,51.8,58.3,1,4.2,64.0,1,2,3,5,3,1,3,7.1,8,No,Medium,Tier 1,Yes,Low,Placed,12.62
2389,Female,CSE,9.59,100.0,100.0,0,7.2,100.0,3,3,4,3,4,3,1,6.4,6,No,Medium,Tier 2,Yes,Low,Placed,16.49
2390,Female,ECE,2.61,33.3,34.9,0,2.4,49.1,3,0,2,2,0,2,1,7.5,4,Yes,Medium,Tier 1,Yes,Low,Not Placed,0.0
2391,Male,IT,6.83,73.4,93.5,0,6.9,83.5,2,1,4,4,3,2,0,4.9,5,No,High,Tier 2,Yes,High,Placed,15.18
2392,Male,CSE,9.41,91.4,70.4,0,9.0,92.2,4,3,5,3,3,3,1,7.7,8,No,Medium,Tier 1,Yes,Low,Placed,17.2
2393,Male,ME,6.63,79.0,78.9,1,5.8,73.5,2,3,3,5,2,3,0,6.4,3,No,High,Tier 3,Yes,Medium,Placed,14.27
2394,Male,ECE,8.71,100.0,94.8,0,7.2,84.5,6,3,4,3,5,5,0,5.7,10,No,High,Tier 1,Yes,Low,Placed,17.91
2395,Female,CSE,8.27,93.3,89.6,0,6.4,93.0,4,3,3,4,2,2,1,6.5,6,No,Low,Tier 3,Yes,Low,Placed,17.04
2396,Male,CSE,3.6,54.8,48.6,0,5.0,47.8,3,0,3,2,3,2,1,5.1,3,No,Medium,Tier 2,Yes,Low,Not Placed,0.0
2397,Male,CSE,6.0,75.2,71.5,0,5.7,57.4,7,2,5,5,2,3,3,6.7,3,Yes,Medium,Tier 2,Yes,Medium,Placed,16.49
2398,Male,ME,1.56,33.8,39.2,0,3.0,45.3,3,0,1,3,1,2,2,7.1,7,No,Low,Tier 3,Yes,Low,Not Placed,0.0
2399,Female,IT,5.36,49.2,53.6,0,5.6,69.5,5,1,3,3,2,3,0,7.1,7,No,Medium,Tier 3,Yes,High,Placed,13.05
2400,Female,CSE,2.3,51.6,39.4,0,2.8,26.9,3,1,3,3,3,1,3,7.6,6,No,High,Tier 1,Yes,High,Not Placed,0.0
2401,Male,CSE,7.44,96.3,75.7,1,5.5,79.5,4,2,4,1,4,4,0,6.3,6,No,High,Tier 3,Yes,Low,Placed,15.77
2402,Male,IT,5.28,57.5,49.3,0,4.2,52.0,2,2,3,3,2,2,2,7.9,5,No,Medium,Tier 3,No,High,Placed,11.57
2403,Male,ECE,4.11,46.2,58.1,0,5.5,67.2,2,2,2,4,2,1,5,7.3,4,No,High,Tier 3,Yes,High,Not Placed,0.0
2404,Male,ECE,2.69,44.0,33.9,0,2.7,29.5,1,0,1,1,3,0,2,8.0,6,No,Medium,Tier 1,No,High,Not Placed,0.0
2405,Female,ECE,9.99,100.0,82.9,0,8.1,100.0,4,2,5,4,5,3,1,9.0,9,Yes,Medium,Tier 3,No,Medium,Placed,19.22
2406,Female,CSE,0.72,19.1,18.4,0,0.9,35.3,3,0,2,3,0,1,1,5.1,5,Yes,High,Tier 1,Yes,Medium,Not Placed,0.0
2407,Male,IT,0.44,6.2,13.5,0,0.6,27.3,2,0,1,3,2,0,0,6.5,6,No,High,Tier 1,Yes,Medium,Not Placed,0.0
2408,Male,EE,2.17,36.5,45.6,0,2.2,44.6,2,1,3,0,3,2,1,6.1,8,No,Low,Tier 2,Yes,Low,Not Placed,0.0
2409,Female,CSE,9.71,100.0,97.2,0,10.0,99.9,4,4,3,3,5,2,3,9.6,4,Yes,Low,Tier 1,Yes,Low,Placed,16.1
2410,Male,ECE,9.79,100.0,100.0,0,9.0,100.0,5,3,5,2,4,2,2,7.7,6,No,Medium,Tier 2,No,Medium,Placed,19.31
2411,Female,ECE,6.55,74.2,63.7,1,5.6,71.0,3,3,3,3,3,3,2,7.3,7,No,Medium,Tier 2,Yes,Low,Placed,13.08
2412,Male,ECE,8.8,87.1,97.1,0,8.7,70.5,5,5,3,1,3,1,1,8.4,4,No,Low,Tier 2,Yes,Low,Placed,17.29
2413,Male,CSE,2.14,43.1,63.5,2,2.8,33.3,4,1,3,2,2,2,1,7.0,3,No,Medium,Tier 2,Yes,Medium,Not Placed,0.0
2414,Male,ME,9.72,98.3,99.3,2,9.7,96.8,6,3,4,3,4,4,1,7.6,5,No,High,Tier 1,Yes,Low,Placed,19.35
2415,Male,ECE,1.43,22.5,38.1,1,4.7,55.4,2,0,1,3,2,2,2,6.5,7,Yes,Medium,Tier 1,Yes,Low,Not Placed,0.0
2416,Female,ECE,1.01,21.8,33.0,0,3.2,54.5,3,1,2,4,2,1,0,5.4,3,No,Medium,Tier 2,Yes,Low,Not Placed,0.0
2417,Male,CSE,1.12,7.1,12.7,2,2.4,43.7,0,1,0,1,4,1,1,8.1,6,Yes,Medium,Tier 2,Yes,High,Not Placed,0.0
2418,Male,CSE,5.73,61.9,69.7,0,6.2,81.0,4,2,4,3,4,3,3,5.8,5,No,Low,Tier 2,Yes,High,Placed,15.41
2419,Male,CSE,7.81,88.3,83.5,0,7.0,100.0,6,2,5,3,4,6,2,7.9,5,No,Medium,Tier 1,Yes,Medium,Placed,17.52
2420,Male,IT,3.67,49.6,44.8,0,2.2,71.3,4,1,3,2,0,1,2,8.3,6,No,Medium,Tier 3,Yes,Medium,Not Placed,0.0
2421,Male,CSE,9.78,100.0,87.4,3,7.7,100.0,5,2,5,2,5,3,0,4.3,2,No,Low,Tier 3,Yes,Low,Placed,16.83
2422,Male,IT,4.34,49.3,59.7,0,3.6,51.4,1,2,2,4,4,2,1,8.3,8,No,Medium,Tier 1,Yes,Low,Not Placed,0.0
2423,Female,ECE,1.5,32.6,20.3,3,1.9,55.6,2,1,0,5,1,0,1,7.3,4,No,Low,Tier 2,Yes,Low,Not Placed,0.0
2424,Male,ECE,4.66,62.5,76.6,0,6.6,68.5,5,2,4,1,5,2,2,5.8,6,No,Medium,Tier 2,Yes,Medium,Placed,13.97
2425,Male,ECE,6.79,96.1,73.5,3,7.4,83.5,3,4,4,2,4,3,3,4.9,7,No,High,Tier 1,No,High,Placed,16.17
2426,Female,ECE,8.32,87.2,72.3,3,7.8,100.0,4,3,5,2,4,4,1,6.9,8,No,Medium,Tier 3,Yes,Medium,Placed,14.63
2427,Male,CSE,4.59,43.6,49.6,3,5.5,66.8,5,1,3,3,2,2,0,6.8,5,No,High,Tier 3,Yes,High,Placed,12.32
2428,Female,CSE,5.94,74.0,62.7,0,3.8,69.4,3,2,3,5,5,2,3,8.3,3,No,Medium,Tier 3,Yes,Low,Placed,16.32
2429,Male,IT,2.67,56.4,63.5,2,4.1,38.2,1,1,1,4,1,0,4,7.1,2,Yes,Medium,Tier 3,Yes,Low,Not Placed,0.0
2430,Female,IT,6.46,66.7,60.8,4,7.0,70.2,4,2,5,3,3,4,1,5.7,8,No,Medium,Tier 2,Yes,Low,Not Placed,0.0
2431,Female,CSE,9.86,100.0,95.7,0,6.2,96.7,4,3,4,3,3,2,1,5.1,4,No,Low,Tier 2,Yes,Low,Placed,16.67
2432,Female,ECE,0.49,31.5,16.5,0,2.6,41.3,0,0,1,3,2,1,1,7.2,5,No,High,Tier 1,Yes,Medium,Not Placed,0.0
2433,Female,CSE,8.87,100.0,94.0,1,6.3,91.1,5,3,5,4,5,2,1,7.0,3,Yes,High,Tier 2,Yes,Low,Placed,17.15
2434,Male,CSE,5.62,64.0,57.7,0,3.5,80.2,2,4,3,4,3,3,2,8.6,5,Yes,High,Tier 3,Yes,Low,Placed,13.11
2435,Female,CSE,2.52,29.4,26.8,1,4.6,60.5,1,1,2,4,3,2,0,6.4,9,No,Medium,Tier 3,Yes,Medium,Not Placed,0.0
2436,Male,ME,9.55,95.4,92.4,0,7.2,91.6,4,3,5,0,5,3,1,7.5,6,No,Low,Tier 3,Yes,Medium,Placed,17.3
2437,Male,CSE,4.83,60.6,53.6,0,4.2,53.8,2,2,3,3,2,2,3,6.8,4,No,Low,Tier 1,Yes,Medium,Placed,13.67
2438,Male,CSE,3.32,52.3,38.6,0,4.8,59.5,4,1,3,3,1,4,1,4.0,8,No,Medium,Tier 1,Yes,Medium,Not Placed,0.0
2439,Male,CSE,1.81,33.7,27.1,0,2.5,72.8,1,0,0,4,0,0,3,7.9,1,No,Medium,Tier 2,No,Medium,Not Placed,0.0
2440,Male,CSE,2.44,31.9,49.4,0,3.0,53.5,2,2,2,3,2,0,2,6.5,5,No,High,Tier 2,Yes,Low,Not Placed,0.0
2441,Male,IT,8.33,91.4,81.4,2,7.1,81.4,3,2,3,4,3,2,1,7.8,5,No,Medium,Tier 2,Yes,Low,Placed,14.07
2442,Male,CSE,6.14,75.8,55.8,0,6.1,78.3,5,1,3,2,3,2,3,7.2,5,No,High,Tier 1,Yes,Medium,Placed,12.18
2443,Female,CSE,9.13,96.4,86.4,2,7.7,96.9,6,4,5,4,4,6,1,5.8,3,No,Medium,Tier 1,Yes,Low,Placed,16.7
2444,Female,IT,2.32,26.4,37.1,1,3.2,55.9,1,0,2,4,1,0,0,6.8,5,No,Medium,Tier 3,Yes,Medium,Not Placed,0.0
2445,Male,CSE,1.21,23.5,14.3,0,1.8,58.7,3,1,2,1,2,1,5,7.0,5,No,Medium,Tier 2,Yes,Low,Not Placed,0.0
2446,Male,IT,0.06,25.0,34.7,0,1.9,40.0,3,0,2,1,0,1,0,7.2,4,No,High,Tier 1,No,Medium,Not Placed,0.0
2447,Male,ECE,5.08,44.3,67.3,0,5.4,81.4,5,1,4,4,1,4,1,7.6,5,No,Medium,Tier 3,Yes,Medium,Placed,13.14
2448,Male,CSE,9.98,78.9,100.0,0,10.0,97.6,6,3,3,3,4,2,0,7.0,2,No,Medium,Tier 2,No,Low,Placed,16.69
2449,Male,IT,6.95,89.2,77.5,0,6.0,94.8,4,2,5,4,3,1,2,9.1,10,No,Medium,Tier 2,Yes,High,Placed,16.51
2450,Male,CSE,3.08,46.3,21.7,0,3.5,68.0,3,0,2,3,2,1,1,8.0,1,No,Medium,Tier 1,Yes,Low,Not Placed,0.0
2451,Male,ECE,8.77,95.6,100.0,4,7.9,98.7,6,3,5,4,3,4,0,8.2,5,No,High,Tier 3,Yes,Medium,Not Placed,0.0
2452,Female,ECE,7.82,70.7,71.9,0,7.9,91.4,3,3,1,2,4,1,3,8.0,5,No,Medium,Tier 3,Yes,Medium,Placed,15.38
2453,Male,CSE,0.15,23.7,11.4,0,0.5,63.5,2,0,1,3,0,1,0,7.1,4,No,Medium,Tier 1,Yes,Low,Not Placed,0.0
2454,Male,IT,8.17,87.2,84.9,4,7.3,96.9,2,3,3,3,3,3,0,7.9,5,No,Low,Tier 3,Yes,Low,Not Placed,0.0
2455,Male,ME,3.01,24.7,55.9,2,1.1,42.9,0,1,1,2,3,1,0,8.5,7,No,Medium,Tier 2,Yes,Low,Not Placed,0.0
2456,Male,EE,1.5,42.0,40.5,2,2.3,47.0,2,2,1,4,1,1,3,7.2,3,No,Medium,Tier 2,Yes,Medium,Not Placed,0.0
2457,Male,IT,2.26,35.8,45.1,2,4.2,45.4,2,0,1,1,1,1,0,8.3,2,Yes,Medium,Tier 1,Yes,High,Not Placed,0.0
2458,Female,ECE,4.69,50.9,52.4,0,4.1,87.9,4,1,4,3,2,3,4,5.4,4,No,Medium,Tier 2,Yes,Medium,Placed,12.74
2459,Male,CSE,4.25,47.3,48.7,2,4.7,75.5,4,2,4,1,2,4,1,8.3,1,No,Low,Tier 3,Yes,Medium,Not Placed,0.0
2460,Male,CSE,2.89,19.4,44.6,3,3.0,76.7,2,2,1,2,1,2,5,6.1,4,No,Medium,Tier 2,Yes,Low,Not Placed,0.0
2461,Female,ECE,1.72,35.6,30.5,0,1.8,36.2,2,0,1,4,1,1,1,5.4,4,No,High,Tier 3,Yes,Medium,Not Placed,0.0
2462,Female,ECE,7.62,82.4,87.9,0,7.8,93.9,4,1,3,2,3,2,2,6.7,6,No,Low,Tier 3,Yes,Low,Placed,15.57
2463,Female,CE,9.9,97.2,100.0,0,7.4,78.0,4,3,5,2,4,3,2,7.2,8,No,Low,Tier 2,Yes,Low,Placed,19.78
2464,Male,ECE,7.78,93.9,86.2,0,7.2,62.6,5,4,4,4,4,3,0,7.4,6,No,Medium,Tier 1,Yes,Medium,Placed,17.64
2465,Female,ECE,2.96,26.3,16.4,0,3.9,48.0,2,1,2,2,1,1,1,8.5,6,No,Medium,Tier 2,Yes,Medium,Not Placed,0.0
2466,Male,ECE,2.45,29.9,38.9,0,2.4,67.8,3,1,2,4,3,2,3,6.3,4,No,Medium,Tier 1,Yes,Medium,Not Placed,0.0
2467,Male,ME,2.18,25.0,34.4,0,3.2,36.2,1,1,1,4,2,1,3,9.0,4,No,High,Tier 3,Yes,Medium,Not Placed,0.0
2468,Male,IT,1.37,23.9,30.6,0,1.5,43.0,1,1,0,2,1,1,2,9.0,4,No,Low,Tier 3,Yes,Medium,Not Placed,0.0
2469,Male,IT,5.51,62.5,54.5,0,5.9,82.3,5,3,3,4,3,4,3,7.3,5,No,Medium,Tier 2,Yes,Medium,Placed,13.62
2470,Male,CSE,6.05,70.7,53.2,1,4.4,81.5,4,3,3,1,3,0,1,6.0,5,No,Medium,Tier 1,Yes,Medium,Placed,12.9
2471,Male,ME,7.06,71.5,79.1,0,6.1,100.0,6,3,4,4,4,3,0,10.0,6,No,Low,Tier 3,Yes,Medium,Placed,17.31
2472,Female,CSE,6.8,64.0,68.8,0,6.0,75.8,2,2,2,2,1,0,1,9.1,7,No,Low,Tier 3,Yes,High,Not Placed,0.0
2473,Female,ME,2.92,56.7,47.1,0,4.7,47.2,2,1,2,2,3,3,0,7.2,8,Yes,Medium,Tier 3,Yes,Low,Not Placed,0.0
2474,Female,ECE,3.3,67.2,37.7,0,4.0,41.7,1,2,1,2,2,1,1,5.4,6,No,Low,Tier 1,Yes,High,Not Placed,0.0
2475,Male,ECE,6.82,74.4,86.7,0,7.2,71.5,2,3,4,5,3,4,1,7.7,6,Yes,Medium,Tier 1,Yes,Low,Placed,17.19
2476,Female,ECE,3.49,37.1,55.9,0,4.5,42.7,4,2,3,2,2,3,0,6.3,8,No,Medium,Tier 3,Yes,Medium,Not Placed,0.0
2477,Male,IT,2.13,47.9,38.0,1,3.5,26.2,2,0,1,3,3,0,2,8.0,7,Yes,High,Tier 2,Yes,High,Not Placed,0.0
2478,Female,CSE,3.74,32.3,45.8,0,3.8,81.0,4,2,3,2,0,1,0,7.3,5,No,Medium,Tier 1,Yes,Low,Not Placed,0.0
2479,Male,ME,2.72,34.8,48.3,0,4.4,51.9,2,0,0,2,4,0,0,5.1,3,No,Medium,Tier 2,Yes,High,Not Placed,0.0
2480,Female,ECE,0.88,15.5,29.0,0,1.8,71.4,2,0,3,2,2,3,1,5.6,5,No,Medium,Tier 2,Yes,High,Not Placed,0.0
2481,Male,CSE,8.3,74.0,86.8,0,5.6,74.7,4,3,5,3,4,4,4,6.1,4,No,Low,Tier 2,Yes,Medium,Placed,18.57
2482,Female,CSE,8.53,84.7,96.7,2,7.3,81.0,4,3,3,3,3,2,1,9.0,6,No,Medium,Tier 2,Yes,Medium,Placed,15.74
2483,Female,ECE,2.2,25.1,49.9,0,3.5,38.9,1,2,1,4,0,1,1,6.2,6,No,High,Tier 3,Yes,Low,Not Placed,0.0
2484,Male,ECE,0.65,20.7,10.7,2,0.3,31.2,1,0,0,3,1,1,1,4.3,5,No,High,Tier 2,No,Medium,Not Placed,0.0
2485,Male,ECE,7.39,78.1,66.6,0,5.8,89.8,4,2,5,3,4,4,1,6.8,5,No,Low,Tier 3,Yes,High,Not Placed,0.0
2486,Female,IT,2.12,26.8,27.2,1,1.8,54.5,3,0,1,4,2,1,1,6.7,1,No,High,Tier 3,Yes,High,Not Placed,0.0
2487,Male,ECE,3.93,44.7,34.4,2,5.0,69.1,3,1,2,3,3,2,0,8.9,4,No,High,Tier 3,Yes,Low,Not Placed,0.0
2488,Female,EE,0.64,18.1,22.5,1,3.6,54.9,0,0,0,1,0,0,2,8.8,10,Yes,Medium,Tier 3,Yes,Low,Not Placed,0.0
2489,Male,ECE,2.26,42.3,42.1,3,2.9,61.8,6,0,4,4,2,3,5,5.4,8,No,High,Tier 1,Yes,Low,Not Placed,0.0
2490,Male,ME,7.93,80.9,81.2,0,7.6,70.5,2,4,3,2,5,3,0,7.5,8,No,Medium,Tier 2,Yes,Medium,Placed,16.04
2491,Male,CSE,8.04,91.6,77.0,3,7.6,77.0,4,3,4,3,5,4,3,8.0,6,No,High,Tier 3,Yes,High,Placed,15.33
2492,Male,ECE,2.07,38.5,45.8,0,4.5,48.9,3,1,2,2,0,2,1,6.9,7,Yes,Medium,Tier 1,No,Low,Not Placed,0.0
2493,Female,CSE,3.36,49.3,46.3,2,3.2,99.9,3,2,2,2,2,1,1,7.2,5,No,Low,Tier 2,Yes,Low,Not Placed,0.0
2494,Male,ECE,1.34,40.3,32.1,0,2.2,52.3,0,1,1,1,1,1,3,8.3,4,No,Low,Tier 2,Yes,High,Not Placed,0.0
2495,Male,ME,0.74,10.1,35.5,1,1.7,40.7,1,1,1,3,1,0,0,7.4,8,Yes,Low,Tier 1,Yes,Medium,Not Placed,0.0
2496,Male,CSE,9.92,94.6,96.1,2,8.5,100.0,6,4,5,0,5,4,2,7.8,3,No,Medium,Tier 2,No,Medium,Placed,16.69
2497,Male,CSE,6.56,88.4,91.1,0,8.6,67.1,5,1,3,5,5,1,3,8.7,6,No,High,Tier 1,Yes,Low,Placed,15.63
2498,Female,ME,5.42,58.5,56.9,1,5.3,70.7,6,2,5,4,2,4,3,6.5,9,No,Low,Tier 2,Yes,Low,Placed,13.55
2499,Female,CSE,7.65,51.9,99.2,2,6.0,92.4,4,3,3,2,4,3,0,8.0,7,No,Medium,Tier 2,Yes,Medium,Placed,14.42
2500,Male,IT,8.4,84.4,75.5,0,6.2,85.1,5,2,5,5,4,4,1,6.5,5,No,Medium,Tier 2,Yes,Medium,Placed,17.85
2501,Female,ECE,8.07,84.9,87.7,0,8.4,74.3,2,2,2,5,4,2,1,8.3,8,Yes,Medium,Tier 1,Yes,High,Placed,15.87
2502,Female,ME,0.17,0.0,12.9,0,0.8,35.1,1,1,0,3,2,0,2,6.3,6,No,High,Tier 2,No,High,Not Placed,0.0
2503,Male,CSE,1.87,44.2,44.2,0,3.5,42.4,3,1,1,3,2,0,0,7.5,5,Yes,Medium,Tier 3,Yes,Medium,Not Placed,0.0
2504,Female,CSE,6.55,63.5,65.6,0,5.4,58.0,2,1,2,3,1,1,1,6.7,7,No,Low,Tier 3,Yes,Low,Placed,12.05
2505,Male,ECE,3.76,50.2,51.0,0,2.9,50.7,3,2,3,5,1,2,3,7.7,4,No,Low,Tier 2,Yes,High,Not Placed,0.0
2506,Male,CE,9.82,96.2,90.1,0,9.0,77.2,6,4,5,1,3,3,2,6.0,3,No,High,Tier 1,Yes,Medium,Placed,19.41
2507,Female,ECE,6.65,58.6,80.6,0,5.5,60.1,2,1,1,3,3,1,0,6.7,5,No,Medium,Tier 2,Yes,Low,Placed,12.56
2508,Male,CSE,9.57,85.6,88.0,0,8.6,78.7,5,3,5,4,4,2,1,6.9,4,No,Low,Tier 2,Yes,Medium,Placed,18.9
2509,Female,IT,2.01,22.7,50.9,1,3.4,58.5,1,2,2,4,1,0,0,5.7,3,Yes,Low,Tier 2,Yes,Medium,Not Placed,0.0
2510,Female,CE,8.64,99.3,77.2,0,8.1,100.0,2,2,4,3,2,4,1,6.3,6,Yes,Medium,Tier 3,Yes,Low,Placed,17.37
2511,Male,ME,3.21,40.8,30.2,1,3.5,35.8,3,3,3,5,1,2,3,5.0,4,No,Medium,Tier 2,Yes,Low,Not Placed,0.0
2512,Female,EE,9.9,93.9,100.0,0,9.1,100.0,4,3,5,3,2,4,3,7.5,4,No,Medium,Tier 2,Yes,Low,Placed,18.45
2513,Male,CSE,1.58,19.1,24.7,0,1.7,31.0,2,1,1,3,0,0,1,8.0,5,No,Medium,Tier 3,Yes,Medium,Not Placed,0.0
2514,Male,CSE,5.16,70.8,59.2,0,2.7,74.9,0,1,1,4,4,1,1,5.3,4,No,Low,Tier 3,Yes,Low,Not Placed,0.0
2515,Female,IT,7.93,97.0,78.2,2,7.8,85.7,7,1,5,3,4,5,2,5.6,8,No,Medium,Tier 1,Yes,High,Placed,16.2
2516,Female,ME,4.33,63.7,39.5,1,4.7,68.6,2,1,2,3,2,3,1,5.8,9,No,Medium,Tier 1,Yes,Low,Not Placed,0.0
2517,Male,CSE,4.68,59.7,54.7,2,4.2,49.1,3,2,4,2,1,2,0,5.5,7,No,Medium,Tier 2,Yes,Medium,Placed,13.74
2518,Male,CSE,9.86,100.0,100.0,0,6.9,72.4,4,5,4,5,3,3,2,7.5,5,No,Medium,Tier 2,No,Medium,Placed,18.06
2519,Female,IT,4.25,39.0,62.0,1,2.4,50.9,1,4,2,2,3,2,1,6.2,6,No,High,Tier 1,Yes,High,Not Placed,0.0
2520,Female,CSE,6.04,63.9,68.6,0,5.8,76.4,4,2,2,4,4,3,1,7.3,4,No,High,Tier 3,Yes,High,Placed,13.31
2521,Female,ECE,0.55,12.8,33.5,2,3.5,61.8,1,0,0,5,1,0,2,6.1,7,No,Medium,Tier 3,Yes,Medium,Not Placed,0.0
2522,Male,ECE,8.42,68.3,74.8,0,7.3,73.2,4,2,4,1,4,2,2,6.6,7,No,Medium,Tier 3,Yes,Low,Placed,17.33
2523,Male,ECE,6.48,80.7,66.6,0,5.7,72.7,2,3,3,4,1,3,1,8.2,7,No,Low,Tier 2,Yes,Low,Placed,15.55
2524,Male,IT,4.04,42.4,54.3,0,4.3,50.3,2,1,2,3,2,1,1,5.6,5,No,High,Tier 1,Yes,Medium,Not Placed,0.0
2525,Female,ECE,0.16,28.3,18.0,1,3.8,35.8,2,0,3,5,2,3,0,6.3,7,No,Medium,Tier 2,Yes,Medium,Not Placed,0.0
2526,Male,IT,5.92,74.1,62.9,0,6.4,47.4,1,2,4,2,2,2,3,7.5,6,No,Medium,Tier 2,Yes,High,Placed,14.37
2527,Male,ECE,0.13,21.7,7.0,0,0.7,53.8,1,1,1,2,3,1,3,6.6,6,No,Medium,Tier 3,Yes,Medium,Not Placed,0.0
2528,Female,ECE,0.01,21.2,0.0,0,1.5,35.3,1,0,0,3,2,0,1,7.2,6,No,Low,Tier 1,Yes,Medium,Not Placed,0.0
2529,Male,IT,6.16,61.2,75.5,4,6.1,83.0,4,2,4,2,3,2,0,7.0,3,Yes,Low,Tier 2,No,Medium,Not Placed,0.0
2530,Female,CSE,1.89,49.6,35.6,0,1.8,43.6,5,0,5,2,1,4,1,5.2,6,No,High,Tier 3,Yes,Low,Not Placed,0.0
2531,Female,CSE,1.92,31.8,42.4,2,3.6,48.8,2,0,1,5,4,0,1,8.7,5,No,Medium,Tier 2,Yes,High,Not Placed,0.0
2532,Female,CSE,6.53,73.5,65.9,4,5.3,87.7,4,1,3,3,4,3,1,6.9,3,No,High,Tier 2,Yes,Medium,Not Placed,0.0
2533,Male,CSE,0.54,13.1,15.2,3,0.4,39.8,3,0,1,2,1,1,2,8.9,4,No,Medium,Tier 1,Yes,Low,Not Placed,0.0
2534,Male,ECE,3.13,32.3,43.1,2,3.8,55.8,0,1,1,3,2,0,3,7.4,6,Yes,Medium,Tier 1,Yes,Medium,Not Placed,0.0
2535,Female,ME,1.49,32.4,38.5,2,2.5,34.4,1,0,2,3,2,2,1,8.6,5,Yes,Low,Tier 2,Yes,High,Not Placed,0.0
2536,Female,IT,5.8,66.5,62.1,0,5.6,63.4,6,1,5,3,3,4,2,8.2,4,No,Low,Tier 3,Yes,Medium,Placed,15.59
2537,Female,IT,6.62,63.4,79.0,0,5.4,62.6,4,1,3,2,2,0,1,8.5,1,Yes,Medium,Tier 2,Yes,Low,Placed,12.94
2538,Male,ECE,7.21,61.9,65.6,0,5.9,69.4,3,1,3,1,3,2,0,6.7,8,No,Medium,Tier 3,Yes,Medium,Placed,14.21
2539,Female,ECE,2.55,24.0,36.8,0,4.4,65.3,2,0,2,3,0,2,3,9.1,3,No,Medium,Tier 2,Yes,Low,Not Placed,0.0
2540,Female,ECE,0.89,34.5,24.4,0,2.6,62.0,2,1,1,3,2,1,2,6.4,6,No,Medium,Tier 3,No,Medium,Not Placed,0.0
2541,Female,CSE,0.79,15.6,36.6,1,1.1,24.8,1,0,0,2,1,0,1,7.4,5,No,High,Tier 3,Yes,Low,Not Placed,0.0
2542,Female,CSE,4.26,47.8,54.2,0,2.5,65.3,0,2,2,5,3,2,2,8.0,6,No,High,Tier 2,Yes,Medium,Not Placed,0.0
2543,Female,ECE,9.46,100.0,100.0,2,7.2,87.9,4,4,4,4,3,4,5,10.0,6,No,High,Tier 3,Yes,Low,Placed,18.16
2544,Female,EE,2.18,22.3,22.0,0,3.2,64.8,3,1,3,3,3,1,1,8.3,5,No,Medium,Tier 2,Yes,High,Not Placed,0.0
2545,Male,CSE,2.57,29.6,39.9,0,2.7,52.0,4,0,3,3,3,1,1,6.4,6,No,Medium,Tier 2,Yes,Medium,Not Placed,0.0
2546,Male,CSE,1.01,15.9,27.9,0,1.5,41.0,4,0,3,5,0,1,1,7.3,6,No,High,Tier 1,Yes,Medium,Not Placed,0.0
2547,Male,IT,6.06,82.7,72.7,0,5.2,62.4,6,2,4,2,3,3,1,5.4,3,Yes,High,Tier 2,Yes,High,Placed,15.05
2548,Male,CSE,6.8,92.7,64.3,4,6.2,57.4,4,4,4,2,3,2,0,8.8,8,No,Low,Tier 2,Yes,Low,Not Placed,0.0
2549,Male,ME,6.43,77.2,86.3,0,6.8,82.7,1,1,2,2,2,0,2,4.0,9,No,Medium,Tier 3,Yes,High,Not Placed,0.0
2550,Male,IT,8.61,96.0,87.0,0,7.5,90.9,3,4,5,3,4,6,1,6.8,4,Yes,High,Tier 1,Yes,Low,Placed,16.77
2551,Male,CE,4.86,50.5,46.0,1,5.0,68.7,2,0,3,4,3,2,5,9.6,2,No,Medium,Tier 1,Yes,Medium,Placed,9.84
2552,Male,ECE,1.34,45.9,28.6,0,2.2,35.8,1,1,0,1,1,0,1,7.9,8,No,Low,Tier 2,Yes,Low,Not Placed,0.0
2553,Female,IT,2.89,42.2,38.0,0,3.0,50.6,2,1,1,2,0,0,0,7.6,3,No,Medium,Tier 2,Yes,Low,Not Placed,0.0
2554,Female,ECE,6.62,79.8,98.8,0,7.0,84.2,2,4,2,4,4,1,1,5.6,8,No,Low,Tier 1,Yes,High,Placed,13.51
2555,Male,IT,6.13,66.0,77.5,0,6.5,83.6,1,3,1,2,2,3,0,8.6,8,No,Medium,Tier 1,Yes,Medium,Placed,13.37
2556,Female,ECE,5.31,57.5,61.0,0,7.3,52.7,3,2,3,3,2,3,2,5.9,5,No,Medium,Tier 3,Yes,Low,Not Placed,0.0
2557,Male,CSE,6.83,89.7,71.5,2,6.9,68.4,3,1,2,3,5,4,1,5.9,5,Yes,Low,Tier 3,Yes,Medium,Placed,12.7
2558,Male,ECE,6.37,74.5,78.5,0,5.5,56.5,4,4,3,2,4,3,2,8.6,4,No,Medium,Tier 3,Yes,High,Placed,15.19
2559,Male,ECE,8.81,100.0,98.5,0,6.8,90.3,4,5,4,3,3,2,2,5.9,6,Yes,High,Tier 2,Yes,Medium,Placed,19.49
2560,Male,ME,5.86,67.4,35.8,0,6.6,80.8,2,4,3,4,2,3,5,5.2,6,No,Medium,Tier 2,No,Low,Not Placed,0.0
2561,Female,IT,7.79,72.7,86.7,0,6.1,78.4,5,2,3,3,5,3,3,5.8,6,No,Medium,Tier 1,Yes,Low,Placed,15.22
2562,Female,IT,2.49,30.3,38.2,3,4.1,42.0,5,1,3,5,3,3,0,7.2,7,No,Low,Tier 1,Yes,Medium,Not Placed,0.0
2563,Male,CSE,6.78,73.7,59.1,0,5.5,71.7,2,1,2,4,3,1,1,6.4,8,Yes,Low,Tier 1,Yes,Medium,Not Placed,0.0
2564,Male,IT,9.02,85.4,99.0,5,8.2,100.0,4,2,3,3,3,4,0,9.2,5,No,Low,Tier 1,Yes,High,Not Placed,0.0
2565,Male,ECE,3.86,36.7,71.3,0,3.1,72.5,5,2,3,3,3,1,2,7.0,10,No,Low,Tier 1,Yes,Low,Not Placed,0.0
2566,Male,ME,7.79,93.2,85.9,2,7.7,90.5,5,3,3,5,4,3,0,5.5,6,No,Low,Tier 2,Yes,Low,Placed,16.5
2567,Male,CE,7.25,71.2,87.0,0,5.3,82.3,2,3,3,2,3,2,1,4.8,6,No,Low,Tier 2,Yes,Medium,Placed,14.72
2568,Male,CSE,0.6,21.5,40.8,0,2.2,38.4,1,0,0,3,0,0,2,8.1,6,Yes,High,Tier 2,Yes,Low,Not Placed,0.0
2569,Female,ME,5.82,67.4,56.3,0,5.4,59.0,1,2,3,3,3,3,2,7.4,6,No,Medium,Tier 1,Yes,Medium,Placed,13.88
2570,Female,CSE,1.3,20.2,9.8,0,2.5,30.1,1,1,2,3,2,3,2,7.7,6,No,Medium,Tier 2,Yes,High,Not Placed,0.0
2571,Male,ECE,9.67,100.0,100.0,0,7.9,86.2,5,4,5,5,4,4,1,6.5,8,No,Medium,Tier 2,Yes,Low,Placed,19.96
2572,Female,ECE,8.11,72.8,80.4,0,6.8,72.2,3,3,3,3,4,3,2,7.2,1,Yes,High,Tier 3,Yes,Medium,Placed,14.28
2573,Male,CSE,1.1,27.0,13.1,2,2.4,34.3,0,1,0,3,2,0,0,8.4,5,No,Medium,Tier 3,No,High,Not Placed,0.0
2574,Male,IT,1.22,27.8,27.0,0,1.4,41.1,0,0,1,3,3,2,3,7.0,2,No,Low,Tier 2,Yes,Low,Not Placed,0.0
2575,Male,CSE,5.94,64.9,72.8,0,4.6,70.3,4,2,4,1,3,3,1,5.6,8,Yes,Medium,Tier 3,No,Medium,Placed,15.62
2576,Female,CSE,3.45,31.4,44.1,2,3.6,48.3,5,3,4,3,1,4,0,7.9,3,Yes,Low,Tier 2,Yes,High,Not Placed,0.0
2577,Female,ECE,0.35,26.7,12.9,0,1.3,43.0,3,1,2,5,1,3,2,6.6,4,No,High,Tier 2,Yes,Low,Not Placed,0.0
2578,Female,IT,5.42,68.5,59.1,2,4.3,65.3,3,2,3,4,5,2,0,8.2,4,No,Medium,Tier 2,Yes,Low,Placed,14.97
2579,Male,CE,3.88,41.2,48.8,0,5.1,60.9,3,2,3,4,1,0,3,7.0,3,Yes,High,Tier 3,Yes,Low,Not Placed,0.0
2580,Female,IT,1.01,30.7,6.8,0,1.9,32.1,1,1,0,4,0,2,0,8.0,5,No,High,Tier 3,Yes,Medium,Not Placed,0.0
2581,Male,IT,8.02,86.9,80.7,0,6.9,91.4,4,3,3,2,4,4,2,7.6,1,No,Medium,Tier 1,Yes,Medium,Placed,15.35
2582,Female,ECE,9.15,80.0,77.8,3,6.6,83.5,5,4,5,5,4,5,0,8.6,9,No,High,Tier 3,Yes,Medium,Placed,17.35
2583,Male,CSE,7.57,70.8,85.2,2,8.9,99.7,2,2,4,1,3,2,2,8.2,6,No,High,Tier 2,Yes,Low,Placed,13.54
2584,Male,CSE,8.22,96.3,68.1,5,9.7,81.6,5,3,4,3,4,4,1,5.4,4,No,Medium,Tier 1,No,Low,Not Placed,0.0
2585,Male,ECE,2.16,36.5,45.4,0,2.2,46.8,3,0,3,1,3,2,2,4.8,7,No,Medium,Tier 3,Yes,Medium,Not Placed,0.0
2586,Female,IT,2.64,31.8,35.0,2,4.6,58.0,2,2,3,1,2,2,2,6.9,6,No,Low,Tier 2,Yes,Medium,Not Placed,0.0
2587,Male,ECE,2.09,24.2,29.3,0,2.9,57.3,1,2,1,4,3,2,0,7.7,4,No,Medium,Tier 1,Yes,High,Not Placed,0.0
2588,Female,IT,7.65,74.9,82.1,0,8.5,91.9,4,3,4,2,1,4,2,6.1,7,No,Low,Tier 2,Yes,Medium,Placed,15.14
2589,Male,ECE,9.48,91.1,85.2,2,8.5,100.0,3,3,4,4,4,1,2,7.5,5,No,Medium,Tier 2,Yes,Medium,Placed,18.57
2590,Female,CSE,7.17,67.5,78.1,0,6.6,86.0,3,2,3,0,3,3,0,7.5,8,Yes,Medium,Tier 1,Yes,High,Placed,15.29
2591,Female,CSE,8.81,72.5,81.2,0,5.2,87.1,3,3,3,3,2,3,1,6.9,5,No,Medium,Tier 1,Yes,High,Placed,14.47
2592,Female,ME,6.39,80.7,63.6,0,5.1,67.0,4,3,3,2,3,1,1,6.2,3,Yes,Medium,Tier 1,Yes,Medium,Placed,15.57
2593,Male,IT,3.88,57.7,53.1,1,4.2,56.7,1,2,1,3,2,2,1,5.8,7,No,Low,Tier 3,Yes,Low,Not Placed,0.0
2594,Male,ME,4.26,38.5,40.7,0,4.7,78.4,4,0,3,5,2,1,1,10.0,5,No,Medium,Tier 1,Yes,Medium,Not Placed,0.0
2595,Male,CSE,0.75,22.7,11.4,0,0.8,22.9,1,0,2,5,1,1,2,4.5,5,Yes,Low,Tier 1,Yes,Low,Not Placed,0.0
2596,Female,EE,0.31,8.6,23.0,5,1.0,27.0,3,1,1,4,1,1,0,5.5,6,No,Low,Tier 1,No,Low,Not Placed,0.0
2597,Male,CSE,6.95,71.5,73.3,0,6.9,74.1,5,1,4,1,4,3,1,10.0,4,Yes,High,Tier 2,Yes,Medium,Placed,15.02
2598,Male,CSE,4.38,48.8,54.7,0,3.2,51.3,4,2,4,2,3,4,1,5.8,5,Yes,Medium,Tier 3,Yes,Medium,Not Placed,0.0
2599,Male,EE,5.52,57.6,65.4,0,5.5,63.2,4,2,3,3,3,1,0,6.3,4,Yes,High,Tier 1,Yes,Medium,Placed,13.72
2600,Male,CSE,5.58,82.5,63.2,2,6.6,90.2,1,2,2,2,5,2,0,7.8,5,No,Medium,Tier 3,Yes,High,Not Placed,0.0
2601,Female,IT,2.77,34.1,46.2,0,3.8,48.0,3,1,2,4,1,2,1,7.6,8,No,Medium,Tier 3,No,Medium,Not Placed,0.0
2602,Male,CSE,4.76,47.4,57.1,0,5.2,68.5,6,2,5,5,1,3,1,7.5,4,No,Low,Tier 2,Yes,High,Placed,14.38
2603,Female,ECE,4.71,47.4,35.6,0,2.8,43.4,3,1,2,2,4,2,2,8.8,4,No,Medium,Tier 3,Yes,Low,Not Placed,0.0
2604,Male,CE,3.88,58.4,31.6,0,3.4,45.1,2,1,1,2,4,1,0,5.9,8,No,Low,Tier 1,Yes,Low,Not Placed,0.0
2605,Male,CSE,8.21,68.3,100.0,0,9.3,95.5,5,3,5,2,3,5,2,7.2,4,No,Medium,Tier 1,Yes,Low,Placed,18.74
2606,Male,IT,4.51,45.7,54.1,0,4.1,82.1,2,1,2,3,4,2,1,6.9,6,No,Low,Tier 3,Yes,Medium,Placed,11.85
2607,Male,CSE,6.04,80.8,75.8,0,7.0,73.9,3,3,3,3,3,3,0,5.9,7,No,High,Tier 2,Yes,Low,Placed,14.61
2608,Male,IT,8.96,93.6,86.2,3,7.2,85.1,4,2,3,3,5,2,1,7.1,7,No,Medium,Tier 1,Yes,Medium,Placed,15.18
2609,Female,CSE,8.66,90.5,86.7,1,7.3,92.9,1,3,2,4,5,2,1,7.7,3,Yes,Low,Tier 1,Yes,Low,Placed,15.93
2610,Male,CSE,8.9,100.0,84.7,3,8.2,57.2,4,4,3,3,3,2,2,7.7,4,No,High,Tier 3,Yes,Medium,Placed,15.29
2611,Female,CSE,2.7,40.4,64.3,1,3.5,53.9,4,2,3,3,4,2,0,8.3,2,No,Medium,Tier 2,No,Low,Not Placed,0.0
2612,Male,CSE,0.35,10.9,23.3,0,2.1,24.5,3,0,1,3,3,2,1,7.0,7,No,Medium,Tier 1,Yes,Low,Not Placed,0.0
2613,Male,CE,2.61,34.4,33.5,0,2.5,60.2,1,0,0,3,1,0,1,5.8,8,No,High,Tier 1,Yes,High,Not Placed,0.0
2614,Female,ECE,2.79,27.4,23.8,3,2.3,25.4,1,0,3,3,2,1,1,5.3,8,No,Low,Tier 2,Yes,Low,Not Placed,0.0
2615,Male,CSE,9.09,100.0,100.0,0,7.0,82.0,4,3,5,2,5,4,3,6.4,5,No,Low,Tier 1,Yes,High,Placed,18.87
2616,Male,ECE,6.49,75.9,68.3,5,5.5,73.4,4,3,5,2,1,4,1,5.4,5,No,Low,Tier 1,Yes,Low,Not Placed,0.0
2617,Male,CSE,0.82,33.2,32.0,0,1.8,30.8,1,0,1,3,1,2,1,6.1,4,No,Low,Tier 2,Yes,Low,Not Placed,0.0
2618,Male,IT,1.35,38.6,37.4,0,3.5,38.6,2,1,1,2,0,2,0,5.6,2,No,Medium,Tier 2,Yes,High,Not Placed,0.0
2619,Female,EE,1.56,24.1,25.9,0,2.7,55.2,0,0,2,4,2,1,3,6.2,7,Yes,High,Tier 3,Yes,Medium,Not Placed,0.0
2620,Male,ECE,6.3,59.1,75.1,0,6.4,72.5,6,2,5,3,3,4,0,9.1,4,No,Medium,Tier 3,Yes,Medium,Placed,16.91
2621,Female,ME,7.35,77.0,70.8,0,6.8,67.9,4,3,3,3,3,3,2,6.9,1,No,High,Tier 1,Yes,Medium,Placed,14.86
2622,Female,ECE,8.6,79.4,76.9,0,6.4,97.9,3,3,3,4,2,3,1,8.9,8,No,Low,Tier 2,Yes,Medium,Placed,16.19
2623,Male,CSE,9.41,96.6,100.0,0,8.1,94.5,5,3,5,1,4,1,2,7.5,4,No,High,Tier 3,Yes,Medium,Placed,17.21
2624,Female,IT,2.02,43.5,32.6,0,3.0,50.6,3,1,3,5,2,2,0,6.3,6,Yes,Medium,Tier 1,Yes,Medium,Not Placed,0.0
2625,Male,ECE,3.1,39.7,48.0,0,4.4,42.9,2,1,2,0,2,2,1,6.9,5,No,High,Tier 2,Yes,Low,Not Placed,0.0
2626,Female,IT,2.4,36.9,41.3,1,2.1,18.8,3,0,2,5,3,3,1,5.0,8,Yes,High,Tier 2,Yes,Medium,Not Placed,0.0
2627,Male,ME,3.59,44.6,53.1,0,2.0,45.7,2,2,2,3,3,1,4,6.6,3,No,High,Tier 3,Yes,Low,Not Placed,0.0
2628,Female,ECE,9.15,100.0,75.6,0,8.1,77.8,5,4,4,2,5,3,2,5.4,7,No,Low,Tier 2,Yes,Medium,Placed,17.2
2629,Male,CE,5.75,57.2,58.1,0,5.9,62.1,1,1,2,1,2,1,4,7.7,5,No,Medium,Tier 1,Yes,Low,Not Placed,0.0
2630,Male,IT,7.38,55.8,73.8,2,6.5,69.2,4,2,3,2,4,2,1,6.5,6,No,Medium,Tier 2,Yes,Medium,Placed,13.05
2631,Female,ECE,4.9,61.4,48.9,0,5.0,65.8,2,2,2,3,2,2,3,6.6,5,No,Low,Tier 2,Yes,Medium,Not Placed,0.0
2632,Female,IT,0.29,27.3,24.6,3,2.6,47.3,1,0,0,3,0,0,0,6.5,5,No,Medium,Tier 2,Yes,Low,Not Placed,0.0
2633,Male,CSE,0.64,24.9,35.0,0,1.5,51.8,1,1,1,5,2,2,0,8.1,7,No,High,Tier 1,Yes,Low,Not Placed,0.0
2634,Male,EE,5.38,54.3,74.5,0,5.0,77.3,5,1,4,3,2,4,2,5.9,4,No,Low,Tier 1,Yes,High,Placed,13.17
2635,Female,IT,7.19,64.8,72.1,0,6.6,67.4,4,2,4,3,2,3,1,5.9,4,No,High,Tier 3,Yes,High,Placed,16.75
2636,Female,CSE,2.15,38.2,38.1,0,1.8,48.6,3,2,1,3,2,0,0,7.4,5,No,High,Tier 3,Yes,High,Not Placed,0.0
2637,Female,CSE,7.22,77.8,80.2,0,6.4,97.1,5,2,5,3,3,4,3,8.3,3,No,Low,Tier 3,Yes,Medium,Placed,15.73
2638,Female,IT,8.11,82.7,89.1,1,7.1,64.6,5,2,4,3,4,2,0,7.4,5,Yes,Medium,Tier 3,Yes,High,Placed,15.9
2639,Female,CSE,4.12,68.2,42.2,0,6.0,75.9,3,2,3,3,5,2,3,9.6,5,No,Low,Tier 1,Yes,Low,Not Placed,0.0
2640,Female,CSE,7.46,68.9,95.9,1,6.4,67.8,4,1,3,4,3,1,0,5.9,7,No,Medium,Tier 2,Yes,Low,Placed,14.19
2641,Male,ECE,4.04,67.1,59.6,1,4.5,62.8,5,1,4,2,3,4,1,4.4,4,No,Low,Tier 2,Yes,Medium,Not Placed,0.0
2642,Male,CSE,6.78,72.9,81.8,1,7.2,80.6,5,3,5,2,3,5,0,7.6,2,Yes,Low,Tier 2,Yes,Low,Placed,17.23
2643,Female,ECE,7.64,61.6,91.2,0,6.0,83.1,4,3,4,3,5,2,0,6.8,6,No,Medium,Tier 3,Yes,Low,Placed,16.73
2644,Female,CSE,9.92,97.5,100.0,5,9.8,100.0,4,3,5,2,4,2,1,7.6,5,No,Medium,Tier 1,Yes,Medium,Not Placed,0.0
2645,Male,CSE,3.45,53.9,35.3,0,5.7,52.1,3,1,3,3,2,3,2,8.0,3,No,High,Tier 1,No,Low,Not Placed,0.0
2646,Male,IT,4.11,46.3,49.5,0,4.3,40.0,2,3,2,2,3,1,1,5.2,6,No,Medium,Tier 2,Yes,Medium,Not Placed,0.0
2647,Female,ECE,1.66,14.4,14.8,2,2.1,49.2,2,2,1,4,0,0,1,6.7,6,Yes,Low,Tier 2,Yes,High,Not Placed,0.0
2648,Male,CSE,2.04,30.7,38.5,0,4.6,45.2,2,1,2,5,0,1,3,7.7,7,No,Medium,Tier 2,Yes,Medium,Not Placed,0.0
2649,Male,CSE,6.93,65.3,71.7,1,7.1,83.2,2,2,2,2,3,0,1,7.3,6,No,Medium,Tier 3,Yes,Medium,Placed,12.22
2650,Male,ECE,9.17,97.9,91.0,0,8.0,100.0,4,4,5,4,5,4,1,6.8,7,No,Medium,Tier 2,No,Medium,Placed,19.16
2651,Male,CSE,3.95,56.3,61.6,0,5.7,58.3,4,2,3,3,2,1,2,7.9,6,No,Low,Tier 2,Yes,Low,Not Placed,0.0
2652,Male,CSE,1.8,19.7,27.8,0,4.1,51.0,1,2,1,3,1,0,0,8.2,10,No,Low,Tier 2,Yes,Medium,Not Placed,0.0
2653,Male,CSE,2.85,32.2,38.3,0,3.2,53.8,2,2,2,3,3,0,0,4.5,8,No,Low,Tier 3,Yes,High,Not Placed,0.0
2654,Male,ME,4.55,61.2,54.6,0,4.9,83.8,5,1,4,5,2,3,2,8.9,6,No,High,Tier 3,Yes,Medium,Placed,14.19
2655,Female,IT,2.91,31.1,22.9,0,4.1,48.0,4,0,2,3,3,0,0,5.5,2,Yes,High,Tier 2,Yes,High,Not Placed,0.0
2656,Male,IT,2.34,24.1,34.1,1,3.2,40.8,2,2,2,5,4,4,1,7.7,9,No,High,Tier 2,Yes,Low,Not Placed,0.0
2657,Female,IT,7.36,65.8,52.0,1,5.3,89.7,2,4,3,3,3,2,1,6.6,5,No,Low,Tier 2,No,Low,Placed,14.84
2658,Female,IT,0.08,19.2,12.8,2,0.6,24.3,2,0,0,1,1,0,0,8.5,7,No,High,Tier 1,Yes,Low,Not Placed,0.0
2659,Male,ECE,5.39,63.9,69.7,2,3.9,72.0,2,2,3,3,3,1,4,7.9,6,No,Medium,Tier 2,Yes,Medium,Placed,12.68
2660,Female,IT,7.94,75.6,86.0,0,7.6,80.6,4,2,4,1,5,4,2,7.7,5,No,Medium,Tier 2,Yes,Low,Placed,16.81
2661,Male,CSE,2.66,37.7,33.3,2,2.2,49.7,3,1,2,3,2,3,2,7.3,5,No,Medium,Tier 2,No,High,Not Placed,0.0
2662,Female,IT,6.03,81.5,66.6,0,5.9,100.0,3,2,3,3,4,2,0,6.4,5,No,Low,Tier 3,Yes,Medium,Placed,15.07
2663,Male,IT,6.69,62.1,60.8,0,8.0,89.9,4,3,4,5,4,3,2,5.8,1,Yes,Low,Tier 1,No,Medium,Placed,15.61
2664,Female,ECE,6.55,51.2,70.4,1,7.5,86.6,5,1,5,5,3,2,2,5.3,3,Yes,Low,Tier 2,Yes,Low,Placed,14.37
2665,Female,ECE,4.46,57.5,83.0,0,2.8,68.1,4,1,4,3,2,4,0,6.2,5,No,Low,Tier 1,Yes,Low,Not Placed,0.0
2666,Male,CSE,3.47,43.4,64.2,1,2.7,47.5,3,2,3,4,2,3,0,8.1,6,No,Medium,Tier 3,Yes,Medium,Not Placed,0.0
2667,Male,IT,8.36,79.0,85.4,0,6.6,88.3,6,1,5,3,5,4,3,5.8,7,No,Medium,Tier 1,Yes,Low,Placed,18.02
2668,Female,IT,7.58,86.0,80.2,0,5.6,87.5,5,3,4,1,2,3,2,8.5,4,No,Medium,Tier 2,No,Medium,Placed,16.25
2669,Female,ME,3.21,50.7,33.9,0,2.1,56.6,4,1,2,4,1,2,0,5.8,7,No,Medium,Tier 2,Yes,High,Not Placed,0.0
2670,Male,CSE,1.03,1.7,18.2,0,2.2,42.3,3,2,2,3,2,1,1,6.8,5,No,Low,Tier 3,Yes,High,Not Placed,0.0
2671,Female,IT,0.72,14.6,27.4,2,2.7,34.6,1,1,1,2,1,2,2,7.5,5,No,High,Tier 2,Yes,Low,Not Placed,0.0
2672,Male,ECE,0.94,46.2,20.3,5,3.1,43.9,1,0,2,2,2,2,1,8.2,6,No,High,Tier 1,Yes,High,Not Placed,0.0
2673,Female,ME,5.83,70.4,73.7,0,5.1,63.7,2,3,4,4,2,3,3,6.6,7,No,Low,Tier 1,Yes,Low,Placed,14.49
2674,Male,ECE,0.52,26.2,37.9,0,1.6,46.6,2,0,1,1,0,1,2,7.6,5,No,Medium,Tier 1,Yes,Medium,Not Placed,0.0
2675,Female,ECE,3.37,55.4,48.3,0,4.2,31.0,1,1,0,4,2,0,0,7.3,6,No,High,Tier 1,Yes,Medium,Not Placed,0.0
2676,Male,ECE,7.53,79.2,79.3,2,6.7,96.5,5,3,5,3,5,2,3,6.7,7,Yes,Medium,Tier 3,Yes,Medium,Placed,15.57
2677,Male,IT,2.94,48.0,24.7,0,4.4,36.9,0,1,1,4,1,1,1,5.8,7,No,Medium,Tier 2,No,Medium,Not Placed,0.0
2678,Male,EE,7.63,87.0,86.5,3,7.3,68.0,3,4,4,4,4,4,3,7.5,4,Yes,High,Tier 3,Yes,High,Placed,16.28
2679,Male,CSE,7.45,83.7,66.2,1,6.3,84.6,3,3,5,2,3,5,3,7.0,5,No,Medium,Tier 2,Yes,Medium,Placed,16.32
2680,Male,CSE,2.46,32.7,33.5,2,1.4,56.2,5,0,3,2,0,1,1,6.6,7,No,Low,Tier 2,Yes,Low,Not Placed,0.0
2681,Male,CE,7.29,78.7,85.9,0,8.1,100.0,6,2,5,5,2,6,1,7.1,5,No,Medium,Tier 2,No,High,Placed,16.1
2682,Female,ECE,7.48,72.7,88.1,1,6.0,83.4,2,1,3,3,5,3,2,7.7,4,No,High,Tier 3,Yes,Medium,Placed,14.77
2683,Male,IT,3.97,48.9,45.1,0,4.6,58.3,6,2,4,3,2,2,2,5.0,6,No,Low,Tier 1,Yes,Low,Not Placed,0.0
2684,Male,ECE,2.1,21.2,30.7,2,1.1,49.9,2,1,2,4,3,2,0,6.3,7,No,Low,Tier 2,No,Medium,Not Placed,0.0
2685,Male,CSE,5.21,51.4,52.7,2,5.1,85.3,5,2,5,2,3,2,1,5.8,7,No,Medium,Tier 2,No,Low,Placed,11.97
2686,Male,IT,9.21,90.5,79.7,0,8.0,100.0,5,2,5,4,3,3,2,5.9,8,Yes,High,Tier 1,Yes,Medium,Placed,17.71
2687,Male,IT,6.4,60.0,62.9,0,6.1,71.2,3,2,3,4,4,3,1,6.1,6,No,Medium,Tier 3,No,High,Placed,13.58
2688,Male,CSE,1.73,24.7,15.7,3,5.7,51.9,1,0,1,5,1,1,3,8.3,6,No,Medium,Tier 1,Yes,Medium,Not Placed,0.0
2689,Male,CSE,6.83,71.4,79.5,3,5.6,75.1,1,3,1,5,3,3,0,7.4,8,No,Low,Tier 2,No,Low,Placed,12.02
2690,Male,ME,4.27,55.3,56.1,1,5.3,59.5,3,1,3,3,4,1,2,5.7,4,Yes,Low,Tier 1,Yes,High,Not Placed,0.0
2691,Male,CSE,5.92,74.8,71.0,0,6.2,93.1,4,2,4,4,2,3,1,7.2,7,No,Medium,Tier 2,Yes,High,Placed,14.92
2692,Male,ME,7.34,72.8,67.2,0,6.0,67.9,4,2,4,3,3,2,1,7.5,7,No,Medium,Tier 1,Yes,Low,Placed,15.01
2693,Male,CSE,5.15,72.1,47.2,2,5.9,37.9,1,3,1,3,2,2,1,6.6,7,Yes,Low,Tier 2,Yes,Low,Placed,9.74
2694,Male,ECE,8.14,93.6,83.7,0,7.0,87.6,4,3,3,2,3,3,1,5.5,2,Yes,High,Tier 2,Yes,High,Placed,14.4
2695,Female,CE,7.22,81.4,76.4,0,7.4,92.7,3,3,4,3,3,3,0,5.7,4,No,Medium,Tier 3,Yes,Low,Placed,16.55
2696,Male,IT,6.15,68.8,65.7,0,7.8,74.5,5,2,5,1,2,4,3,5.1,4,No,Low,Tier 3,Yes,Medium,Placed,15.29
2697,Female,ECE,1.51,31.0,27.2,0,2.7,50.1,1,1,1,3,1,0,1,9.6,8,Yes,Low,Tier 2,Yes,High,Not Placed,0.0
2698,Male,IT,8.36,97.9,100.0,0,7.1,94.2,4,2,5,5,5,5,2,4.9,4,No,Low,Tier 3,Yes,Low,Placed,18.59
2699,Female,CSE,9.36,100.0,97.1,0,9.1,92.5,4,3,4,4,4,3,0,5.5,3,No,Medium,Tier 1,Yes,High,Placed,17.55
2700,Female,CSE,1.37,40.0,48.7,0,3.9,49.9,2,0,2,3,0,2,1,7.0,3,Yes,High,Tier 1,Yes,Medium,Not Placed,0.0
2701,Male,EE,4.88,56.9,69.7,1,4.0,70.8,3,3,2,3,3,2,3,4.8,5,No,Medium,Tier 3,Yes,Low,Placed,11.26
2702,Female,IT,2.59,42.6,55.8,3,2.9,27.0,3,0,3,2,1,1,2,5.6,6,No,Medium,Tier 1,Yes,Low,Not Placed,0.0
2703,Male,IT,7.55,92.6,67.7,0,7.5,81.7,5,4,3,2,5,4,1,7.1,9,No,Low,Tier 1,No,Medium,Placed,16.6
2704,Male,ECE,7.22,70.1,81.7,0,6.4,59.4,4,1,5,4,3,5,0,7.2,5,No,Low,Tier 1,Yes,Medium,Placed,16.36
2705,Female,CSE,1.41,23.8,25.0,0,1.5,43.0,0,1,1,1,1,1,1,7.5,4,Yes,Medium,Tier 1,Yes,Medium,Not Placed,0.0
2706,Female,CSE,8.77,89.7,71.5,2,8.2,81.7,4,2,3,1,2,2,0,7.9,9,No,Low,Tier 3,Yes,Medium,Placed,14.9
2707,Male,ECE,1.81,39.4,47.4,1,3.4,58.3,2,1,0,4,0,1,1,7.0,9,No,Low,Tier 3,Yes,Medium,Not Placed,0.0
2708,Male,IT,7.97,91.9,78.8,1,6.7,85.8,4,2,3,3,2,3,1,6.2,2,No,Low,Tier 1,No,Medium,Placed,14.5
2709,Male,ECE,4.57,51.5,44.0,2,4.8,68.1,2,1,3,3,3,4,0,7.5,4,No,Low,Tier 3,Yes,Low,Placed,11.28
2710,Male,ME,3.28,27.8,40.1,0,3.2,52.4,1,1,2,3,2,2,0,8.7,6,Yes,High,Tier 3,Yes,Medium,Not Placed,0.0
2711,Female,CSE,1.58,30.9,22.7,0,1.5,57.1,3,0,1,5,2,1,3,7.7,6,No,Medium,Tier 1,Yes,High,Not Placed,0.0
2712,Male,ECE,1.68,20.1,24.5,0,2.2,25.9,2,1,2,3,2,2,0,6.0,10,No,Medium,Tier 1,Yes,Low,Not Placed,0.0
2713,Male,CSE,6.62,56.4,68.7,2,6.2,64.0,0,1,0,3,4,0,0,7.7,4,No,Medium,Tier 2,Yes,High,Not Placed,0.0
2714,Male,ECE,5.5,49.1,79.3,0,3.9,83.4,4,2,3,5,3,2,0,7.7,3,No,Low,Tier 2,Yes,High,Placed,13.2
2715,Male,CSE,1.22,28.6,21.1,4,1.9,37.1,0,1,0,3,2,1,1,5.5,4,No,High,Tier 2,Yes,Low,Not Placed,0.0
2716,Male,EE,1.13,38.2,43.6,1,2.4,16.0,0,0,0,5,2,0,0,6.7,8,No,Medium,Tier 3,Yes,Medium,Not Placed,0.0
2717,Female,CSE,0.72,21.5,32.2,1,3.2,56.8,3,0,1,0,0,1,1,7.7,5,Yes,Medium,Tier 3,Yes,Medium,Not Placed,0.0
2718,Female,CE,7.44,80.4,81.5,0,6.4,92.6,5,4,4,2,3,2,0,8.4,9,No,Low,Tier 3,No,High,Placed,16.28
2719,Female,ECE,7.12,87.3,82.4,0,5.2,86.3,2,3,3,2,5,4,1,6.2,7,No,Low,Tier 3,Yes,Low,Placed,14.53
2720,Male,EE,0.58,4.5,22.8,1,1.7,39.6,4,0,2,4,0,1,0,5.3,4,No,Low,Tier 1,Yes,Low,Not Placed,0.0
2721,Female,ECE,5.6,67.8,75.7,0,4.9,88.5,2,2,3,5,3,2,2,7.6,7,Yes,Medium,Tier 3,Yes,Medium,Placed,15.18
2722,Female,CE,0.85,22.1,30.5,0,2.6,55.2,2,0,3,2,2,2,3,6.7,8,No,Medium,Tier 3,Yes,Low,Not Placed,0.0
2723,Female,CSE,9.04,97.5,73.7,3,7.5,100.0,4,4,5,4,3,4,1,7.3,8,No,High,Tier 2,Yes,High,Placed,16.2
2724,Male,IT,9.07,87.3,93.5,2,5.1,97.8,5,5,3,5,4,3,2,7.2,3,No,Medium,Tier 3,Yes,High,Placed,16.81
2725,Male,CE,6.98,66.2,81.7,0,10.0,78.4,7,3,5,5,3,3,1,7.2,6,No,Medium,Tier 2,Yes,Low,Placed,17.21
2726,Male,CSE,9.26,95.1,89.2,1,8.1,85.8,4,2,5,3,4,4,1,6.5,3,No,Medium,Tier 3,No,Medium,Placed,18.26
2727,Male,CSE,8.11,100.0,84.1,0,7.3,68.4,7,1,5,4,4,4,3,8.1,5,No,Medium,Tier 2,No,Medium,Placed,16.85
2728,Male,ECE,8.29,94.1,78.2,0,5.8,90.8,2,4,4,3,4,3,3,6.0,5,No,Low,Tier 2,Yes,Medium,Placed,17.21
2729,Male,CE,5.7,58.4,49.8,0,4.0,76.2,4,2,3,2,3,3,1,7.3,6,No,Low,Tier 1,Yes,Medium,Placed,13.32
2730,Male,ECE,3.06,27.6,27.0,1,3.6,49.2,4,1,2,4,3,1,4,7.5,6,No,Medium,Tier 3,Yes,Low,Not Placed,0.0
2731,Female,ECE,2.18,16.7,20.1,0,3.4,55.4,4,2,2,2,2,2,3,6.8,4,No,Low,Tier 1,Yes,Low,Not Placed,0.0
2732,Male,CSE,3.27,56.0,50.9,0,4.5,50.6,3,1,3,3,4,4,1,8.0,8,Yes,High,Tier 2,Yes,High,Not Placed,0.0
2733,Male,CSE,6.28,58.8,43.3,0,6.1,83.1,6,3,5,1,4,4,2,6.4,8,No,High,Tier 1,Yes,Medium,Not Placed,0.0
2734,Female,ME,1.73,26.4,25.2,5,1.5,34.8,0,1,0,1,2,0,1,9.8,6,No,Low,Tier 2,Yes,Low,Not Placed,0.0
2735,Female,CSE,2.59,50.2,31.1,1,0.8,37.9,3,1,3,3,3,3,1,7.3,9,Yes,Medium,Tier 1,Yes,Low,Not Placed,0.0
2736,Female,IT,4.68,38.6,52.6,0,4.7,60.2,2,3,2,3,3,0,1,8.5,5,No,Medium,Tier 1,Yes,High,Not Placed,0.0
2737,Female,CE,2.33,49.7,18.1,0,2.6,58.9,0,1,0,2,2,0,0,8.1,2,Yes,Medium,Tier 3,Yes,Low,Not Placed,0.0
2738,Male,CSE,5.89,62.5,69.2,0,4.4,56.4,5,2,4,4,2,3,0,8.7,4,No,Medium,Tier 2,Yes,Medium,Placed,14.63
2739,Female,IT,9.23,82.0,79.1,0,8.8,100.0,5,3,5,3,4,3,7,7.1,5,No,Low,Tier 2,Yes,High,Placed,15.86
2740,Male,CSE,7.48,76.1,89.2,2,5.2,60.2,6,1,4,4,2,2,1,8.4,7,No,High,Tier 1,Yes,High,Placed,14.83
2741,Male,IT,6.66,64.4,65.1,0,6.8,72.0,4,3,4,4,4,3,2,8.7,4,No,Medium,Tier 3,Yes,Low,Placed,14.43
2742,Male,CSE,5.83,69.0,63.7,5,4.2,53.0,6,3,4,5,3,2,3,7.3,5,No,Low,Tier 2,No,Medium,Not Placed,0.0
2743,Male,IT,4.88,50.0,57.1,0,5.1,33.0,4,2,2,4,3,0,4,6.2,10,No,Low,Tier 2,Yes,Medium,Placed,12.98
2744,Male,CSE,1.87,11.8,35.4,0,3.7,50.6,2,0,2,3,1,2,1,9.2,6,Yes,High,Tier 3,Yes,Medium,Not Placed,0.0
2745,Female,ECE,8.95,88.9,90.0,0,7.4,86.6,5,1,5,3,5,5,0,7.0,9,No,Medium,Tier 2,Yes,Low,Placed,17.77
2746,Female,ECE,2.49,22.6,33.6,0,4.9,33.2,2,0,3,5,4,3,1,7.1,3,No,Medium,Tier 3,Yes,Medium,Not Placed,0.0
2747,Male,CSE,0.91,24.8,28.7,3,4.1,34.3,2,0,1,4,2,0,1,7.3,1,No,High,Tier 1,Yes,High,Not Placed,0.0
2748,Male,IT,7.5,66.9,82.7,1,7.0,85.3,3,1,4,3,5,3,2,6.1,2,No,Medium,Tier 2,Yes,Medium,Placed,14.58
2749,Female,CSE,1.76,25.1,24.4,0,3.3,41.1,3,3,1,3,2,0,1,7.4,8,Yes,Medium,Tier 2,Yes,High,Not Placed,0.0
2750,Female,IT,3.72,48.4,52.0,0,5.2,54.9,1,2,1,2,1,0,0,7.4,5,No,High,Tier 2,Yes,Low,Not Placed,0.0
2751,Male,CSE,0.28,15.3,32.2,0,2.2,31.9,3,1,2,2,2,1,2,7.0,5,No,Medium,Tier 1,Yes,High,Not Placed,0.0
2752,Female,IT,1.37,29.1,36.0,0,2.9,36.2,0,0,0,5,2,0,3,6.9,9,No,Low,Tier 1,Yes,High,Not Placed,0.0
2753,Male,CSE,1.73,36.5,41.2,1,2.2,38.2,2,1,2,4,1,1,0,6.7,8,No,High,Tier 1,Yes,Low,Not Placed,0.0
2754,Male,ECE,0.54,8.0,24.0,1,0.2,30.7,1,0,1,1,1,0,1,6.5,6,No,Low,Tier 2,Yes,Low,Not Placed,0.0
2755,Female,CSE,6.57,70.2,61.2,0,4.7,65.4,3,2,2,3,3,2,4,7.9,8,No,High,Tier 3,Yes,Low,Placed,15.4
2756,Male,IT,8.37,52.8,76.9,0,9.7,73.0,4,4,3,5,4,3,1,7.3,5,No,High,Tier 2,Yes,Low,Placed,17.31
2757,Male,CSE,3.73,49.2,51.0,0,4.4,52.8,2,2,1,2,2,0,0,8.1,6,No,Low,Tier 1,Yes,High,Not Placed,0.0
2758,Female,ME,8.75,86.4,97.4,3,7.4,79.8,5,3,4,2,4,4,0,6.4,3,No,Low,Tier 2,No,Low,Placed,16.19
2759,Female,ME,2.13,23.3,62.9,0,4.3,34.9,4,2,3,3,2,2,1,8.4,4,No,High,Tier 1,Yes,Medium,Not Placed,0.0
2760,Male,CSE,3.25,45.8,53.8,0,3.0,63.7,3,1,2,4,3,1,1,8.1,5,No,Low,Tier 1,Yes,Low,Not Placed,0.0
2761,Male,IT,1.51,39.6,18.4,0,3.1,58.9,1,0,2,2,2,0,1,6.7,5,Yes,High,Tier 2,Yes,Medium,Not Placed,0.0
2762,Male,CSE,6.21,63.0,60.0,0,5.9,72.3,5,2,5,2,2,3,1,6.2,7,No,Medium,Tier 3,Yes,Low,Placed,16.19
2763,Female,ECE,4.2,41.3,74.4,0,4.9,61.0,4,2,4,4,5,3,2,7.7,8,No,Low,Tier 2,Yes,High,Not Placed,0.0
2764,Male,IT,6.13,68.8,64.9,1,5.5,63.5,0,1,3,2,2,3,3,5.1,10,No,Medium,Tier 3,No,Medium,Placed,11.69
2765,Male,IT,7.62,66.4,79.4,4,5.9,93.5,2,3,3,2,3,2,1,6.5,10,No,Low,Tier 3,Yes,Medium,Not Placed,0.0
2766,Female,IT,5.46,54.8,52.1,0,4.5,88.6,5,4,3,3,4,2,2,7.3,8,No,Low,Tier 3,Yes,Low,Placed,13.58
2767,Male,CSE,6.28,80.6,83.9,0,5.1,70.7,3,3,3,4,5,3,4,6.8,3,No,Medium,Tier 2,Yes,Low,Placed,15.48
2768,Male,ECE,9.35,95.1,97.8,1,8.0,84.8,5,4,5,2,5,4,3,5.7,8,No,Low,Tier 3,Yes,Medium,Placed,17.37
2769,Male,CSE,2.99,21.6,34.2,1,2.0,57.0,1,1,3,4,1,1,1,7.1,9,No,Medium,Tier 1,Yes,Medium,Not Placed,0.0
2770,Female,IT,3.59,27.5,36.8,0,2.8,58.1,1,0,2,4,1,1,1,5.8,6,No,Medium,Tier 3,Yes,Medium,Not Placed,0.0
2771,Male,ECE,7.18,77.7,78.5,2,6.7,72.1,5,2,4,2,2,2,0,7.3,2,No,Medium,Tier 2,Yes,High,Placed,14.22
2772,Male,IT,6.11,75.6,67.3,2,5.6,77.3,3,2,3,5,3,2,0,6.5,6,No,Medium,Tier 2,Yes,Low,Placed,12.92
2773,Female,CSE,1.79,14.0,40.6,0,2.9,57.0,0,0,1,5,2,0,2,6.8,7,Yes,Low,Tier 3,Yes,Medium,Not Placed,0.0
2774,Male,CSE,3.76,51.5,53.5,0,4.1,48.1,4,0,3,3,1,1,1,6.0,6,No,Medium,Tier 3,Yes,Low,Not Placed,0.0
2775,Male,CSE,4.68,68.1,52.8,1,7.3,93.6,2,1,2,3,3,3,3,7.9,5,Yes,Medium,Tier 1,Yes,Low,Placed,10.39
2776,Male,CSE,4.19,69.5,46.1,1,4.6,41.7,3,2,4,2,1,3,1,6.8,5,Yes,Low,Tier 2,No,High,Not Placed,0.0
2777,Male,CSE,1.78,33.4,30.6,0,2.4,35.5,1,1,1,5,1,1,2,6.1,8,No,Low,Tier 2,Yes,Medium,Not Placed,0.0
2778,Male,ME,9.24,98.6,86.4,0,8.1,93.2,4,2,5,3,5,4,0,6.9,6,Yes,Medium,Tier 2,Yes,Medium,Placed,18.34
2779,Male,ME,7.62,58.4,77.7,0,7.9,100.0,2,2,3,1,3,3,2,9.1,8,No,Low,Tier 1,Yes,Low,Placed,14.75
2780,Male,ECE,4.81,76.9,56.6,1,4.8,57.1,2,2,2,1,4,2,0,7.4,8,Yes,Low,Tier 1,Yes,High,Not Placed,0.0
2781,Male,ECE,6.8,67.0,63.4,0,6.9,63.0,2,1,2,3,3,3,4,8.3,5,No,Medium,Tier 1,Yes,Low,Placed,13.63
2782,Female,CSE,8.97,81.9,96.1,0,8.2,95.4,3,2,5,3,5,1,1,5.1,7,No,Medium,Tier 1,Yes,Low,Placed,18.65
2783,Female,ME,1.36,24.0,25.2,1,2.2,40.2,2,1,1,2,4,1,3,6.8,9,No,Medium,Tier 1,Yes,Low,Not Placed,0.0
2784,Female,CSE,2.5,51.4,29.6,0,3.4,58.0,4,0,3,1,1,3,0,5.8,6,No,Medium,Tier 1,Yes,Low,Not Placed,0.0
2785,Female,CE,5.43,83.2,57.9,1,6.9,66.7,3,2,3,1,5,3,1,6.4,7,No,High,Tier 3,Yes,Medium,Placed,12.13
2786,Male,ECE,7.99,84.2,84.3,0,7.3,72.7,5,5,4,2,4,2,2,6.1,2,Yes,Medium,Tier 1,Yes,Low,Placed,16.26
2787,Female,CSE,0.36,28.0,21.7,0,0.8,65.3,0,0,0,3,0,0,1,8.5,5,Yes,High,Tier 1,Yes,Medium,Not Placed,0.0
2788,Male,CE,9.84,99.1,100.0,0,8.1,58.6,3,4,5,4,4,3,1,7.9,5,No,High,Tier 2,Yes,Medium,Placed,19.97
2789,Female,CSE,4.55,43.3,63.4,4,2.6,84.1,3,2,2,3,2,2,1,6.1,3,No,Medium,Tier 2,Yes,Medium,Not Placed,0.0
2790,Female,ECE,3.59,60.3,59.8,1,4.2,67.7,1,0,1,4,4,2,0,6.4,6,Yes,Low,Tier 2,Yes,Medium,Not Placed,0.0
2791,Female,ECE,2.93,33.7,44.3,0,4.9,43.6,2,2,2,4,3,0,2,7.4,9,No,High,Tier 2,Yes,Low,Not Placed,0.0
2792,Female,CSE,1.74,45.1,21.2,4,1.4,67.9,0,1,0,4,3,0,5,8.1,6,No,Low,Tier 2,Yes,Medium,Not Placed,0.0
2793,Male,ECE,7.92,95.3,78.7,1,7.2,66.1,2,4,2,4,2,1,3,8.2,8,Yes,Medium,Tier 1,Yes,High,Placed,15.34
2794,Male,IT,9.55,100.0,84.4,0,9.2,100.0,5,4,5,1,5,5,2,7.8,7,No,Medium,Tier 2,No,Low,Placed,17.48
2795,Male,IT,4.14,68.5,68.1,0,5.5,34.8,2,2,2,2,1,2,3,9.2,9,Yes,Low,Tier 2,Yes,Medium,Not Placed,0.0
2796,Male,CSE,9.52,100.0,100.0,0,9.4,78.4,4,3,3,5,5,2,1,7.5,5,Yes,Medium,Tier 3,Yes,High,Placed,19.07
2797,Male,CE,8.24,83.3,90.4,0,5.4,70.7,4,4,3,1,3,2,0,6.5,4,No,Medium,Tier 1,Yes,Low,Placed,15.58
2798,Female,CSE,4.81,47.8,65.1,0,5.4,54.9,3,1,2,3,3,3,1,6.0,7,No,Medium,Tier 3,Yes,Low,Not Placed,0.0
2799,Female,CSE,6.74,53.6,74.4,0,4.7,75.6,7,1,5,4,3,4,0,5.7,2,No,Low,Tier 3,Yes,Low,Placed,15.24
2800,Male,CSE,4.35,74.4,56.5,0,3.5,51.2,0,0,1,1,1,0,1,5.5,7,No,Low,Tier 2,Yes,Medium,Not Placed,0.0
2801,Female,CSE,5.59,58.1,46.7,0,6.2,44.1,4,1,2,2,4,3,1,7.8,1,No,Medium,Tier 2,Yes,Low,Placed,13.39
2802,Female,CSE,0.58,31.3,21.9,0,2.1,44.0,3,1,2,5,2,2,2,8.9,4,No,Low,Tier 2,Yes,Low,Not Placed,0.0
2803,Female,EE,6.96,66.7,64.9,0,7.1,77.3,4,2,3,3,4,2,1,7.1,6,No,Medium,Tier 1,Yes,Medium,Placed,15.7
2804,Female,CSE,0.53,34.9,25.1,0,0.9,43.1,2,0,1,2,0,2,2,9.2,3,No,Low,Tier 3,Yes,Low,Not Placed,0.0
2805,Male,CSE,8.17,77.4,82.8,0,8.7,86.1,4,2,4,3,5,2,0,7.0,5,No,Low,Tier 1,Yes,Low,Placed,17.7
2806,Female,CSE,8.25,73.2,100.0,3,8.0,96.0,6,3,5,2,3,3,5,7.7,3,No,Medium,Tier 1,Yes,Low,Placed,14.79
2807,Female,IT,2.37,33.1,46.1,0,4.0,48.3,0,1,0,5,2,0,2,5.1,7,No,Low,Tier 2,No,Medium,Not Placed,0.0
2808,Male,ME,3.24,37.2,46.8,0,2.7,66.6,1,1,2,2,2,2,1,8.0,8,No,Low,Tier 3,Yes,High,Not Placed,0.0
2809,Male,CSE,4.81,61.8,53.8,0,6.0,54.6,5,1,4,2,2,3,1,6.2,6,Yes,Low,Tier 1,Yes,High,Placed,12.71
2810,Female,CSE,5.97,65.2,82.5,0,5.4,62.2,3,2,3,1,4,3,2,8.0,10,No,Medium,Tier 3,Yes,Low,Placed,13.91
2811,Male,CSE,2.87,45.7,40.7,1,2.9,68.7,1,1,1,3,1,1,1,8.5,5,Yes,Medium,Tier 2,Yes,Medium,Not Placed,0.0
2812,Female,CSE,5.92,62.4,68.7,0,6.3,86.8,3,1,4,3,3,4,1,7.4,3,No,Low,Tier 1,Yes,High,Not Placed,0.0
2813,Female,CSE,2.98,33.7,42.3,0,4.2,59.8,4,1,3,4,3,4,1,7.5,3,No,Low,Tier 2,Yes,Medium,Not Placed,0.0
2814,Male,ECE,0.55,13.8,18.4,0,1.0,27.6,0,0,0,2,3,1,2,7.1,5,No,High,Tier 1,Yes,Medium,Not Placed,0.0
2815,Male,CSE,0.03,35.7,18.6,0,3.6,23.5,2,1,2,4,1,1,2,7.8,6,No,Low,Tier 1,Yes,Medium,Not Placed,0.0
2816,Female,ECE,1.01,25.8,6.5,0,4.0,57.0,1,1,1,3,2,1,2,9.2,10,Yes,Medium,Tier 1,Yes,Medium,Not Placed,0.0
2817,Male,CSE,7.92,62.5,65.9,0,7.6,97.8,3,3,4,1,3,1,0,7.0,3,No,High,Tier 2,Yes,Medium,Placed,15.59
2818,Male,CE,9.61,91.5,98.4,0,8.7,91.9,5,3,5,2,5,4,2,7.2,4,No,Medium,Tier 1,Yes,Low,Placed,19.51
2819,Male,CE,4.27,52.3,67.8,1,4.8,88.7,4,2,3,2,2,2,2,4.9,6,No,Medium,Tier 3,Yes,Low,Not Placed,0.0
2820,Male,ECE,5.13,77.1,62.5,0,3.5,71.3,3,1,3,5,3,2,2,7.5,6,No,High,Tier 1,Yes,Low,Placed,15.32
2821,Female,ECE,1.47,37.8,22.6,0,2.6,30.5,1,1,1,4,2,1,3,6.1,4,No,Low,Tier 3,No,High,Not Placed,0.0
2822,Male,ECE,5.51,52.6,47.7,0,5.5,64.8,5,1,5,3,2,2,0,6.8,5,No,Low,Tier 2,Yes,High,Placed,15.14
2823,Female,ECE,1.45,51.5,37.4,4,1.9,43.8,1,0,1,0,3,1,4,7.6,3,No,Medium,Tier 2,Yes,High,Not Placed,0.0
2824,Male,IT,6.11,66.6,61.2,0,5.5,72.7,5,2,4,1,2,3,3,5.1,5,No,Medium,Tier 2,Yes,Low,Placed,14.76
2825,Male,ECE,9.33,100.0,99.1,0,5.6,100.0,4,3,5,4,5,2,3,7.6,3,No,High,Tier 2,Yes,High,Placed,20.1
2826,Female,ME,1.96,20.1,37.6,0,1.8,35.3,2,1,2,4,3,3,3,7.3,8,No,Low,Tier 2,Yes,Low,Not Placed,0.0
2827,Female,CE,7.65,56.0,84.0,0,7.8,64.9,4,2,5,2,4,4,2,7.8,7,No,High,Tier 1,Yes,High,Placed,16.14
2828,Male,CSE,0.24,3.0,20.3,0,3.4,43.7,2,3,1,3,2,2,1,6.2,5,Yes,High,Tier 2,Yes,Low,Not Placed,0.0
2829,Male,ECE,3.75,14.4,51.8,3,3.2,51.4,2,1,2,3,5,2,1,8.3,6,No,Low,Tier 2,Yes,Medium,Not Placed,0.0
2830,Male,CSE,1.11,45.6,25.7,0,2.5,70.7,4,0,3,3,2,3,3,7.4,6,No,Low,Tier 2,Yes,Medium,Not Placed,0.0
2831,Male,CSE,3.52,47.1,39.8,2,5.1,67.4,3,1,2,3,2,3,1,6.1,5,No,High,Tier 3,Yes,Low,Not Placed,0.0
2832,Female,ECE,1.74,20.5,22.3,0,2.2,39.1,2,1,2,4,2,3,4,5.4,2,No,High,Tier 1,Yes,Low,Not Placed,0.0
2833,Male,CSE,3.73,51.2,24.0,2,4.8,71.9,3,1,2,4,4,4,1,6.4,5,No,Low,Tier 1,Yes,Medium,Not Placed,0.0
2834,Male,ME,4.18,52.4,49.6,0,4.4,68.8,4,1,3,2,5,2,2,8.0,6,No,Low,Tier 3,Yes,Medium,Not Placed,0.0
2835,Male,CSE,3.01,46.8,57.3,0,4.8,60.7,2,0,3,2,2,2,0,7.5,7,Yes,Medium,Tier 3,Yes,High,Not Placed,0.0
2836,Female,ECE,6.57,82.9,77.9,3,4.8,73.0,4,3,3,2,2,1,3,4.4,6,No,Low,Tier 3,Yes,Medium,Placed,12.8
2837,Female,IT,9.19,90.2,93.8,0,6.8,95.2,3,3,3,3,5,1,1,6.6,4,No,Medium,Tier 1,Yes,Low,Placed,17.09
2838,Male,IT,4.01,40.3,42.7,3,4.6,33.8,2,2,1,3,1,2,3,7.2,7,No,Low,Tier 3,Yes,Medium,Not Placed,0.0
2839,Female,ECE,1.92,39.6,43.3,0,2.9,62.3,0,1,0,4,2,3,1,9.3,6,No,Low,Tier 2,Yes,High,Not Placed,0.0
2840,Male,ME,2.71,46.1,38.5,5,3.3,10.0,1,1,2,4,2,3,2,8.5,3,No,Medium,Tier 2,No,Medium,Not Placed,0.0
2841,Male,ECE,8.54,88.6,100.0,0,8.1,80.9,1,3,2,3,4,1,2,6.8,2,No,Medium,Tier 1,Yes,Medium,Placed,14.89
2842,Female,ECE,5.72,85.4,53.9,1,4.6,50.2,0,2,3,3,3,3,1,7.2,4,No,Medium,Tier 1,Yes,High,Placed,10.5
2843,Female,CSE,4.55,49.3,46.9,0,3.3,56.3,2,2,3,5,1,2,2,5.4,9,No,Medium,Tier 1,Yes,Medium,Placed,12.91
2844,Female,ECE,1.5,18.8,21.5,0,2.0,43.1,5,1,2,3,1,1,2,4.0,7,No,Low,Tier 2,Yes,Low,Not Placed,0.0
2845,Male,ME,4.5,57.4,39.2,1,4.3,47.6,4,1,3,4,4,1,4,6.5,8,No,Medium,Tier 2,Yes,Low,Not Placed,0.0
2846,Male,IT,2.78,31.9,30.9,1,3.2,18.4,4,1,3,3,0,1,3,8.2,5,No,High,Tier 1,Yes,Low,Not Placed,0.0
2847,Female,ME,9.43,100.0,94.5,0,9.4,94.1,6,4,5,3,4,4,0,7.2,5,Yes,Medium,Tier 2,Yes,Medium,Placed,18.67
2848,Male,ECE,8.84,81.8,81.6,0,8.5,100.0,4,4,4,3,4,4,1,6.1,1,No,High,Tier 2,Yes,Medium,Placed,17.28
2849,Male,CSE,0.84,18.1,0.0,0,2.6,35.8,1,0,1,5,0,2,1,8.1,2,No,Medium,Tier 2,Yes,Medium,Not Placed,0.0
2850,Male,CSE,5.17,77.9,70.1,0,5.3,77.5,2,1,2,3,5,3,1,9.2,6,No,High,Tier 3,Yes,Medium,Placed,11.83
2851,Female,CSE,2.25,30.1,19.2,0,2.6,66.6,2,0,2,3,1,2,2,5.2,6,No,Medium,Tier 2,Yes,Medium,Not Placed,0.0
2852,Male,IT,4.11,41.9,56.8,2,3.5,36.9,1,2,1,2,3,1,1,6.9,1,No,Medium,Tier 1,Yes,High,Not Placed,0.0
2853,Male,IT,8.77,100.0,88.5,0,6.4,82.1,5,1,5,4,4,3,3,6.4,6,No,Low,Tier 1,Yes,Low,Placed,17.73
2854,Female,CSE,5.28,49.4,81.4,0,4.5,51.4,2,3,2,2,2,2,1,7.1,8,Yes,Medium,Tier 1,Yes,Medium,Placed,13.1
2855,Male,ECE,3.34,36.5,54.7,4,3.8,45.4,4,2,2,3,2,0,0,6.5,6,No,Low,Tier 2,Yes,High,Not Placed,0.0
2856,Male,ECE,2.08,38.4,29.6,0,1.8,67.9,3,0,2,3,1,1,4,10.0,4,No,Low,Tier 3,Yes,Low,Not Placed,0.0
2857,Male,ECE,8.0,92.4,75.0,0,7.3,85.7,4,4,5,2,4,3,3,6.9,1,No,Medium,Tier 3,Yes,Low,Placed,16.47
2858,Male,CSE,6.25,80.3,83.0,1,5.7,82.0,2,3,2,1,2,3,2,7.4,6,No,Medium,Tier 1,No,High,Placed,13.7
2859,Male,CSE,4.68,47.3,40.7,1,4.4,62.6,1,2,2,2,2,0,2,7.2,4,No,Medium,Tier 2,Yes,High,Placed,11.25
2860,Male,CSE,2.17,39.4,37.3,1,4.2,33.5,0,1,2,2,3,3,1,5.5,7,No,Medium,Tier 3,Yes,Medium,Not Placed,0.0
2861,Female,CSE,3.34,38.7,43.4,1,1.4,63.2,4,2,4,2,2,3,1,7.2,7,No,High,Tier 3,Yes,Medium,Not Placed,0.0
2862,Male,CSE,9.6,90.5,91.4,0,7.8,100.0,6,2,5,4,4,4,3,5.2,7,No,High,Tier 3,Yes,Medium,Placed,18.46
2863,Female,CSE,5.2,71.2,63.1,0,2.8,70.0,2,2,2,5,2,1,1,9.2,6,No,High,Tier 1,Yes,Medium,Placed,11.6
2864,Male,IT,4.01,43.6,52.0,1,4.5,64.9,5,1,4,2,4,2,2,8.1,5,No,High,Tier 3,Yes,High,Not Placed,0.0
2865,Male,CSE,5.21,62.1,64.3,0,5.9,51.4,4,2,4,3,3,4,2,6.3,7,No,Medium,Tier 3,Yes,Low,Placed,14.31
2866,Male,EE,7.79,82.8,81.7,0,5.6,90.2,4,2,5,2,2,5,3,6.8,3,Yes,Medium,Tier 2,Yes,Low,Placed,16.55
2867,Male,CSE,3.4,33.2,49.4,2,2.7,71.6,1,1,1,4,2,1,2,8.2,8,No,Low,Tier 3,Yes,High,Not Placed,0.0
2868,Female,CSE,1.79,39.9,33.3,1,1.1,50.6,4,2,2,4,1,1,0,7.3,4,No,High,Tier 2,Yes,Medium,Not Placed,0.0
2869,Male,ECE,5.85,70.3,58.2,0,5.7,48.5,3,1,2,3,4,0,2,5.0,9,No,Low,Tier 2,Yes,Low,Placed,12.35
2870,Male,CSE,6.65,51.7,71.2,3,5.8,94.5,1,3,2,2,4,1,2,7.2,5,Yes,High,Tier 2,Yes,High,Placed,11.65
2871,Female,ME,7.13,78.4,67.9,1,6.2,66.4,4,1,4,2,4,3,3,8.3,6,No,Low,Tier 1,Yes,Low,Placed,15.3
2872,Female,CSE,8.82,82.2,80.8,4,7.3,92.6,6,4,5,3,4,3,1,4.2,6,No,Medium,Tier 1,Yes,Medium,Not Placed,0.0
2873,Female,CE,3.71,57.5,44.3,3,3.1,68.7,3,2,2,3,2,1,2,7.2,2,No,Low,Tier 3,Yes,Medium,Not Placed,0.0
2874,Male,ME,0.75,6.9,22.8,0,3.2,52.5,4,0,3,3,2,1,2,6.0,7,No,Medium,Tier 1,Yes,High,Not Placed,0.0
2875,Female,ECE,9.58,92.9,95.0,1,8.5,70.9,3,3,4,4,5,4,0,8.5,4,No,Medium,Tier 2,Yes,Low,Placed,17.06
2876,Male,ECE,4.35,55.6,62.0,1,3.4,62.5,2,1,2,2,1,2,0,6.5,5,No,High,Tier 3,Yes,Medium,Not Placed,0.0
2877,Male,IT,6.23,68.5,62.9,2,5.2,73.0,3,2,3,3,3,3,1,6.3,6,No,High,Tier 3,Yes,High,Placed,14.24
2878,Male,ECE,6.66,79.2,73.2,1,5.3,92.2,4,1,3,3,5,0,5,8.0,3,No,Medium,Tier 3,Yes,Medium,Placed,13.93
2879,Male,IT,5.47,46.3,62.9,0,6.7,73.3,3,3,4,2,2,4,1,5.9,4,No,Medium,Tier 2,Yes,Low,Not Placed,0.0
2880,Male,CSE,2.05,48.9,28.3,0,3.6,64.7,1,0,1,2,2,2,0,7.1,8,No,High,Tier 1,Yes,Medium,Not Placed,0.0
2881,Male,CSE,7.55,84.4,79.1,0,6.7,86.8,3,2,3,4,5,4,1,7.3,3,No,High,Tier 3,No,High,Placed,16.48
2882,Female,ECE,8.04,96.9,92.3,2,8.8,82.4,2,2,3,2,4,2,1,6.8,7,Yes,Low,Tier 2,Yes,High,Placed,14.81
2883,Male,ECE,5.53,70.7,64.1,2,6.8,70.5,5,2,5,5,1,4,0,5.4,5,No,High,Tier 3,Yes,Medium,Placed,15.74
2884,Male,ME,4.89,56.4,59.4,0,4.7,82.6,0,1,2,4,3,2,0,6.0,7,No,Low,Tier 1,Yes,Low,Placed,10.88
2885,Male,CSE,1.14,11.8,20.1,0,1.9,26.3,2,0,0,3,3,0,3,6.8,7,No,High,Tier 1,Yes,Low,Not Placed,0.0
2886,Female,ME,0.84,16.5,44.4,2,1.7,50.9,0,0,1,3,2,0,1,4.7,4,No,Low,Tier 1,Yes,Low,Not Placed,0.0
2887,Male,CSE,3.4,59.8,38.7,0,2.9,47.9,4,0,3,4,1,3,0,7.1,7,Yes,Low,Tier 1,Yes,Low,Not Placed,0.0
2888,Male,ECE,3.11,55.3,26.2,0,5.4,43.6,3,1,3,3,3,2,1,6.7,4,No,Medium,Tier 3,Yes,Low,Not Placed,0.0
2889,Female,CSE,9.54,89.9,100.0,0,7.2,100.0,3,2,4,3,4,4,1,7.7,9,No,High,Tier 2,Yes,Low,Placed,17.41
2890,Female,ECE,7.84,53.5,79.6,3,7.9,71.4,4,1,4,5,5,3,1,7.8,6,Yes,Low,Tier 2,Yes,Low,Placed,15.27
2891,Male,CSE,6.6,69.0,67.8,1,6.8,79.1,3,3,2,2,3,0,0,5.7,5,No,Low,Tier 1,Yes,Medium,Placed,14.5
2892,Female,ECE,5.18,56.2,54.0,0,4.8,60.2,4,1,3,3,3,1,3,6.4,5,No,Medium,Tier 1,Yes,Low,Placed,11.87
2893,Female,ME,1.67,26.7,50.1,0,4.5,16.7,4,2,3,2,3,2,3,5.9,5,No,High,Tier 3,Yes,High,Not Placed,0.0
2894,Female,ECE,9.78,100.0,99.8,0,6.8,99.4,3,4,4,3,2,4,1,6.4,5,No,Medium,Tier 1,Yes,Medium,Placed,20.08
2895,Male,ECE,3.75,55.6,53.5,2,4.0,59.0,3,2,3,4,3,2,2,6.7,7,Yes,Medium,Tier 2,No,Medium,Not Placed,0.0
2896,Female,ME,1.07,34.0,28.2,1,1.8,18.5,0,0,1,5,3,1,0,8.3,5,No,Low,Tier 3,Yes,High,Not Placed,0.0
2897,Male,IT,4.94,61.4,60.2,0,5.9,56.3,2,3,2,2,1,0,1,6.3,4,No,Medium,Tier 1,Yes,Medium,Not Placed,0.0
2898,Male,ECE,8.74,71.3,100.0,0,8.0,65.8,5,1,5,1,3,4,5,8.1,8,No,Low,Tier 3,Yes,High,Placed,16.98
2899,Male,CSE,8.87,87.0,86.5,3,6.0,97.0,5,2,5,3,4,4,1,7.3,8,No,Medium,Tier 2,Yes,High,Placed,17.14
2900,Male,ME,0.11,39.0,4.3,0,2.8,52.3,0,1,1,2,0,2,1,8.7,4,Yes,Low,Tier 2,Yes,High,Not Placed,0.0
2901,Male,ECE,8.86,94.1,97.6,0,8.2,98.4,4,3,4,3,3,3,1,6.6,5,No,Low,Tier 1,No,High,Placed,17.68
2902,Female,CSE,2.71,41.7,44.6,2,2.4,63.1,4,0,2,4,2,2,1,6.0,8,No,Low,Tier 2,Yes,High,Not Placed,0.0
2903,Male,CSE,0.39,21.9,22.2,5,1.4,31.1,4,0,3,5,2,4,3,7.2,6,Yes,High,Tier 1,Yes,Medium,Not Placed,0.0
2904,Male,ME,8.48,91.2,90.5,1,6.1,92.4,4,3,4,2,5,3,1,5.1,9,No,High,Tier 3,Yes,Low,Placed,17.1
2905,Male,CSE,8.64,64.6,83.4,0,7.4,86.7,3,3,3,0,5,4,2,7.2,7,No,Low,Tier 2,Yes,High,Placed,15.01
2906,Male,EE,5.96,63.3,65.9,0,5.8,73.0,4,2,3,3,4,2,0,7.7,6,Yes,High,Tier 3,Yes,High,Placed,13.98
2907,Female,CSE,5.74,63.4,62.6,0,5.2,80.9,2,3,3,3,5,2,1,8.3,5,No,High,Tier 2,Yes,Medium,Placed,15.04
2908,Male,IT,8.13,96.9,77.1,0,6.7,97.9,4,2,5,2,5,4,1,7.5,4,Yes,Low,Tier 3,Yes,Medium,Placed,17.21
2909,Male,ECE,7.86,82.3,92.8,0,5.4,77.5,4,4,5,3,4,3,2,6.8,3,Yes,Medium,Tier 3,Yes,High,Placed,18.26
2910,Male,ECE,8.9,74.2,75.1,0,8.1,71.5,4,3,5,3,5,3,0,9.3,5,No,Low,Tier 2,Yes,Medium,Placed,18.4
2911,Male,ME,5.53,66.3,85.8,2,3.4,65.9,5,3,3,3,3,2,0,7.0,8,No,Medium,Tier 3,Yes,Medium,Placed,13.56
2912,Male,ECE,9.68,89.2,100.0,0,8.3,90.4,5,2,5,4,4,3,1,5.7,3,Yes,Low,Tier 2,Yes,High,Placed,18.03
2913,Female,ECE,9.96,87.5,79.9,0,6.7,98.2,4,4,5,3,4,4,2,7.0,5,No,High,Tier 1,Yes,Medium,Placed,18.25
2914,Female,CSE,1.17,16.6,25.1,0,2.4,52.0,1,1,1,4,2,0,6,5.4,2,Yes,High,Tier 3,Yes,High,Not Placed,0.0
2915,Male,CSE,8.5,92.7,84.3,0,7.4,63.0,3,2,5,1,5,4,3,5.5,8,No,Low,Tier 3,No,High,Placed,16.93
2916,Female,CSE,5.0,70.1,61.9,0,5.4,56.9,2,2,3,2,3,2,1,7.3,4,No,Medium,Tier 3,Yes,Low,Placed,12.79
2917,Female,IT,3.88,52.8,39.1,2,5.1,46.7,2,0,3,3,2,4,1,5.4,10,No,Low,Tier 1,Yes,High,Not Placed,0.0
2918,Female,CSE,6.13,73.4,67.4,0,6.8,86.8,4,2,5,2,3,3,1,6.3,6,Yes,Low,Tier 3,Yes,High,Placed,16.02
2919,Male,CSE,0.56,24.5,21.3,1,0.3,35.9,4,1,2,3,0,3,3,5.6,9,No,Low,Tier 1,Yes,Medium,Not Placed,0.0
2920,Male,ECE,5.06,59.0,51.1,0,5.0,59.2,4,2,3,3,3,1,0,7.2,2,No,Medium,Tier 1,Yes,Low,Placed,13.66
2921,Male,IT,8.71,96.0,78.9,0,9.6,93.7,3,3,4,2,4,3,3,6.1,1,Yes,High,Tier 1,Yes,Low,Placed,17.39
2922,Female,IT,2.13,8.9,44.2,0,3.1,40.7,1,2,2,4,1,2,0,7.6,5,No,High,Tier 2,Yes,Low,Not Placed,0.0
2923,Female,CSE,4.26,52.3,35.1,0,3.7,60.4,0,0,1,3,3,2,0,7.5,6,Yes,Medium,Tier 2,Yes,Low,Not Placed,0.0
2924,Male,CSE,9.39,84.4,97.9,2,8.0,100.0,5,3,5,2,5,3,0,5.4,7,No,Low,Tier 1,No,High,Placed,17.89
2925,Male,CE,4.29,63.1,60.3,2,4.1,82.2,1,1,0,2,1,0,1,8.1,9,Yes,Medium,Tier 1,Yes,Medium,Not Placed,0.0
2926,Female,CSE,3.58,44.0,44.5,0,2.8,51.6,4,1,3,4,2,2,0,6.8,5,No,Medium,Tier 2,Yes,Low,Not Placed,0.0
2927,Female,ME,4.41,52.8,53.8,0,5.5,59.3,2,3,3,3,4,3,1,5.5,5,Yes,Low,Tier 1,Yes,Low,Not Placed,0.0
2928,Female,ME,5.19,44.1,71.2,0,5.7,58.7,3,1,3,4,2,2,1,7.4,5,No,High,Tier 2,Yes,Low,Placed,13.29
2929,Female,IT,6.32,78.9,61.5,5,4.6,49.8,3,1,3,4,3,2,1,9.1,6,No,Medium,Tier 2,Yes,Medium,Not Placed,0.0
2930,Male,CSE,8.01,89.4,76.1,0,7.0,95.5,5,1,4,3,4,4,0,6.8,3,No,Low,Tier 2,Yes,Medium,Placed,16.43
2931,Male,ME,4.52,59.0,49.2,1,4.1,91.2,2,2,1,5,3,1,0,5.0,2,No,Low,Tier 3,Yes,Low,Placed,11.6
2932,Female,IT,8.17,76.3,95.0,0,5.6,78.7,4,2,5,5,5,4,0,8.1,6,No,Medium,Tier 2,Yes,Low,Placed,18.58
2933,Male,ECE,5.34,52.7,73.6,0,3.8,57.2,1,2,3,1,4,5,1,8.9,3,No,Medium,Tier 1,Yes,Low,Placed,13.06
2934,Male,CSE,3.38,46.0,31.1,0,2.6,52.0,4,1,4,3,3,1,1,5.7,8,No,Medium,Tier 1,Yes,Medium,Not Placed,0.0
2935,Female,CSE,6.58,64.0,80.7,0,6.0,75.5,3,3,4,2,3,2,1,6.0,1,Yes,High,Tier 2,Yes,Medium,Placed,15.1
2936,Male,CSE,7.18,80.4,83.6,0,6.1,64.5,3,4,4,3,4,2,0,7.0,4,Yes,Low,Tier 1,Yes,Medium,Placed,16.39
2937,Female,ECE,5.58,40.8,78.2,0,4.4,63.0,2,0,3,2,4,1,4,4.7,3,No,Low,Tier 2,Yes,Medium,Placed,11.21
2938,Male,ECE,0.57,15.0,26.4,0,1.5,50.6,1,0,0,2,1,2,5,9.5,4,No,Medium,Tier 3,Yes,High,Not Placed,0.0
2939,Female,ECE,1.7,47.4,31.2,0,3.4,46.7,0,0,1,4,1,0,5,6.9,4,Yes,Medium,Tier 2,Yes,Medium,Not Placed,0.0
2940,Male,ECE,2.85,43.6,52.3,0,3.9,67.3,4,1,2,2,2,2,0,7.0,8,No,Medium,Tier 2,Yes,Medium,Not Placed,0.0
2941,Male,ECE,2.83,40.7,47.6,0,4.5,56.4,2,1,2,3,1,0,0,7.4,10,No,Medium,Tier 2,Yes,Medium,Not Placed,0.0
2942,Female,IT,6.73,92.1,94.3,0,6.0,62.3,4,1,3,1,3,2,0,6.7,3,No,High,Tier 3,Yes,Medium,Placed,14.05
2943,Male,CE,0.18,0.0,29.0,0,3.2,29.2,1,1,1,5,1,1,2,6.4,4,No,Medium,Tier 2,Yes,Low,Not Placed,0.0
2944,Female,CSE,7.56,71.1,80.0,0,7.1,83.3,3,2,4,3,3,4,1,5.9,5,No,High,Tier 1,Yes,High,Placed,16.17
2945,Female,ECE,2.65,33.5,27.5,0,2.9,37.4,4,2,4,4,2,3,0,5.6,3,No,High,Tier 3,Yes,Medium,Not Placed,0.0
2946,Male,CSE,3.1,49.9,37.0,0,3.8,38.6,1,1,2,3,1,1,1,7.5,7,Yes,Medium,Tier 3,Yes,Medium,Not Placed,0.0
2947,Male,IT,5.28,68.6,45.9,1,3.9,52.4,2,0,2,3,3,0,1,8.6,3,Yes,Medium,Tier 1,Yes,Low,Placed,9.88
2948,Male,IT,2.16,24.7,33.1,0,2.7,54.1,2,1,2,3,0,4,1,8.1,7,No,Medium,Tier 1,Yes,Low,Not Placed,0.0
2949,Male,CE,8.84,100.0,98.0,3,8.1,83.6,4,2,5,5,3,4,1,6.7,6,No,High,Tier 2,Yes,High,Placed,17.53
2950,Female,CSE,0.85,18.2,24.8,0,2.7,54.3,3,0,3,2,1,3,1,6.8,7,No,High,Tier 2,Yes,Low,Not Placed,0.0
2951,Female,EE,4.44,64.9,63.7,3,4.2,50.9,6,1,5,0,4,5,1,8.9,5,No,Medium,Tier 1,Yes,Low,Not Placed,0.0
2952,Female,CSE,8.49,76.8,89.3,2,10.0,56.5,4,3,4,2,5,3,1,6.0,7,Yes,High,Tier 1,Yes,Medium,Placed,16.16
2953,Female,IT,6.16,66.1,63.2,1,5.6,70.4,3,1,4,2,3,3,1,5.0,7,No,Medium,Tier 3,Yes,Low,Placed,13.89
2954,Male,CSE,2.92,34.9,42.2,3,1.9,72.3,2,1,1,4,2,2,1,7.3,5,No,Medium,Tier 3,Yes,Low,Not Placed,0.0
2955,Female,ME,4.21,61.3,56.4,0,5.7,60.7,3,1,2,3,2,0,0,8.0,7,No,High,Tier 1,Yes,High,Not Placed,0.0
2956,Female,ECE,7.07,69.9,76.0,0,7.1,61.0,3,2,3,4,5,3,2,4.0,8,No,Low,Tier 3,No,Medium,Placed,15.66
2957,Female,IT,9.73,97.3,97.3,0,8.5,73.9,6,2,5,3,3,6,1,7.5,2,No,Medium,Tier 2,Yes,Medium,Placed,18.57
2958,Female,ME,8.93,96.0,81.7,0,7.3,100.0,4,3,4,3,3,5,1,5.6,1,No,Medium,Tier 1,No,Medium,Placed,17.1
2959,Male,CSE,3.42,49.5,41.0,0,4.3,45.8,4,2,2,3,3,3,3,5.3,8,No,Low,Tier 2,Yes,Medium,Not Placed,0.0
2960,Female,CSE,9.98,100.0,100.0,0,10.0,100.0,3,2,4,5,4,5,1,6.7,7,Yes,Medium,Tier 3,Yes,Medium,Placed,18.05
2961,Male,ME,0.04,17.5,30.6,0,1.7,43.1,3,0,2,3,3,0,0,5.6,8,No,Medium,Tier 1,Yes,Medium,Not Placed,0.0
2962,Male,CSE,0.28,13.2,5.5,0,0.2,27.4,0,1,0,4,2,0,3,4.9,5,No,Medium,Tier 1,Yes,Low,Not Placed,0.0
2963,Male,CSE,8.24,81.5,60.3,0,3.8,98.4,4,4,4,4,5,2,1,7.1,9,No,Medium,Tier 3,No,Low,Placed,16.66
2964,Female,ECE,1.99,32.2,34.7,0,3.3,35.9,0,1,1,3,0,4,2,6.9,10,No,Low,Tier 1,Yes,Medium,Not Placed,0.0
2965,Female,ECE,0.61,22.7,31.8,5,0.9,21.3,3,0,0,3,2,0,3,4.9,8,No,Medium,Tier 3,Yes,Medium,Not Placed,0.0
2966,Female,CSE,2.37,33.7,31.8,0,3.1,38.8,3,1,2,3,1,0,1,5.3,7,Yes,Low,Tier 2,Yes,Low,Not Placed,0.0
2967,Female,CSE,4.26,51.4,62.3,0,3.7,69.8,3,3,2,5,3,0,0,7.6,7,No,High,Tier 1,Yes,High,Not Placed,0.0
2968,Male,CSE,7.31,62.0,77.1,0,5.7,92.5,3,2,4,2,3,3,1,7.6,6,Yes,Low,Tier 1,Yes,High,Placed,13.76
2969,Female,ECE,6.24,74.7,66.3,1,5.1,67.7,5,2,5,2,3,2,1,4.0,6,No,Medium,Tier 2,Yes,Low,Placed,15.95
2970,Male,ME,2.38,37.0,44.6,0,2.5,26.9,2,1,2,3,1,3,3,5.5,6,No,Medium,Tier 1,Yes,Medium,Not Placed,0.0
2971,Male,EE,5.03,67.8,52.9,4,5.8,46.5,3,1,4,2,1,4,2,6.9,10,No,Low,Tier 3,Yes,Low,Not Placed,0.0
2972,Male,IT,9.26,93.7,89.2,0,8.6,77.7,6,4,5,2,4,4,1,7.5,4,No,Medium,Tier 2,Yes,Low,Placed,19.15
2973,Female,CSE,8.15,66.9,89.9,0,6.0,68.4,5,3,5,4,4,3,1,7.5,5,No,Low,Tier 3,Yes,Medium,Placed,17.86
2974,Female,CE,3.23,38.9,43.5,4,2.7,57.6,1,0,1,4,1,0,3,7.7,6,No,Low,Tier 3,Yes,Low,Not Placed,0.0
2975,Male,ECE,9.82,96.5,100.0,3,8.8,100.0,4,3,3,2,3,3,0,6.1,7,No,Low,Tier 3,Yes,High,Placed,16.02
2976,Male,CSE,7.09,82.7,81.7,0,7.5,87.1,3,4,4,4,1,3,3,7.2,6,No,Low,Tier 2,Yes,Low,Placed,14.82
2977,Female,CE,0.62,0.0,29.2,0,3.0,25.2,2,1,1,5,2,0,1,6.5,3,No,Medium,Tier 2,Yes,Medium,Not Placed,0.0
2978,Male,IT,0.35,18.4,20.3,1,0.7,28.8,2,2,2,3,1,2,2,6.3,6,No,High,Tier 1,Yes,Low,Not Placed,0.0
2979,Female,IT,1.68,34.4,40.2,0,3.7,39.1,2,0,1,5,1,1,0,5.2,5,No,Medium,Tier 3,Yes,Medium,Not Placed,0.0
2980,Female,IT,7.28,70.3,73.0,0,4.8,83.4,5,3,4,4,4,4,0,7.4,5,No,Medium,Tier 1,No,High,Placed,16.46
2981,Male,CSE,1.84,31.4,35.5,0,2.6,64.9,0,2,0,3,3,2,0,5.0,7,No,Medium,Tier 1,Yes,Low,Not Placed,0.0
2982,Male,CSE,5.11,52.2,49.7,0,5.6,60.1,3,2,3,3,3,0,0,5.6,8,No,Low,Tier 3,Yes,Low,Placed,12.75
2983,Female,IT,0.93,15.6,35.8,1,0.1,59.0,0,0,0,4,1,1,2,7.8,4,No,Medium,Tier 3,Yes,Medium,Not Placed,0.0
2984,Female,CSE,9.21,89.2,94.6,0,10.0,100.0,3,4,4,2,5,2,1,6.8,9,Yes,Low,Tier 2,No,Low,Placed,18.18
2985,Male,ECE,3.44,37.1,65.3,3,5.2,51.4,3,2,2,0,2,2,3,8.3,3,No,Medium,Tier 3,Yes,Low,Not Placed,0.0
2986,Female,IT,9.08,99.0,100.0,0,8.5,85.0,4,4,4,2,3,3,1,6.6,4,Yes,High,Tier 1,Yes,High,Placed,18.03
2987,Male,IT,9.45,88.0,100.0,0,7.1,87.4,6,3,5,0,4,4,2,6.3,5,No,Low,Tier 3,Yes,Low,Placed,18.22
2988,Male,ECE,0.06,6.5,19.2,0,1.5,36.1,3,0,2,2,1,0,1,8.4,7,No,Medium,Tier 2,No,High,Not Placed,0.0
2989,Female,IT,4.64,72.1,45.7,2,5.5,58.5,3,2,4,1,4,4,0,6.5,2,No,High,Tier 3,No,Low,Placed,13.06
2990,Female,ME,0.25,26.7,29.0,4,0.6,47.1,0,0,1,4,1,1,0,7.3,10,Yes,Medium,Tier 2,Yes,Medium,Not Placed,0.0
2991,Male,IT,9.09,73.6,92.8,1,7.7,71.0,4,3,5,2,4,5,2,6.8,2,No,Medium,Tier 1,No,High,Placed,17.34
2992,Female,CSE,5.18,51.4,64.8,0,6.0,59.7,1,2,2,4,2,3,1,7.1,9,No,Medium,Tier 3,Yes,Low,Placed,11.46
2993,Male,CSE,0.75,23.8,41.3,4,0.5,43.5,5,1,4,4,2,3,0,6.7,5,No,High,Tier 3,Yes,Medium,Not Placed,0.0
2994,Male,CSE,1.1,27.6,18.6,3,2.6,52.0,3,0,1,4,2,2,1,8.1,6,Yes,Medium,Tier 1,Yes,Low,Not Placed,0.0
2995,Male,CSE,3.84,32.7,39.5,0,2.4,84.4,2,1,2,1,2,3,1,7.1,1,No,Medium,Tier 2,No,Low,Not Placed,0.0
2996,Female,CSE,9.4,100.0,90.8,0,7.1,75.9,5,3,4,4,4,4,1,6.6,7,Yes,Medium,Tier 3,Yes,Low,Placed,18.15
2997,Male,CSE,6.93,82.2,81.7,0,5.8,68.8,4,3,4,4,3,4,1,7.3,5,No,Low,Tier 3,Yes,Low,Placed,15.34
2998,Male,ECE,8.68,93.6,93.0,0,8.1,59.9,4,2,5,4,3,3,2,5.1,8,No,Low,Tier 3,Yes,Low,Placed,18.28
2999,Male,CE,3.66,59.7,38.3,5,3.4,43.6,4,2,3,5,3,3,1,8.2,3,Yes,Medium,Tier 1,Yes,Medium,Not Placed,0.0
3000,Female,CSE,0.43,23.2,29.0,0,1.9,16.4,1,0,0,4,2,0,1,5.2,8,No,Medium,Tier 3,Yes,Low,Not Placed,0.0
3001,Female,IT,9.74,100.0,83.9,0,7.6,87.2,5,3,4,2,4,2,1,6.2,2,No,Low,Tier 3,Yes,Medium,Placed,18.14
3002,Female,IT,0.17,32.0,11.0,0,1.1,33.3,2,1,2,4,1,1,2,6.5,6,No,Medium,Tier 1,No,Medium,Not Placed,0.0
3003,Male,CSE,9.48,100.0,92.7,0,9.4,97.5,5,3,5,1,3,4,2,7.3,3,No,Medium,Tier 3,Yes,Low,Placed,18.96
3004,Female,CE,3.69,37.9,42.0,1,2.9,53.6,2,2,2,3,4,1,0,8.9,9,Yes,Medium,Tier 2,Yes,Low,Not Placed,0.0
3005,Male,ECE,0.1,22.2,27.7,0,2.3,41.2,3,2,2,2,3,1,0,8.2,7,No,Medium,Tier 2,Yes,Low,Not Placed,0.0
3006,Female,ECE,6.89,66.9,76.0,0,6.3,77.7,3,1,2,3,4,3,4,5.2,9,No,Medium,Tier 2,Yes,Medium,Placed,14.04
3007,Female,IT,9.81,100.0,100.0,4,7.8,81.5,3,1,4,1,5,4,3,5.9,5,No,Medium,Tier 1,Yes,Low,Not Placed,0.0
3008,Male,CSE,9.66,100.0,92.8,1,7.0,72.7,4,3,4,1,5,3,1,5.3,5,No,Low,Tier 1,Yes,Low,Placed,17.58
3009,Female,IT,1.61,14.9,29.7,0,1.5,51.7,1,0,2,2,3,2,1,5.4,5,No,Low,Tier 1,Yes,High,Not Placed,0.0
3010,Male,CSE,1.81,29.2,44.6,0,2.0,65.6,1,0,1,3,1,2,1,6.3,5,No,High,Tier 3,Yes,High,Not Placed,0.0
3011,Male,ME,5.66,65.8,62.4,0,5.3,99.4,2,3,3,2,3,4,2,8.6,5,No,Medium,Tier 1,No,Low,Placed,14.04
3012,Male,ECE,6.37,64.8,83.9,1,6.6,84.4,2,4,5,5,4,3,2,6.7,5,No,High,Tier 2,Yes,Medium,Placed,16.55
3013,Male,IT,7.39,81.0,82.5,2,6.4,96.8,5,2,3,4,4,2,1,6.9,8,No,High,Tier 2,Yes,Low,Placed,15.3
3014,Male,CSE,1.81,38.4,9.0,0,2.5,51.4,2,1,2,3,2,2,1,7.3,7,No,Low,Tier 3,Yes,High,Not Placed,0.0
3015,Female,IT,9.59,96.2,100.0,1,8.1,96.2,2,3,3,3,5,1,2,5.9,3,Yes,High,Tier 1,Yes,Low,Placed,15.63
3016,Male,IT,6.39,71.6,78.2,0,6.4,74.7,7,2,5,1,3,3,1,6.9,7,No,Medium,Tier 2,No,Medium,Placed,15.74
3017,Female,ECE,8.47,100.0,95.3,0,8.1,84.6,4,2,5,3,1,4,1,7.3,3,No,High,Tier 3,Yes,Medium,Placed,18.49
3018,Male,IT,5.4,65.6,42.1,0,3.9,74.7,2,3,3,5,4,2,1,10.0,8,Yes,High,Tier 1,Yes,Medium,Placed,13.9
3019,Male,ECE,4.14,52.2,44.5,0,4.1,53.6,3,2,3,3,3,2,2,8.1,4,No,Medium,Tier 3,Yes,Low,Not Placed,0.0
3020,Female,ME,9.77,88.5,90.3,0,9.6,91.9,4,3,4,4,5,3,1,9.0,7,No,Medium,Tier 1,Yes,Medium,Placed,18.83
3021,Male,ECE,5.82,71.2,56.1,1,4.3,55.8,2,3,2,4,3,1,0,7.0,7,No,Medium,Tier 2,Yes,Low,Placed,12.1
3022,Male,ME,8.67,92.0,100.0,0,7.6,92.7,4,2,5,4,2,3,2,7.6,5,Yes,High,Tier 1,Yes,High,Not Placed,0.0
3023,Female,ME,9.53,100.0,94.1,1,8.0,80.7,5,2,5,3,4,5,2,7.3,5,Yes,Low,Tier 2,Yes,Medium,Placed,18.4
3024,Male,ECE,6.75,72.8,71.6,1,5.7,75.9,7,2,5,2,4,5,2,4.9,5,No,Medium,Tier 1,Yes,Low,Placed,15.86
3025,Male,CSE,5.49,43.5,67.4,1,6.9,73.9,2,2,3,3,2,3,0,4.0,6,No,Medium,Tier 3,Yes,Low,Placed,11.72
3026,Male,ECE,0.04,0.0,24.0,0,1.6,42.3,2,0,1,3,2,2,2,5.7,7,Yes,Low,Tier 1,Yes,Low,Not Placed,0.0
3027,Female,ME,0.4,25.8,0.0,0,3.3,46.7,4,1,2,3,0,1,0,8.5,10,Yes,Low,Tier 1,Yes,Medium,Not Placed,0.0
3028,Female,CSE,2.01,26.4,27.6,0,2.9,44.5,3,0,3,1,2,2,2,6.5,9,Yes,Medium,Tier 2,Yes,High,Not Placed,0.0
3029,Female,ECE,1.86,35.2,18.8,0,3.3,52.0,2,2,1,2,1,0,2,7.9,7,No,Medium,Tier 1,Yes,Medium,Not Placed,0.0
3030,Female,ME,2.55,37.8,42.4,2,2.7,44.5,2,2,2,3,5,1,2,8.6,6,No,Low,Tier 3,Yes,Medium,Not Placed,0.0
3031,Male,ECE,3.05,39.3,39.5,0,3.1,29.6,0,3,1,2,1,1,1,5.5,4,No,Low,Tier 2,Yes,Medium,Not Placed,0.0
3032,Male,IT,3.6,44.6,47.0,0,4.4,63.0,3,0,1,2,3,0,2,8.8,7,No,Medium,Tier 2,Yes,Medium,Not Placed,0.0
3033,Female,CSE,4.21,42.1,30.9,0,4.9,63.8,4,1,4,2,1,3,2,5.6,8,No,Medium,Tier 3,Yes,Low,Not Placed,0.0
3034,Male,CSE,0.99,23.3,22.8,3,2.8,53.1,1,0,1,3,2,0,2,6.8,8,No,Low,Tier 2,Yes,High,Not Placed,0.0
3035,Male,IT,0.42,12.7,32.5,0,2.2,37.2,0,1,1,0,0,1,0,5.7,6,Yes,Medium,Tier 1,Yes,Medium,Not Placed,0.0
3036,Male,CSE,6.74,68.6,86.0,0,4.9,56.2,5,3,4,2,4,3,2,7.3,4,Yes,Medium,Tier 3,Yes,High,Placed,15.46
3037,Male,CSE,5.37,57.4,68.1,2,4.5,66.1,3,2,3,4,4,3,1,6.8,6,Yes,Medium,Tier 3,Yes,Low,Placed,11.64
3038,Female,ME,4.44,50.5,40.2,0,5.5,72.3,3,2,2,3,3,2,2,8.0,7,No,Medium,Tier 3,Yes,Low,Not Placed,0.0
3039,Male,CSE,6.34,78.1,81.3,0,4.0,78.8,4,3,3,4,2,1,2,8.2,8,No,Medium,Tier 1,Yes,Low,Placed,15.95
3040,Male,EE,8.28,84.1,91.5,0,7.6,82.9,4,3,5,1,4,3,4,8.9,6,No,Low,Tier 2,Yes,Low,Placed,17.32
3041,Male,EE,4.28,61.6,51.1,0,4.4,40.7,0,2,2,3,2,1,0,7.9,7,No,Medium,Tier 1,Yes,High,Not Placed,0.0
3042,Female,CSE,6.41,84.9,49.0,0,6.8,61.1,2,1,2,3,4,3,0,8.0,8,No,Low,Tier 2,Yes,High,Placed,13.69
3043,Male,CSE,9.54,100.0,100.0,0,8.6,98.0,5,4,5,4,3,5,1,6.5,5,No,High,Tier 3,Yes,Medium,Placed,18.45
3044,Male,IT,8.4,91.7,79.3,3,6.7,65.4,5,2,5,4,5,4,3,6.8,4,No,Medium,Tier 2,Yes,Low,Placed,17.07
3045,Female,ECE,4.26,54.5,55.5,1,3.8,56.7,4,4,2,4,3,2,1,7.4,9,No,High,Tier 2,Yes,High,Not Placed,0.0
3046,Female,CSE,6.45,78.5,70.3,5,5.5,74.2,4,1,4,2,2,2,3,5.5,7,No,Medium,Tier 1,Yes,Low,Not Placed,0.0
3047,Male,IT,1.77,30.9,47.5,0,3.3,59.4,2,1,1,2,1,1,1,8.3,7,No,High,Tier 2,Yes,Medium,Not Placed,0.0
3048,Male,CSE,5.61,72.5,61.6,0,3.1,76.0,4,3,3,5,3,2,3,6.8,4,No,Medium,Tier 2,Yes,Low,Placed,14.28
3049,Male,ME,9.81,100.0,96.3,4,8.5,100.0,4,1,5,3,5,5,1,7.2,1,No,Low,Tier 3,Yes,Medium,Not Placed,0.0
3050,Male,CSE,5.18,55.4,75.2,0,4.2,69.7,0,3,1,2,2,1,4,5.2,6,Yes,Medium,Tier 1,Yes,High,Placed,11.73
3051,Male,CSE,9.28,100.0,85.7,1,8.2,80.5,5,4,4,3,4,2,4,6.6,6,Yes,Low,Tier 1,Yes,Low,Placed,16.73
3052,Male,CSE,4.07,50.5,58.7,0,4.7,52.1,2,0,3,5,4,1,1,8.0,7,No,Medium,Tier 3,Yes,Medium,Not Placed,0.0
3053,Male,EE,9.99,98.9,95.9,1,6.8,83.7,5,3,5,2,5,4,0,7.5,6,No,Medium,Tier 2,Yes,Medium,Placed,19.28
3054,Male,IT,5.79,59.5,54.3,3,5.3,76.8,2,2,3,2,1,2,1,8.0,4,No,Low,Tier 3,Yes,Low,Not Placed,0.0
3055,Female,ME,0.42,20.2,21.4,0,1.9,29.2,3,0,2,2,1,3,1,6.6,6,No,Low,Tier 1,Yes,High,Not Placed,0.0
3056,Female,ECE,5.87,74.9,71.9,0,5.7,65.5,3,1,2,4,4,2,0,7.2,8,No,Medium,Tier 1,Yes,Medium,Placed,12.57
3057,Female,CSE,2.75,47.3,53.5,0,3.3,51.8,3,1,3,3,3,2,1,6.9,7,Yes,Low,Tier 2,Yes,Medium,Not Placed,0.0
3058,Male,CSE,0.32,21.3,35.3,0,0.5,56.6,3,1,2,4,0,2,1,7.8,3,No,High,Tier 2,Yes,Medium,Not Placed,0.0
3059,Male,ECE,8.21,90.8,80.7,0,6.2,92.1,4,3,4,5,4,5,1,7.3,5,Yes,Medium,Tier 1,Yes,Medium,Placed,17.11
3060,Female,ECE,2.76,51.2,30.2,1,2.1,42.3,2,1,2,1,3,0,2,6.5,4,No,Medium,Tier 2,Yes,Low,Not Placed,0.0
3061,Male,IT,7.97,81.2,78.6,0,7.6,84.6,5,3,5,2,4,3,1,4.0,9,No,Medium,Tier 1,Yes,Low,Placed,17.5
3062,Male,CSE,2.88,28.3,29.2,0,3.4,72.1,2,1,1,2,3,3,0,7.2,5,No,High,Tier 2,Yes,Low,Not Placed,0.0
3063,Male,CE,1.94,44.5,31.3,0,2.8,54.0,3,0,2,3,4,1,1,5.0,8,Yes,Medium,Tier 2,Yes,High,Not Placed,0.0
3064,Female,CSE,9.74,92.5,92.5,0,6.6,74.3,5,3,5,4,4,4,1,7.8,6,No,Low,Tier 3,Yes,Low,Placed,19.56
3065,Female,EE,3.62,38.9,54.2,0,4.0,45.7,5,1,3,2,3,3,2,8.0,5,No,Medium,Tier 1,Yes,Medium,Not Placed,0.0
3066,Male,CSE,6.01,48.1,44.0,1,6.3,59.2,2,1,3,2,2,2,4,4.3,4,No,Low,Tier 3,Yes,Medium,Placed,12.94
3067,Male,ECE,6.1,72.6,59.5,2,3.9,88.9,3,0,5,4,3,4,2,7.4,5,No,Medium,Tier 1,Yes,High,Placed,13.75
3068,Female,CSE,5.6,46.4,55.5,0,4.9,83.7,2,2,3,4,3,2,0,7.3,6,No,Low,Tier 2,Yes,Low,Placed,13.23
3069,Male,ECE,9.15,85.3,100.0,0,6.3,82.4,5,4,5,3,5,6,1,7.5,3,No,Low,Tier 3,Yes,Low,Placed,20.34
3070,Female,ECE,6.74,78.2,60.8,1,5.8,67.7,3,3,3,0,3,2,1,5.5,7,No,High,Tier 3,Yes,Medium,Not Placed,0.0
3071,Female,ECE,4.04,56.6,52.6,0,3.4,59.8,3,2,3,4,4,1,3,7.6,4,No,Medium,Tier 1,Yes,High,Not Placed,0.0
3072,Female,ECE,8.62,81.8,85.7,0,7.9,87.6,3,2,4,3,3,4,4,5.5,3,No,Low,Tier 2,Yes,High,Placed,18.15
3073,Male,IT,1.81,29.0,42.9,0,2.9,34.3,5,1,2,3,2,2,2,7.8,3,Yes,Medium,Tier 1,Yes,Low,Not Placed,0.0
3074,Male,IT,5.44,52.5,67.5,0,6.6,64.7,4,1,2,2,3,2,2,7.5,5,No,Low,Tier 3,Yes,Low,Placed,12.86
3075,Male,ME,9.51,90.4,95.3,0,8.1,74.6,4,5,5,2,5,4,2,6.6,7,No,Medium,Tier 2,Yes,Medium,Placed,18.78
3076,Female,CSE,6.25,70.8,62.5,5,6.2,87.8,3,2,3,2,4,2,1,7.5,9,No,Low,Tier 2,Yes,Low,Not Placed,0.0
3077,Female,IT,8.17,79.4,64.8,0,6.7,62.9,3,2,3,1,3,2,2,5.9,5,No,Low,Tier 1,Yes,Medium,Placed,16.34
3078,Male,ECE,6.54,68.1,72.8,3,5.0,53.0,5,3,4,2,3,2,3,6.3,6,No,Medium,Tier 1,Yes,High,Placed,12.22
3079,Male,ECE,8.39,71.7,90.4,0,8.2,90.6,3,3,5,1,3,4,3,8.4,5,Yes,Medium,Tier 2,Yes,High,Placed,17.62
3080,Female,ECE,9.44,100.0,77.8,2,9.4,76.8,3,4,5,3,4,3,1,8.3,1,No,Medium,Tier 2,Yes,Low,Placed,17.94
3081,Female,CSE,2.73,43.3,27.5,0,4.1,45.4,0,0,1,2,2,0,1,5.7,6,No,Medium,Tier 3,Yes,Low,Not Placed,0.0
3082,Female,CSE,1.7,37.4,34.1,0,2.8,46.0,5,1,3,4,2,2,1,6.3,5,No,Medium,Tier 2,Yes,Medium,Not Placed,0.0
3083,Male,CSE,4.84,69.0,60.1,1,3.9,72.1,3,2,4,1,3,3,1,6.3,2,No,Medium,Tier 3,No,Low,Placed,14.34
3084,Male,CSE,7.02,66.4,64.3,2,7.6,74.5,3,0,2,4,4,2,3,7.1,9,No,High,Tier 2,Yes,Low,Placed,12.84
3085,Female,IT,2.27,30.7,30.4,0,3.7,70.0,2,0,1,4,2,1,1,6.8,7,No,Medium,Tier 1,Yes,Medium,Not Placed,0.0
3086,Female,IT,0.04,0.0,-0.0,1,3.6,35.2,1,0,1,2,1,3,0,8.6,2,No,Medium,Tier 2,No,Low,Not Placed,0.0
3087,Male,EE,3.43,75.6,59.2,0,2.7,69.9,3,1,2,3,4,1,1,8.8,7,No,Low,Tier 1,Yes,Low,Not Placed,0.0
3088,Male,IT,9.69,95.9,82.5,1,9.1,96.5,4,3,5,2,3,4,1,9.2,10,No,Low,Tier 1,No,Low,Placed,17.67
3089,Male,CSE,6.95,84.5,79.0,1,6.9,100.0,5,3,5,4,2,4,3,9.6,6,No,Medium,Tier 1,Yes,High,Placed,15.3
3090,Male,ME,4.01,36.7,49.7,0,4.0,71.8,0,1,2,5,3,2,3,5.1,7,No,High,Tier 1,Yes,High,Not Placed,0.0
3091,Male,ME,1.93,41.4,46.3,0,4.2,47.1,3,2,3,4,1,2,1,6.8,4,Yes,Medium,Tier 1,Yes,Low,Not Placed,0.0
3092,Female,ECE,3.56,63.8,38.6,0,4.4,63.9,1,3,1,2,1,0,2,6.2,5,No,High,Tier 3,Yes,Medium,Not Placed,0.0
3093,Male,ECE,1.7,28.8,32.2,3,1.8,42.1,4,0,2,3,2,2,2,5.9,9,Yes,Medium,Tier 2,Yes,Medium,Not Placed,0.0
3094,Female,EE,1.06,13.9,9.5,0,2.1,38.1,1,1,1,5,0,0,1,8.7,7,No,High,Tier 1,Yes,Low,Not Placed,0.0
3095,Male,ECE,9.07,90.7,71.2,0,6.9,73.8,6,4,5,4,5,3,1,7.5,8,No,Medium,Tier 1,Yes,Low,Placed,18.29
3096,Female,CE,9.98,77.6,100.0,0,8.0,85.2,4,3,3,4,5,1,1,5.1,5,No,Low,Tier 1,Yes,Medium,Placed,17.55
3097,Female,CSE,1.64,28.6,13.3,1,3.4,69.6,0,1,0,4,1,1,2,10.0,6,No,Low,Tier 3,Yes,Medium,Not Placed,0.0
3098,Male,CSE,0.55,27.9,20.1,0,2.9,23.9,2,0,1,3,0,2,1,4.8,5,Yes,High,Tier 2,Yes,Medium,Not Placed,0.0
3099,Male,ECE,3.3,42.7,54.5,1,4.0,46.9,1,0,1,3,2,0,0,6.6,7,No,Medium,Tier 2,Yes,High,Not Placed,0.0
3100,Male,ECE,4.62,51.4,62.4,3,4.0,61.6,3,1,2,2,1,0,2,7.1,5,No,Low,Tier 1,Yes,Low,Placed,9.3
3101,Male,ME,2.05,37.7,27.8,0,3.3,46.6,6,0,3,2,0,1,2,5.6,9,No,Low,Tier 3,Yes,High,Not Placed,0.0
3102,Female,EE,3.01,46.6,26.2,0,4.3,57.7,2,1,2,2,0,3,2,7.7,5,Yes,Medium,Tier 1,Yes,Medium,Not Placed,0.0
3103,Female,ECE,2.01,15.5,39.2,5,0.9,41.4,3,1,3,3,3,3,2,6.3,6,No,Low,Tier 2,Yes,High,Not Placed,0.0
3104,Male,CSE,7.74,81.7,93.3,0,7.0,86.8,2,2,3,3,3,3,4,8.0,2,No,Medium,Tier 2,Yes,Medium,Placed,15.86
3105,Male,ME,7.13,100.0,68.4,1,6.3,91.5,2,2,2,3,2,3,3,7.5,8,No,High,Tier 3,Yes,Low,Placed,14.1
3106,Male,IT,6.35,55.6,60.8,1,6.9,88.3,3,1,3,3,3,4,2,4.0,3,Yes,Medium,Tier 3,Yes,Medium,Placed,14.76
3107,Female,CSE,3.87,47.0,43.7,1,4.6,55.0,1,2,1,4,5,0,2,5.1,4,No,Medium,Tier 2,Yes,Medium,Not Placed,0.0
3108,Male,ECE,9.09,100.0,96.4,0,8.3,96.9,3,3,4,3,5,3,2,8.0,3,No,Medium,Tier 1,Yes,Low,Placed,17.41
3109,Male,IT,9.7,100.0,100.0,0,7.8,79.4,3,4,5,4,4,4,4,7.5,3,No,Medium,Tier 2,Yes,High,Placed,20.12
3110,Female,IT,1.74,24.7,19.5,1,2.7,36.8,0,0,1,4,1,0,3,5.8,7,No,Low,Tier 1,Yes,Low,Not Placed,0.0
3111,Female,ECE,2.23,36.0,20.9,0,4.0,34.3,2,0,2,3,1,1,0,6.2,4,No,Medium,Tier 2,Yes,Low,Not Placed,0.0
3112,Male,CSE,5.26,59.7,83.5,1,5.1,66.0,4,1,4,2,2,4,2,6.9,3,Yes,Low,Tier 3,Yes,Medium,Placed,13.5
3113,Female,EE,0.91,15.3,23.5,0,2.3,30.1,1,2,0,4,2,0,0,4.6,2,No,Low,Tier 3,Yes,Low,Not Placed,0.0
3114,Male,IT,4.36,51.3,55.4,0,3.0,42.9,3,3,2,4,2,2,1,9.7,8,No,Low,Tier 2,Yes,High,Not Placed,0.0
3115,Male,ECE,5.82,61.7,57.6,0,5.5,65.3,1,1,1,4,2,0,2,5.8,5,No,Medium,Tier 2,Yes,Low,Placed,10.38
3116,Female,CSE,5.22,60.5,64.7,3,3.1,45.6,2,2,3,5,1,3,0,7.0,5,No,Low,Tier 1,Yes,Low,Placed,13.07
3117,Female,IT,3.31,35.7,54.1,0,3.3,70.8,4,0,3,4,4,2,0,9.0,7,Yes,Medium,Tier 2,Yes,Medium,Not Placed,0.0
3118,Male,CSE,5.42,48.3,64.4,0,5.4,60.8,4,1,4,5,4,3,1,6.8,7,No,Low,Tier 1,Yes,Low,Placed,13.69
3119,Male,CSE,9.59,96.1,100.0,3,9.0,100.0,4,3,5,3,4,3,0,7.4,6,No,Medium,Tier 2,No,Medium,Placed,17.49
3120,Male,ECE,2.06,49.7,31.2,1,1.9,41.5,4,1,3,2,3,4,6,5.9,8,No,Medium,Tier 3,Yes,Medium,Not Placed,0.0
3121,Male,CSE,6.55,71.5,67.8,4,6.5,60.0,5,2,4,4,2,3,3,6.3,3,No,High,Tier 2,Yes,High,Not Placed,0.0
3122,Male,IT,0.43,15.3,23.8,0,3.3,51.7,2,1,1,2,1,1,0,5.9,5,No,High,Tier 2,Yes,Low,Not Placed,0.0
3123,Male,CSE,0.66,28.2,27.9,2,1.3,40.0,1,1,0,5,1,2,2,8.5,7,No,Medium,Tier 2,Yes,Low,Not Placed,0.0
3124,Male,IT,5.52,60.3,64.4,0,3.8,90.8,1,2,1,5,3,0,0,6.2,9,No,High,Tier 2,Yes,Low,Placed,12.07
3125,Female,CSE,1.05,42.6,13.6,2,2.5,35.7,3,0,2,3,0,2,3,6.1,9,No,Medium,Tier 1,Yes,Low,Not Placed,0.0
3126,Female,CSE,0.22,16.8,22.9,2,0.5,31.0,1,0,1,4,1,0,2,6.0,3,No,High,Tier 1,Yes,Medium,Not Placed,0.0
3127,Female,CSE,1.72,36.6,28.0,0,1.9,57.4,5,1,3,4,0,2,1,7.5,6,No,Low,Tier 1,No,Medium,Not Placed,0.0
3128,Male,CE,5.65,55.5,57.4,0,6.4,81.0,3,3,2,1,3,2,3,7.7,6,No,Low,Tier 3,No,Medium,Placed,11.92
3129,Female,ME,7.03,79.8,74.6,1,8.3,79.0,5,1,5,2,5,3,0,4.6,5,No,Medium,Tier 1,Yes,Medium,Placed,15.23
3130,Female,CSE,2.02,34.9,24.5,0,1.9,87.1,3,1,1,3,3,3,2,7.1,7,No,Medium,Tier 2,Yes,Medium,Not Placed,0.0
3131,Female,IT,6.68,71.2,60.1,1,5.4,71.7,3,3,3,3,3,4,0,7.4,10,No,Medium,Tier 2,Yes,Medium,Placed,15.51
3132,Female,IT,1.82,25.5,6.4,0,2.3,30.7,2,0,1,5,0,1,3,8.7,4,No,Low,Tier 1,Yes,Low,Not Placed,0.0
3133,Female,EE,6.13,60.7,84.5,3,5.2,59.7,5,3,3,3,1,1,0,5.5,3,No,Medium,Tier 3,Yes,Medium,Placed,13.13
3134,Male,ECE,4.12,52.8,56.5,0,6.3,56.4,3,3,2,1,3,1,1,5.7,7,No,Medium,Tier 2,Yes,Medium,Not Placed,0.0
3135,Male,IT,6.54,76.9,69.2,0,5.5,92.5,3,3,3,2,4,3,0,7.8,5,No,Low,Tier 3,Yes,Medium,Not Placed,0.0
3136,Female,CSE,9.95,98.3,90.9,0,8.1,92.5,3,4,3,4,5,1,2,6.9,7,Yes,Medium,Tier 1,Yes,Medium,Placed,18.03
3137,Female,ECE,9.38,97.6,64.3,0,9.7,100.0,3,2,4,1,5,5,3,8.7,6,Yes,Low,Tier 1,Yes,Low,Placed,16.47
3138,Female,EE,0.04,15.0,11.0,0,2.1,40.5,2,0,2,1,1,2,1,8.3,5,No,High,Tier 2,Yes,Medium,Not Placed,0.0
3139,Male,ECE,8.85,91.2,96.0,0,8.7,100.0,2,2,3,3,4,1,0,7.3,4,No,High,Tier 2,Yes,High,Placed,15.41
3140,Male,CSE,0.66,18.6,32.7,0,1.1,43.6,0,0,0,4,0,0,2,6.9,6,No,Medium,Tier 2,Yes,Low,Not Placed,0.0
3141,Male,CSE,9.53,96.2,100.0,2,7.6,96.7,4,3,4,3,5,2,1,6.8,5,No,Low,Tier 3,Yes,High,Placed,16.02
3142,Female,IT,2.82,66.0,42.1,0,2.4,61.0,3,1,2,4,2,1,2,7.0,8,No,High,Tier 3,Yes,High,Not Placed,0.0
3143,Male,IT,3.82,50.6,61.6,1,5.0,51.1,2,1,2,3,2,0,1,7.1,6,No,Medium,Tier 2,Yes,Low,Not Placed,0.0
3144,Male,ECE,0.92,29.3,22.1,0,3.4,33.9,1,0,1,3,2,0,0,8.7,3,No,Low,Tier 3,Yes,Low,Not Placed,0.0
3145,Male,EE,1.12,28.9,37.8,0,1.7,45.9,1,1,0,2,3,0,0,4.6,8,Yes,Medium,Tier 1,Yes,Low,Not Placed,0.0
3146,Male,CSE,7.27,74.2,72.3,0,6.2,100.0,6,1,5,4,5,5,2,6.5,5,No,Medium,Tier 1,Yes,Medium,Placed,16.68
3147,Female,CSE,9.44,100.0,84.7,0,7.8,73.2,5,4,5,1,3,4,2,7.2,10,No,Medium,Tier 2,Yes,Medium,Placed,17.68
3148,Female,CE,6.11,64.0,56.8,0,4.2,47.3,6,2,5,3,4,4,1,6.3,5,Yes,Medium,Tier 2,Yes,Low,Placed,14.36
3149,Female,CSE,7.16,86.4,64.6,0,5.8,74.8,3,3,3,4,4,3,2,6.7,4,No,Low,Tier 1,Yes,Medium,Placed,15.62
3150,Male,CSE,7.62,76.4,85.6,0,7.6,93.1,4,3,4,2,5,2,0,6.5,5,No,Low,Tier 1,Yes,Low,Placed,16.29
3151,Female,ECE,2.63,27.8,31.6,0,2.5,51.4,5,2,3,1,2,3,1,8.6,5,No,High,Tier 1,Yes,Low,Not Placed,0.0
3152,Male,ME,0.45,22.5,11.3,0,1.9,23.7,1,1,1,0,2,0,4,6.5,5,No,Medium,Tier 2,Yes,Medium,Not Placed,0.0
3153,Female,CSE,0.02,4.1,25.3,0,0.2,36.1,0,0,0,4,2,0,2,6.1,4,Yes,Medium,Tier 2,Yes,Low,Not Placed,0.0
3154,Male,CE,3.51,50.2,49.4,0,3.8,35.3,3,1,3,4,0,3,1,7.9,5,No,Medium,Tier 1,Yes,Low,Not Placed,0.0
3155,Male,IT,2.41,23.5,46.9,1,2.6,57.0,0,0,2,3,2,4,2,6.4,9,No,Low,Tier 1,Yes,Medium,Not Placed,0.0
3156,Female,CSE,0.62,17.1,28.1,0,0.7,35.0,0,0,0,1,0,0,0,6.8,5,No,Medium,Tier 1,Yes,Medium,Not Placed,0.0
3157,Female,IT,1.8,16.0,24.9,0,3.6,44.8,2,1,1,3,1,0,3,5.7,10,No,Low,Tier 2,Yes,High,Not Placed,0.0
3158,Male,ECE,1.24,53.8,28.7,0,3.2,47.6,3,1,1,4,1,1,1,6.5,8,No,High,Tier 2,Yes,High,Not Placed,0.0
3159,Female,ECE,9.15,76.2,92.5,0,6.9,92.4,5,3,5,1,3,4,0,7.0,5,No,Medium,Tier 1,Yes,Medium,Placed,19.0
3160,Male,IT,1.4,27.0,20.0,0,2.3,36.9,3,0,2,4,1,1,2,5.5,7,No,Low,Tier 2,Yes,Medium,Not Placed,0.0
3161,Male,EE,5.38,72.2,50.0,1,5.3,79.7,3,0,2,1,1,1,2,6.9,4,No,Medium,Tier 3,Yes,Medium,Not Placed,0.0
3162,Male,CSE,5.93,75.8,58.6,1,3.8,80.1,5,2,2,2,2,0,0,7.6,8,Yes,High,Tier 1,Yes,High,Not Placed,0.0
3163,Male,ECE,5.43,69.7,81.8,0,3.9,46.3,5,0,4,3,3,3,3,4.6,8,Yes,Medium,Tier 2,Yes,Low,Placed,13.53
3164,Male,ECE,0.99,20.2,21.8,0,3.5,38.2,0,1,0,4,2,2,1,6.2,7,No,Low,Tier 3,Yes,Low,Not Placed,0.0
3165,Male,ECE,3.19,55.6,55.8,0,2.7,41.2,3,3,1,5,1,3,1,10.0,4,Yes,Low,Tier 2,Yes,Medium,Not Placed,0.0
3166,Male,ECE,0.51,28.5,17.4,0,3.1,22.8,1,1,2,4,3,2,0,6.8,7,No,Low,Tier 3,Yes,Low,Not Placed,0.0
3167,Female,CSE,3.96,50.8,58.6,3,2.9,65.2,3,1,3,5,3,2,1,8.4,4,No,Medium,Tier 1,Yes,Medium,Not Placed,0.0
3168,Male,IT,1.89,33.5,42.1,1,3.5,41.3,0,0,1,3,3,1,5,7.0,3,No,High,Tier 1,Yes,Medium,Not Placed,0.0
3169,Female,ECE,5.62,59.7,72.5,0,5.1,67.0,4,1,2,2,1,1,1,6.6,6,No,Low,Tier 2,Yes,Medium,Not Placed,0.0
3170,Male,CSE,6.93,64.8,77.3,4,6.2,68.5,5,2,4,4,4,2,3,8.1,2,No,Medium,Tier 2,Yes,High,Not Placed,0.0
3171,Female,ME,5.32,72.6,74.3,0,7.1,71.4,4,3,3,5,3,2,0,8.4,5,No,Low,Tier 3,Yes,High,Placed,14.88
3172,Male,ME,4.34,65.0,56.5,0,3.3,69.2,3,2,2,4,1,3,0,5.9,6,Yes,High,Tier 1,Yes,High,Not Placed,0.0
3173,Male,ECE,3.87,39.1,66.1,0,4.8,84.3,4,1,3,4,5,2,2,5.7,9,Yes,Medium,Tier 3,Yes,Low,Not Placed,0.0
3174,Male,CSE,8.42,85.0,69.2,0,7.9,83.3,4,3,4,5,3,3,3,5.4,4,No,Medium,Tier 3,Yes,Low,Placed,16.83
3175,Male,IT,2.19,32.2,39.0,2,6.4,30.8,3,2,2,3,2,1,1,5.9,3,No,Low,Tier 1,Yes,Low,Not Placed,0.0
3176,Male,CSE,7.34,77.1,79.6,2,5.6,73.0,2,3,2,3,4,2,3,8.4,7,No,Medium,Tier 2,Yes,Low,Placed,13.46
3177,Female,CSE,7.57,80.0,69.2,0,6.2,90.6,2,3,3,4,4,3,1,7.0,6,No,Medium,Tier 1,Yes,Medium,Placed,13.97
3178,Female,IT,4.19,60.1,57.3,0,5.2,50.9,3,0,3,4,4,1,0,8.4,6,No,High,Tier 3,Yes,Low,Not Placed,0.0
3179,Female,CSE,2.97,32.8,26.9,1,3.4,35.0,6,0,3,4,4,2,0,5.8,3,No,Medium,Tier 2,Yes,Low,Not Placed,0.0
3180,Female,CSE,4.71,46.6,49.1,1,4.3,54.2,3,0,3,3,2,3,4,5.8,8,No,Low,Tier 1,Yes,Medium,Not Placed,0.0
3181,Male,CSE,0.93,35.3,5.4,0,3.1,34.2,2,0,1,4,1,1,0,6.5,1,No,High,Tier 2,Yes,Medium,Not Placed,0.0
3182,Male,CSE,0.46,14.3,37.3,0,1.6,24.8,4,0,2,4,2,3,2,7.4,6,No,High,Tier 1,Yes,Medium,Not Placed,0.0
3183,Male,CSE,1.12,11.9,24.6,1,1.4,44.3,2,0,1,3,0,2,4,6.8,8,No,Low,Tier 2,Yes,Medium,Not Placed,0.0
3184,Male,EE,1.87,26.0,54.6,2,3.5,45.3,2,0,3,2,3,4,0,7.8,6,No,High,Tier 2,Yes,Medium,Not Placed,0.0
3185,Male,CSE,5.04,54.5,66.3,1,5.4,74.7,2,1,2,4,4,1,1,7.5,5,No,Low,Tier 1,Yes,Medium,Not Placed,0.0
3186,Male,CSE,8.49,100.0,90.4,0,7.1,80.6,4,1,4,2,5,4,0,7.6,3,No,Medium,Tier 2,Yes,Medium,Placed,16.99
3187,Male,CSE,2.36,44.3,31.0,0,2.8,55.9,5,1,2,2,2,2,1,7.8,4,No,Medium,Tier 1,Yes,Medium,Not Placed,0.0
3188,Male,CE,9.35,100.0,82.3,2,7.1,85.2,6,4,5,3,5,5,0,8.3,10,No,High,Tier 3,Yes,Low,Placed,16.9
3189,Female,ECE,9.55,100.0,99.6,2,8.9,78.7,6,3,5,0,5,4,1,4.0,4,No,Low,Tier 1,Yes,Medium,Placed,17.6
3190,Female,ECE,9.59,100.0,94.0,0,7.9,86.0,5,3,5,5,3,5,0,7.0,6,No,Low,Tier 3,No,Low,Placed,20.1
3191,Male,ME,8.38,79.3,71.6,0,6.6,65.9,4,3,4,3,3,2,1,8.0,4,No,Medium,Tier 3,Yes,High,Placed,14.99
3192,Female,ECE,3.64,44.0,32.0,3,2.8,78.3,3,2,3,5,2,2,2,10.0,5,Yes,Medium,Tier 1,Yes,Low,Not Placed,0.0
3193,Female,CSE,0.73,11.3,14.3,3,2.4,41.1,2,1,1,5,1,0,1,6.9,2,No,High,Tier 1,No,Medium,Not Placed,0.0
3194,Male,CSE,5.69,61.3,81.7,1,5.0,59.6,1,3,2,3,3,1,4,4.4,5,No,Low,Tier 2,Yes,High,Placed,12.74
3195,Male,ECE,5.59,69.4,84.9,0,3.4,64.0,2,3,3,5,3,1,1,8.7,5,No,Medium,Tier 1,Yes,Low,Placed,14.27
3196,Male,CSE,8.5,88.6,88.0,1,6.2,56.6,4,1,4,2,4,3,1,5.5,8,Yes,Medium,Tier 1,Yes,Medium,Placed,16.12
3197,Female,IT,9.96,100.0,99.2,0,8.2,100.0,4,4,5,4,5,5,0,7.6,4,No,Medium,Tier 3,Yes,Low,Placed,18.38
3198,Female,CSE,5.08,46.8,55.3,2,4.9,81.5,2,1,2,2,3,2,1,7.6,5,No,High,Tier 2,Yes,High,Placed,11.08
3199,Male,ECE,3.45,49.3,36.3,0,3.7,57.0,1,2,1,4,3,2,0,7.2,7,No,Low,Tier 1,No,Low,Not Placed,0.0
3200,Male,CSE,1.86,18.3,46.6,1,2.4,50.0,3,1,2,4,0,2,0,4.4,5,No,Low,Tier 2,Yes,High,Not Placed,0.0
3201,Male,CSE,0.05,16.4,37.1,0,0.1,20.1,2,0,0,3,1,0,5,6.6,5,No,Medium,Tier 3,Yes,High,Not Placed,0.0
3202,Male,ECE,5.09,65.7,49.8,1,4.2,51.2,1,2,2,4,4,0,1,5.1,5,Yes,Medium,Tier 3,No,Low,Placed,12.37
3203,Male,CE,5.56,60.1,61.7,0,6.6,48.0,1,2,2,4,4,0,3,7.5,4,Yes,Medium,Tier 1,Yes,Low,Placed,12.56
3204,Female,ECE,8.25,90.6,79.5,0,8.3,82.6,5,4,3,3,5,1,1,5.9,5,No,Medium,Tier 1,Yes,High,Placed,16.13
3205,Female,IT,5.05,48.3,54.2,1,5.6,78.0,4,3,2,5,3,1,0,4.5,6,Yes,Medium,Tier 2,Yes,Low,Placed,14.7
3206,Female,CSE,9.16,76.2,100.0,0,8.4,85.4,2,4,3,3,5,3,1,7.9,3,No,Low,Tier 1,Yes,Low,Placed,15.88
3207,Female,CSE,6.28,74.0,55.1,0,6.8,76.9,2,2,3,5,3,1,2,5.5,3,No,Low,Tier 1,Yes,Low,Placed,14.79
3208,Female,CSE,8.4,100.0,89.9,5,6.3,97.1,3,1,2,4,5,1,3,7.2,8,No,Medium,Tier 2,Yes,Low,Not Placed,0.0
3209,Male,CSE,1.48,17.6,37.1,0,2.6,24.4,2,1,2,1,1,1,1,6.1,7,Yes,High,Tier 1,Yes,Medium,Not Placed,0.0
3210,Female,CSE,8.55,99.9,85.0,1,6.4,100.0,4,2,4,5,5,4,1,8.0,6,No,Low,Tier 1,Yes,Medium,Placed,17.03
3211,Male,CSE,6.75,72.8,80.9,0,5.1,89.4,2,2,3,4,3,2,3,8.0,4,No,Low,Tier 2,Yes,Medium,Placed,13.85
3212,Female,IT,1.7,16.1,33.1,1,3.1,51.4,3,1,2,3,2,2,5,7.3,6,No,High,Tier 3,Yes,Low,Not Placed,0.0
3213,Male,CSE,1.9,19.8,45.4,1,3.8,57.5,2,1,2,3,3,2,2,6.9,1,No,Low,Tier 2,Yes,Medium,Not Placed,0.0
3214,Female,ECE,9.27,94.0,76.9,1,7.8,100.0,4,3,4,4,5,4,4,6.5,3,Yes,Low,Tier 3,Yes,Low,Placed,17.23
3215,Male,ECE,0.32,13.7,17.1,5,3.4,40.4,0,0,1,5,1,1,1,5.6,7,Yes,Medium,Tier 1,No,Medium,Not Placed,0.0
3216,Male,ECE,4.63,41.2,54.3,0,5.0,79.9,5,2,4,3,2,1,4,6.3,4,No,Medium,Tier 1,Yes,Medium,Placed,13.52
3217,Male,ECE,3.13,24.7,16.3,1,2.9,48.3,1,1,1,5,4,1,2,7.6,5,No,Medium,Tier 3,Yes,High,Not Placed,0.0
3218,Male,CSE,6.65,63.1,60.3,1,5.1,80.4,4,4,4,2,4,4,5,9.3,6,No,Medium,Tier 3,Yes,High,Placed,14.06
3219,Female,CSE,8.4,88.3,77.1,0,8.4,100.0,4,1,3,1,5,3,4,7.7,4,No,Low,Tier 3,Yes,High,Placed,15.08
3220,Female,IT,3.6,45.5,56.3,0,4.1,24.3,2,1,3,4,2,3,2,7.9,4,Yes,Medium,Tier 3,Yes,High,Not Placed,0.0
3221,Male,ME,4.27,46.3,45.1,4,5.2,65.9,2,2,2,5,2,2,2,6.9,5,No,Low,Tier 1,Yes,Low,Not Placed,0.0
3222,Male,CSE,9.82,100.0,88.4,0,5.7,100.0,3,3,4,3,5,1,2,7.6,6,No,Low,Tier 3,Yes,High,Placed,17.71
3223,Male,CSE,7.84,92.0,88.9,0,7.2,61.5,4,2,5,0,3,2,2,4.4,2,No,High,Tier 1,No,Low,Placed,16.19
3224,Male,ME,8.97,95.2,73.6,0,7.3,92.2,6,4,5,1,5,5,3,6.1,6,Yes,Low,Tier 2,Yes,Medium,Placed,18.81
3225,Male,CSE,4.39,51.1,32.4,0,3.2,51.8,1,2,2,4,0,3,4,7.8,5,No,Low,Tier 2,No,Low,Not Placed,0.0
3226,Female,ECE,2.34,44.2,33.1,2,3.1,53.8,3,0,2,3,1,1,2,7.9,6,Yes,Medium,Tier 2,Yes,Medium,Not Placed,0.0
3227,Male,ECE,4.12,40.4,36.5,0,5.5,58.6,4,0,2,5,2,2,1,6.3,4,No,Medium,Tier 3,Yes,Low,Not Placed,0.0
3228,Male,CSE,7.16,73.6,61.2,0,8.8,66.6,3,3,2,3,3,2,3,5.4,5,No,High,Tier 2,Yes,Low,Placed,14.85
3229,Male,ECE,1.09,22.3,32.5,2,2.5,54.9,1,1,1,2,2,3,2,6.9,7,No,Medium,Tier 1,Yes,Medium,Not Placed,0.0
3230,Male,ECE,2.7,25.6,48.4,0,2.7,46.2,1,1,2,3,2,2,2,6.5,7,No,Low,Tier 2,Yes,Low,Not Placed,0.0
3231,Male,CSE,0.47,14.8,29.6,1,1.1,41.1,0,0,0,4,1,1,1,8.1,8,No,Medium,Tier 2,Yes,Medium,Not Placed,0.0
3232,Female,ECE,4.32,31.0,63.6,2,5.5,76.7,6,2,4,5,2,5,2,7.8,4,No,Medium,Tier 2,Yes,High,Not Placed,0.0
3233,Male,IT,8.27,100.0,96.6,1,6.3,73.6,3,4,3,3,5,2,2,8.9,7,No,Low,Tier 1,No,Medium,Placed,14.42
3234,Male,ECE,0.25,7.8,0.0,1,2.3,36.6,0,1,1,3,2,1,4,8.3,4,No,Low,Tier 1,Yes,Medium,Not Placed,0.0
3235,Male,CSE,6.75,88.2,76.5,0,6.5,69.6,4,2,5,4,4,3,3,6.7,1,No,Medium,Tier 2,Yes,High,Placed,18.84
3236,Male,ECE,9.32,94.6,87.3,0,8.2,87.7,3,5,4,2,4,2,1,7.4,7,Yes,Medium,Tier 3,Yes,Low,Placed,17.68
3237,Male,IT,2.37,40.8,29.5,0,1.6,75.1,1,1,1,4,4,2,2,9.4,7,No,Medium,Tier 3,Yes,High,Not Placed,0.0
3238,Female,IT,6.94,69.1,79.1,0,6.0,82.1,6,1,4,3,3,4,1,6.5,8,No,Medium,Tier 3,Yes,Medium,Placed,14.57
3239,Female,IT,9.75,100.0,78.7,0,6.9,97.3,6,3,5,3,4,5,2,7.2,3,No,High,Tier 2,Yes,Medium,Placed,16.94
3240,Male,CSE,9.62,100.0,77.4,0,7.6,99.0,5,3,5,3,3,3,0,7.0,6,No,Medium,Tier 2,Yes,Low,Placed,18.99
3241,Male,IT,2.35,41.6,43.1,0,4.1,54.3,5,1,4,3,3,3,1,7.0,5,Yes,Medium,Tier 2,Yes,Medium,Not Placed,0.0
3242,Male,IT,1.0,31.2,30.9,0,3.4,19.1,3,0,1,5,3,1,4,6.0,8,No,Medium,Tier 3,Yes,High,Not Placed,0.0
3243,Male,CSE,1.48,23.9,31.2,0,2.7,71.4,3,1,2,2,1,0,1,8.6,3,No,Medium,Tier 3,No,Medium,Not Placed,0.0
3244,Female,ECE,7.02,69.9,65.4,0,5.8,59.5,4,3,2,2,3,2,0,5.9,5,No,Medium,Tier 2,Yes,Medium,Placed,14.23
3245,Female,CSE,7.26,60.8,83.5,0,8.2,99.4,3,2,4,5,3,5,1,9.2,6,No,Medium,Tier 2,Yes,Medium,Placed,15.52
3246,Male,IT,6.74,77.5,78.7,0,5.6,82.9,3,2,4,4,3,4,0,9.0,7,Yes,Low,Tier 3,Yes,Low,Placed,16.01
3247,Male,CSE,3.36,54.4,45.7,1,2.7,57.3,1,1,2,4,0,0,2,7.3,6,No,Low,Tier 3,Yes,Medium,Not Placed,0.0
3248,Male,ECE,1.7,45.6,19.8,2,3.4,41.5,2,1,1,2,2,1,0,7.0,5,No,Low,Tier 3,Yes,Medium,Not Placed,0.0
3249,Female,CE,5.81,67.4,60.2,2,6.0,100.0,1,3,3,3,4,3,0,6.1,5,No,Medium,Tier 1,Yes,Medium,Placed,12.4
3250,Female,IT,4.84,48.5,65.1,1,4.3,71.3,5,3,3,4,1,3,1,7.1,5,No,High,Tier 3,Yes,Medium,Placed,12.76
3251,Male,CE,7.29,60.0,89.6,1,6.7,79.0,3,2,3,2,5,2,2,8.3,7,No,Medium,Tier 2,Yes,Medium,Placed,16.37
3252,Male,EE,4.41,62.9,50.0,0,5.0,55.0,3,2,2,4,4,1,0,6.2,4,No,High,Tier 2,Yes,Medium,Not Placed,0.0
3253,Female,CSE,3.39,25.9,42.6,0,4.1,47.5,1,2,2,3,0,0,3,8.8,5,No,Medium,Tier 1,Yes,Low,Not Placed,0.0
3254,Male,IT,2.93,36.5,39.8,2,4.0,53.2,2,1,0,2,0,1,2,8.2,5,No,Medium,Tier 3,No,Low,Not Placed,0.0
3255,Male,ECE,2.11,30.7,37.6,0,2.5,36.5,3,2,1,4,2,2,3,6.9,1,No,Medium,Tier 3,Yes,High,Not Placed,0.0
3256,Male,ME,2.66,36.9,33.5,0,3.9,59.1,2,1,1,4,3,0,0,8.0,2,No,High,Tier 2,Yes,High,Not Placed,0.0
3257,Female,CSE,0.95,23.4,0.0,0,2.2,33.0,4,0,3,3,2,4,3,5.9,3,No,High,Tier 1,Yes,Low,Not Placed,0.0
3258,Male,EE,3.47,45.9,57.7,0,3.5,67.9,0,2,1,4,2,0,2,6.9,5,No,Medium,Tier 3,Yes,High,Not Placed,0.0
3259,Male,IT,0.37,0.0,38.9,1,1.5,49.0,1,0,1,5,2,0,3,9.7,7,No,Medium,Tier 2,No,Medium,Not Placed,0.0
3260,Female,IT,1.86,31.0,26.8,0,2.7,45.5,2,1,1,3,1,1,3,8.4,4,Yes,Medium,Tier 3,No,Low,Not Placed,0.0
3261,Male,CSE,7.47,56.2,67.1,0,5.3,86.8,3,3,3,3,5,2,2,7.6,2,No,High,Tier 3,Yes,Low,Placed,16.71
3262,Male,CSE,3.25,49.9,42.6,0,3.1,62.1,3,2,1,3,2,2,0,7.1,7,No,Medium,Tier 2,Yes,Low,Not Placed,0.0
3263,Male,IT,6.68,66.2,69.6,1,6.2,57.5,2,2,4,2,2,3,4,6.9,6,No,Medium,Tier 3,Yes,High,Placed,13.52
3264,Male,CSE,7.17,54.4,85.3,1,5.2,98.8,2,1,2,3,3,3,2,7.0,5,Yes,Medium,Tier 2,Yes,Medium,Placed,10.46
3265,Female,ME,5.81,56.2,65.0,0,4.9,66.8,2,1,4,2,3,2,1,6.1,6,Yes,Medium,Tier 3,Yes,High,Placed,13.7
3266,Male,CSE,9.59,90.8,86.8,1,10.0,100.0,5,3,5,4,4,4,2,7.8,3,No,High,Tier 3,Yes,Medium,Placed,18.61
3267,Male,IT,0.21,28.7,6.5,0,0.5,44.9,1,0,1,2,1,0,2,8.3,8,No,Medium,Tier 1,Yes,Medium,Not Placed,0.0
3268,Male,ECE,7.39,79.8,85.8,1,6.3,49.5,5,1,5,1,4,4,1,6.7,6,No,Low,Tier 1,Yes,Low,Placed,16.92
3269,Female,IT,9.59,100.0,100.0,1,7.4,84.7,6,4,5,4,5,4,1,7.6,5,No,Medium,Tier 1,Yes,Low,Placed,19.05
3270,Female,IT,8.62,100.0,97.6,4,7.4,96.8,5,3,5,4,3,5,1,6.1,5,No,Low,Tier 2,Yes,Medium,Not Placed,0.0
3271,Male,CSE,1.68,28.3,21.8,0,1.9,45.8,3,1,0,3,3,0,1,6.9,6,No,Medium,Tier 2,Yes,Medium,Not Placed,0.0
3272,Male,CSE,3.27,50.3,62.5,0,3.5,62.9,5,1,4,4,2,3,0,6.0,6,No,Low,Tier 2,Yes,Medium,Not Placed,0.0
3273,Female,CSE,1.72,36.5,14.3,0,2.0,46.4,2,0,2,2,2,3,0,6.7,2,Yes,High,Tier 3,Yes,Medium,Not Placed,0.0
3274,Male,ECE,6.01,53.2,73.2,0,6.8,85.8,4,2,5,3,3,5,3,7.1,4,No,Medium,Tier 2,Yes,High,Placed,14.93
3275,Female,ECE,7.12,90.2,55.9,0,6.6,79.1,2,3,3,3,3,1,0,7.7,5,No,Medium,Tier 2,Yes,Medium,Placed,13.75
3276,Female,IT,3.17,27.7,35.5,0,2.7,71.1,4,1,3,4,3,2,3,6.3,5,No,Medium,Tier 2,Yes,Low,Not Placed,0.0
3277,Female,ECE,5.4,70.1,76.8,0,6.1,55.6,3,3,3,3,3,1,1,7.6,4,No,Low,Tier 2,Yes,Medium,Placed,12.78
3278,Male,ECE,6.91,58.6,81.6,3,5.4,74.9,6,2,5,2,3,2,3,5.9,7,Yes,Low,Tier 2,Yes,Medium,Placed,15.5
3279,Male,ECE,4.21,56.8,46.2,0,2.9,53.1,2,2,2,4,0,1,3,7.4,4,Yes,Low,Tier 1,Yes,High,Not Placed,0.0
3280,Female,CSE,8.54,100.0,81.1,4,7.5,90.9,5,3,5,4,5,3,1,9.7,3,No,Medium,Tier 2,Yes,Medium,Not Placed,0.0
3281,Male,CSE,7.72,78.5,80.8,2,8.8,78.0,4,3,4,3,4,5,2,6.6,5,No,Medium,Tier 2,Yes,High,Placed,14.6
3282,Male,EE,0.65,18.0,28.3,2,0.1,36.1,2,1,2,4,2,2,0,5.4,9,No,High,Tier 1,No,High,Not Placed,0.0
3283,Female,ME,6.21,73.9,80.2,3,4.5,63.8,5,1,5,5,5,3,0,8.1,6,No,Medium,Tier 1,Yes,Low,Placed,14.24
3284,Female,CSE,2.35,31.7,32.2,1,3.9,43.6,3,1,1,3,3,2,1,7.3,5,No,Medium,Tier 3,Yes,Medium,Not Placed,0.0
3285,Male,ECE,5.58,80.6,46.5,1,4.8,68.4,5,3,4,2,3,4,3,7.6,5,No,High,Tier 1,Yes,High,Placed,14.77
3286,Male,ME,9.57,98.3,96.1,0,8.8,68.2,5,5,4,4,4,4,4,8.5,2,No,Medium,Tier 1,Yes,Medium,Placed,19.34
3287,Male,ECE,8.79,86.5,83.7,0,6.8,60.1,5,3,4,2,5,3,1,6.1,5,No,Low,Tier 1,No,Low,Placed,16.89
3288,Female,CSE,4.05,44.0,37.4,3,4.5,60.0,3,0,3,4,3,2,2,6.2,6,No,High,Tier 3,No,Medium,Not Placed,0.0
3289,Female,CSE,2.92,30.5,44.3,0,5.3,19.3,2,0,3,2,2,2,2,7.7,6,Yes,High,Tier 1,Yes,High,Not Placed,0.0
3290,Male,ECE,2.34,28.6,34.6,0,1.9,46.7,0,0,2,3,2,2,1,8.2,5,No,Medium,Tier 1,Yes,High,Not Placed,0.0
3291,Male,EE,5.33,56.8,63.7,1,6.3,62.5,0,3,2,2,2,1,2,7.3,4,No,High,Tier 3,Yes,Medium,Not Placed,0.0
3292,Female,IT,1.14,19.8,18.2,0,3.0,48.3,2,2,1,3,0,2,3,6.9,7,No,Medium,Tier 2,Yes,High,Not Placed,0.0
3293,Male,CSE,5.49,55.1,66.8,2,3.9,59.9,2,2,1,3,4,1,0,7.4,5,No,High,Tier 2,Yes,Medium,Not Placed,0.0
3294,Male,CSE,0.01,36.1,4.9,0,2.1,53.9,2,0,2,4,0,1,1,7.9,4,Yes,High,Tier 3,Yes,Low,Not Placed,0.0
3295,Female,IT,3.24,32.2,35.6,0,3.8,64.6,6,0,4,3,2,3,3,5.3,4,Yes,Medium,Tier 2,Yes,Low,Not Placed,0.0
3296,Male,ME,2.2,35.2,33.2,0,3.1,30.1,2,1,2,3,2,2,0,5.8,5,No,Medium,Tier 2,No,Medium,Not Placed,0.0
3297,Female,IT,9.71,100.0,100.0,3,8.6,89.8,1,3,3,2,5,1,2,6.9,5,No,Medium,Tier 3,Yes,Medium,Placed,14.39
3298,Male,IT,7.27,83.1,84.0,0,6.2,96.9,5,2,4,3,3,3,2,7.8,4,Yes,Medium,Tier 2,Yes,Medium,Placed,16.41
3299,Male,CSE,3.5,44.2,56.8,2,4.0,47.6,3,0,1,1,2,0,0,9.6,6,No,High,Tier 3,Yes,Medium,Not Placed,0.0
3300,Female,ME,0.93,20.5,39.6,0,2.4,39.9,2,0,1,5,2,3,2,6.9,5,No,Low,Tier 1,Yes,Low,Not Placed,0.0
3301,Male,IT,5.17,63.5,95.4,0,5.9,82.9,5,1,4,3,1,3,0,7.3,7,No,Low,Tier 1,Yes,Medium,Placed,14.16
3302,Female,CSE,2.13,35.8,35.5,0,1.5,41.3,1,0,2,5,0,3,1,6.2,6,No,Medium,Tier 2,Yes,Low,Not Placed,0.0
3303,Male,IT,5.36,58.0,75.1,0,6.5,80.6,4,1,4,3,2,3,0,7.8,5,Yes,Medium,Tier 3,No,Low,Placed,13.38
3304,Male,CSE,8.35,70.4,94.9,0,6.2,74.2,3,2,4,1,4,3,1,5.7,4,No,Medium,Tier 3,Yes,Low,Placed,16.12
3305,Male,CSE,6.16,62.7,77.2,0,6.6,37.3,4,1,3,2,3,2,1,7.0,5,Yes,High,Tier 3,Yes,Low,Placed,13.76
3306,Male,CSE,6.34,57.4,86.5,0,6.0,87.8,6,3,4,3,3,3,2,5.9,3,No,Low,Tier 3,Yes,Low,Placed,15.55
3307,Male,CSE,5.41,54.3,57.1,0,4.0,72.7,3,1,3,3,4,2,1,4.5,5,No,Medium,Tier 1,Yes,High,Placed,13.47
3308,Male,CSE,9.27,94.1,87.2,2,8.5,96.7,5,3,4,4,3,2,2,10.0,6,No,Medium,Tier 3,Yes,High,Placed,16.13
3309,Male,ECE,9.32,97.8,95.8,0,7.1,77.8,4,2,5,3,4,4,0,8.0,7,No,Medium,Tier 3,Yes,Low,Placed,17.79
3310,Male,ECE,5.13,76.4,57.2,0,6.2,53.6,2,1,2,3,3,0,3,8.0,6,Yes,High,Tier 2,Yes,Low,Placed,13.92
3311,Female,ECE,3.06,35.6,45.7,0,2.9,67.2,2,0,2,2,1,2,1,8.1,10,No,Medium,Tier 2,Yes,Medium,Not Placed,0.0
3312,Female,CSE,4.6,61.8,70.4,3,3.2,65.5,3,2,1,3,5,0,0,8.7,6,No,Low,Tier 2,Yes,High,Placed,10.01
3313,Female,CSE,1.87,34.0,28.2,2,4.3,44.8,0,1,1,4,0,1,0,7.2,2,Yes,High,Tier 3,Yes,Medium,Not Placed,0.0
3314,Male,IT,6.36,82.0,65.8,2,6.1,75.8,3,2,3,4,4,3,1,8.0,6,No,Medium,Tier 3,Yes,Medium,Placed,15.57
3315,Male,ECE,5.0,63.3,59.7,0,5.9,83.1,4,1,2,2,4,3,2,6.4,8,No,Medium,Tier 3,No,Medium,Placed,12.02
3316,Female,CSE,1.03,13.7,24.0,2,1.4,49.9,0,0,2,4,2,2,4,6.8,5,No,High,Tier 1,Yes,Medium,Not Placed,0.0
3317,Male,ME,1.98,14.6,14.7,1,1.0,41.2,4,0,3,4,2,2,0,5.2,3,No,Low,Tier 2,Yes,Medium,Not Placed,0.0
3318,Male,IT,4.8,58.9,50.6,3,6.5,47.0,4,0,4,2,4,2,0,7.2,2,Yes,Medium,Tier 2,Yes,Medium,Placed,11.92
3319,Female,ME,8.88,85.2,95.9,0,7.7,95.3,3,3,4,3,4,4,0,6.4,5,No,High,Tier 1,Yes,High,Placed,16.87
3320,Female,ECE,5.66,53.3,77.7,3,6.0,57.9,4,1,3,3,3,2,0,6.8,3,No,Low,Tier 1,No,Medium,Not Placed,0.0
3321,Male,CSE,6.82,60.3,61.0,0,6.9,61.7,6,2,4,2,3,2,0,8.0,5,Yes,Medium,Tier 1,Yes,Low,Placed,14.66
3322,Male,IT,3.39,45.4,33.5,0,3.5,71.1,3,2,2,1,2,2,3,7.4,5,No,Medium,Tier 3,Yes,Medium,Not Placed,0.0
3323,Female,CSE,5.71,78.6,64.0,0,5.7,79.7,3,2,3,4,3,0,4,8.2,8,Yes,Medium,Tier 3,Yes,Medium,Placed,14.94
3324,Male,ECE,4.47,48.9,33.0,0,6.2,66.4,0,1,0,2,2,0,2,6.3,7,No,Low,Tier 2,Yes,High,Not Placed,0.0
3325,Female,CSE,6.59,76.9,66.3,0,6.1,59.7,4,3,4,5,3,2,1,7.5,4,No,Medium,Tier 3,Yes,Low,Placed,16.37
3326,Female,ME,0.51,18.3,4.7,0,2.8,59.5,2,0,2,5,3,1,1,6.2,5,No,Medium,Tier 2,Yes,Medium,Not Placed,0.0
3327,Female,CSE,4.93,44.0,71.1,1,3.0,76.9,3,1,3,4,5,4,1,6.8,7,Yes,Low,Tier 3,Yes,High,Placed,12.43
3328,Male,CE,2.96,47.5,34.0,0,4.7,49.1,3,0,3,4,3,2,1,6.6,6,Yes,Low,Tier 1,Yes,Medium,Not Placed,0.0
3329,Male,ME,3.26,31.8,60.6,1,2.3,48.4,3,1,3,2,3,3,0,5.8,6,No,Low,Tier 1,Yes,Medium,Not Placed,0.0
3330,Female,ECE,9.61,96.9,100.0,0,9.2,93.6,4,4,4,1,5,4,1,6.5,8,Yes,Medium,Tier 1,Yes,Medium,Placed,18.41
3331,Female,IT,1.83,27.1,26.2,4,3.2,40.2,0,0,1,3,2,2,1,7.7,4,No,Low,Tier 2,Yes,Medium,Not Placed,0.0
3332,Female,IT,3.11,50.4,32.2,1,3.6,80.2,2,2,1,1,3,1,3,5.9,7,No,Medium,Tier 2,Yes,Low,Not Placed,0.0
3333,Male,ME,5.1,47.8,56.9,0,5.0,61.0,3,2,4,3,4,2,1,6.2,5,No,Medium,Tier 3,Yes,Medium,Placed,14.38
3334,Male,ECE,8.63,92.3,86.0,1,7.3,74.0,5,3,5,2,5,3,3,8.5,1,No,Low,Tier 3,Yes,High,Placed,15.88
3335,Female,IT,4.17,42.0,54.8,0,3.6,79.1,2,0,2,3,2,0,0,8.7,3,Yes,High,Tier 2,Yes,Medium,Not Placed,0.0
3336,Female,ECE,7.44,73.1,69.8,0,6.5,72.8,5,3,4,3,5,3,2,8.0,4,No,Low,Tier 1,Yes,Medium,Placed,16.84
3337,Female,CE,8.56,51.4,93.9,0,9.7,95.8,6,4,5,4,4,3,2,9.0,8,No,High,Tier 1,Yes,Low,Placed,18.74
3338,Female,ECE,3.1,62.3,45.5,0,5.0,61.7,2,1,1,3,2,0,2,8.6,5,Yes,Medium,Tier 1,Yes,Low,Not Placed,0.0
3339,Male,ECE,3.93,53.9,46.0,0,3.4,57.9,1,1,2,3,2,2,4,6.9,5,No,Low,Tier 2,Yes,Low,Not Placed,0.0
3340,Female,IT,3.57,37.7,39.4,0,4.3,44.7,3,1,3,1,2,2,2,9.4,8,No,Medium,Tier 3,Yes,High,Not Placed,0.0
3341,Female,ME,8.33,74.6,82.8,3,7.4,84.4,7,2,5,3,5,3,2,8.9,4,Yes,Medium,Tier 3,Yes,High,Placed,15.44
3342,Male,ECE,0.44,13.8,13.4,0,1.7,23.6,3,0,3,1,2,1,0,6.9,5,No,Medium,Tier 3,Yes,Medium,Not Placed,0.0
3343,Female,CSE,3.08,48.3,43.2,0,2.7,53.2,3,2,2,4,3,2,1,7.3,6,No,Medium,Tier 2,Yes,Low,Not Placed,0.0
3344,Male,ECE,6.79,53.8,73.2,5,6.7,85.0,3,2,3,4,3,2,3,6.2,5,No,Medium,Tier 3,Yes,Medium,Not Placed,0.0
3345,Male,EE,5.65,61.6,65.8,0,6.3,89.5,4,2,4,4,0,2,0,6.9,6,No,Medium,Tier 2,Yes,Medium,Placed,13.67
3346,Female,IT,4.36,69.8,70.5,1,3.7,48.1,2,3,2,2,1,2,3,5.1,7,No,Medium,Tier 2,Yes,High,Not Placed,0.0
3347,Male,ME,5.4,49.6,59.9,0,7.2,64.4,1,3,2,3,3,2,2,6.3,4,No,Medium,Tier 1,Yes,Low,Placed,11.58
3348,Male,CSE,1.98,32.6,43.9,0,4.4,40.6,2,0,1,2,2,1,4,8.0,2,Yes,High,Tier 3,Yes,Medium,Not Placed,0.0
3349,Male,ECE,4.31,73.7,54.8,0,5.1,64.1,0,3,0,3,2,1,1,5.8,6,No,High,Tier 3,Yes,High,Not Placed,0.0
3350,Male,IT,5.02,64.0,55.8,4,3.8,46.9,5,3,4,2,2,4,0,6.6,2,No,Medium,Tier 3,Yes,High,Not Placed,0.0
3351,Male,ME,9.01,92.8,88.9,0,8.2,77.9,4,4,3,3,4,4,2,7.7,6,Yes,High,Tier 3,Yes,Low,Placed,17.78
3352,Male,CSE,2.61,42.3,38.3,0,3.6,30.4,2,0,1,1,2,1,2,6.7,7,No,Medium,Tier 3,Yes,Low,Not Placed,0.0
3353,Female,ME,8.68,84.8,90.2,3,8.1,69.8,4,3,5,3,4,3,2,8.4,8,No,Medium,Tier 1,Yes,Low,Placed,16.86
3354,Male,ECE,6.44,82.7,59.9,5,7.6,65.7,3,2,3,1,2,2,2,8.4,5,No,Medium,Tier 3,Yes,Low,Not Placed,0.0
3355,Male,CSE,0.2,12.7,4.9,0,1.5,56.3,2,0,3,5,0,2,1,6.3,10,No,Low,Tier 2,No,Low,Not Placed,0.0
3356,Male,CSE,7.25,57.0,82.5,2,8.6,82.7,2,4,2,3,4,1,0,6.5,3,No,Medium,Tier 3,Yes,High,Placed,13.56
3357,Female,CSE,0.36,14.1,29.9,0,2.2,37.9,3,0,3,3,0,0,1,7.1,8,No,Low,Tier 3,Yes,High,Not Placed,0.0
3358,Male,ECE,9.97,90.1,100.0,0,8.2,100.0,4,2,5,4,5,4,0,6.2,4,Yes,High,Tier 3,No,Low,Placed,18.45
3359,Female,CSE,8.73,86.4,89.4,0,10.0,92.0,6,3,5,1,5,4,0,9.0,6,No,Medium,Tier 1,Yes,Low,Placed,17.21
3360,Female,CSE,2.97,37.7,49.4,0,4.4,58.6,4,1,3,2,1,4,2,6.5,6,Yes,Medium,Tier 2,Yes,Medium,Not Placed,0.0
3361,Female,ME,2.57,48.8,45.7,0,2.8,44.7,3,2,2,4,1,3,1,8.1,8,No,High,Tier 2,Yes,High,Not Placed,0.0
3362,Male,CSE,3.81,54.3,56.4,0,4.3,50.2,2,1,1,3,3,2,1,5.2,3,No,Medium,Tier 2,Yes,Medium,Not Placed,0.0
3363,Female,CSE,3.56,47.9,37.9,0,4.6,40.6,5,1,3,2,3,3,2,6.1,10,Yes,Medium,Tier 3,Yes,Low,Not Placed,0.0
3364,Male,ECE,3.72,46.6,36.8,0,4.0,50.1,1,1,1,4,2,0,2,5.7,1,No,Medium,Tier 1,Yes,Medium,Not Placed,0.0
3365,Female,ECE,3.18,31.4,39.6,0,3.9,50.7,4,2,2,3,0,2,1,5.5,5,No,High,Tier 1,Yes,Medium,Not Placed,0.0
3366,Female,IT,6.21,46.0,67.5,4,5.0,76.4,4,3,3,4,4,2,0,6.4,7,No,High,Tier 3,Yes,High,Not Placed,0.0
3367,Male,ECE,1.64,30.1,28.7,1,1.0,44.4,1,1,1,3,2,1,4,7.4,8,No,Low,Tier 3,Yes,Medium,Not Placed,0.0
3368,Male,IT,8.46,94.9,66.9,0,7.5,81.4,5,3,5,2,4,3,0,8.8,3,Yes,Medium,Tier 2,Yes,Low,Placed,18.37
3369,Male,IT,8.12,82.9,100.0,3,7.3,72.8,5,3,4,3,5,3,2,6.8,2,No,Medium,Tier 1,Yes,Low,Placed,15.81
3370,Female,CSE,4.76,50.1,53.3,0,5.4,68.3,4,2,3,1,1,1,3,7.1,8,Yes,High,Tier 3,Yes,High,Placed,11.55
3371,Male,CSE,8.53,92.2,88.0,0,6.9,80.2,4,4,4,2,4,6,1,7.4,6,No,Low,Tier 1,Yes,Medium,Placed,18.1
3372,Male,ECE,2.47,35.2,50.2,0,1.9,54.1,2,0,2,3,2,3,2,6.1,2,No,Medium,Tier 2,No,Low,Not Placed,0.0
3373,Male,ECE,0.18,33.4,0.0,0,0.7,13.1,0,0,0,4,2,2,1,7.0,4,No,Medium,Tier 3,Yes,High,Not Placed,0.0
3374,Female,IT,6.19,79.9,62.4,1,6.9,76.2,2,2,2,4,4,0,2,9.5,4,No,High,Tier 1,No,High,Placed,14.66
3375,Female,ECE,4.58,63.5,50.8,4,4.0,71.4,1,3,2,2,4,0,3,7.5,8,No,Medium,Tier 2,No,Medium,Not Placed,0.0
3376,Female,ECE,5.67,70.8,60.0,0,5.0,76.5,3,2,2,2,4,2,3,9.5,5,No,Medium,Tier 2,Yes,High,Not Placed,0.0
3377,Female,CSE,8.99,78.5,88.2,0,7.5,86.6,3,1,5,5,4,3,2,7.0,5,Yes,High,Tier 2,Yes,Low,Placed,18.03
3378,Male,CSE,9.7,100.0,100.0,0,7.7,100.0,4,4,3,3,5,4,2,6.3,5,No,Medium,Tier 1,Yes,High,Placed,18.58
3379,Male,ECE,6.34,72.7,75.5,0,5.2,57.8,5,1,5,3,4,4,0,8.3,9,No,Medium,Tier 1,Yes,High,Placed,15.43
3380,Female,ECE,7.64,86.0,88.7,1,6.0,79.8,4,1,4,4,3,3,2,8.5,7,No,Medium,Tier 3,Yes,Low,Placed,16.15
3381,Male,ECE,0.84,27.1,25.2,0,3.5,37.7,1,0,1,3,1,2,0,6.4,7,No,Low,Tier 1,No,High,Not Placed,0.0
3382,Male,CSE,1.61,33.2,16.9,0,3.3,57.1,0,0,1,3,2,1,1,7.4,6,No,Medium,Tier 3,Yes,Medium,Not Placed,0.0
3383,Male,IT,7.33,100.0,55.8,2,7.9,54.7,4,3,4,3,4,3,0,6.9,6,Yes,Medium,Tier 1,Yes,High,Placed,16.06
3384,Male,ME,4.31,50.9,37.2,0,6.0,48.2,1,1,2,2,2,3,2,5.3,4,No,Medium,Tier 3,No,Low,Not Placed,0.0
3385,Male,CSE,4.46,62.3,57.3,4,2.3,82.7,2,0,3,3,1,2,3,5.4,7,No,Medium,Tier 2,Yes,High,Not Placed,0.0
3386,Female,ECE,3.09,36.6,43.0,0,4.0,24.4,6,3,3,1,0,3,2,6.8,5,Yes,Medium,Tier 2,Yes,High,Not Placed,0.0
3387,Male,EE,6.07,74.5,64.5,0,5.2,81.2,3,2,4,3,2,4,0,8.4,3,No,Medium,Tier 3,Yes,Medium,Placed,15.55
3388,Male,CSE,1.85,40.1,29.1,0,3.9,37.7,4,1,3,4,1,1,1,8.0,5,No,Low,Tier 1,Yes,Medium,Not Placed,0.0
3389,Male,ECE,6.27,71.9,88.3,0,5.1,75.7,3,3,4,4,3,5,1,5.9,6,No,Medium,Tier 3,Yes,Medium,Placed,15.53
3390,Female,CSE,1.74,46.5,23.7,2,1.7,62.4,0,1,1,5,1,0,1,5.7,8,Yes,Low,Tier 3,Yes,Low,Not Placed,0.0
3391,Male,IT,0.64,11.6,32.4,0,0.5,42.4,0,2,0,4,0,0,0,6.0,7,No,Low,Tier 3,Yes,Low,Not Placed,0.0
3392,Female,CSE,3.3,38.2,44.4,3,3.5,72.0,3,1,2,3,0,1,1,5.9,4,No,High,Tier 3,Yes,High,Not Placed,0.0
3393,Female,EE,2.31,36.8,35.9,0,4.0,43.0,4,2,2,3,2,1,2,5.9,8,Yes,Low,Tier 2,Yes,Low,Not Placed,0.0
3394,Male,IT,8.89,99.4,100.0,3,8.0,84.0,4,3,5,2,4,4,0,4.6,1,No,Medium,Tier 2,No,Medium,Placed,17.14
3395,Female,IT,0.55,21.5,37.0,5,0.7,47.7,2,1,1,4,2,3,1,4.1,6,Yes,Medium,Tier 2,Yes,Medium,Not Placed,0.0
3396,Female,IT,1.77,42.9,29.8,0,4.9,40.3,1,1,2,3,2,2,1,4.0,4,No,Medium,Tier 2,No,Low,Not Placed,0.0
3397,Female,ECE,5.49,55.0,69.9,0,6.0,75.1,4,1,4,3,3,5,2,5.1,3,No,High,Tier 1,Yes,Medium,Placed,14.92
3398,Female,ECE,4.81,44.5,60.1,2,5.6,78.1,4,4,3,2,3,3,3,8.4,3,No,Medium,Tier 3,No,Medium,Placed,13.24
3399,Male,ME,0.46,22.0,21.8,0,3.1,48.2,1,0,2,3,2,0,2,10.0,8,Yes,Medium,Tier 1,Yes,Low,Not Placed,0.0
3400,Male,EE,0.07,14.8,20.6,2,0.0,16.5,0,0,0,4,2,1,4,9.4,6,Yes,Low,Tier 2,Yes,High,Not Placed,0.0
3401,Male,ECE,9.88,100.0,90.2,0,7.5,90.2,4,4,4,3,4,2,1,7.3,6,Yes,High,Tier 3,Yes,High,Placed,18.98
3402,Male,CE,6.59,70.7,67.7,1,6.9,77.9,3,2,3,3,4,3,1,6.1,7,No,Medium,Tier 1,Yes,Medium,Placed,14.71
3403,Female,ECE,3.65,42.6,41.4,0,3.2,54.0,0,1,0,4,2,0,1,6.5,5,No,Low,Tier 1,Yes,Medium,Not Placed,0.0
3404,Male,ECE,4.7,54.2,64.6,1,4.5,64.2,5,2,3,4,3,5,0,7.2,8,No,Medium,Tier 3,Yes,Low,Placed,13.19
3405,Female,ECE,2.67,38.0,38.4,0,3.3,54.6,1,0,1,3,3,1,0,9.5,5,No,High,Tier 2,Yes,Medium,Not Placed,0.0
3406,Female,CSE,3.45,41.3,32.6,2,2.6,49.4,4,2,3,3,2,3,1,5.8,1,No,Medium,Tier 1,Yes,Low,Not Placed,0.0
3407,Female,CSE,6.49,68.1,62.7,0,5.7,71.6,4,2,3,2,2,3,1,7.0,9,No,Medium,Tier 3,Yes,Medium,Placed,14.15
3408,Female,CSE,8.83,86.0,56.6,0,8.6,73.8,2,4,3,4,4,1,0,7.1,1,No,Low,Tier 1,Yes,High,Placed,16.77
3409,Male,ECE,1.84,39.2,27.8,4,3.5,40.3,4,1,3,2,1,3,2,6.9,5,Yes,High,Tier 2,No,Low,Not Placed,0.0
3410,Male,ECE,8.4,88.3,85.6,1,8.5,67.1,3,3,4,5,3,3,1,4.6,7,No,Medium,Tier 3,Yes,Low,Placed,16.94
3411,Male,ECE,1.22,47.9,26.4,5,3.4,43.7,2,1,2,3,3,1,2,6.7,1,Yes,Low,Tier 2,Yes,High,Not Placed,0.0
3412,Male,EE,2.15,34.9,55.0,0,3.4,45.6,3,2,2,3,2,2,2,5.4,5,No,Low,Tier 1,Yes,Medium,Not Placed,0.0
3413,Male,ECE,0.37,12.6,26.7,0,2.1,26.2,1,0,1,4,0,0,3,9.7,5,No,Medium,Tier 2,Yes,High,Not Placed,0.0
3414,Male,ECE,1.41,53.7,34.6,0,2.7,64.9,1,0,0,2,1,1,4,7.7,7,Yes,Medium,Tier 2,Yes,Low,Not Placed,0.0
3415,Female,CSE,9.17,97.1,74.9,1,7.3,87.1,4,2,5,4,3,4,4,8.3,6,No,Low,Tier 2,Yes,Low,Placed,17.03
3416,Male,CSE,4.59,63.9,51.1,0,3.7,66.0,4,2,4,3,2,3,2,5.9,3,No,Low,Tier 2,Yes,Low,Placed,15.92
3417,Male,IT,0.78,27.6,19.4,0,1.4,32.0,2,0,1,3,2,0,1,6.5,4,No,Medium,Tier 2,Yes,Low,Not Placed,0.0
3418,Female,ECE,9.6,100.0,86.9,3,7.9,87.6,5,3,5,2,4,5,1,9.5,3,Yes,Medium,Tier 1,Yes,Medium,Placed,17.25
3419,Male,IT,8.79,95.1,80.3,0,7.0,91.6,3,3,5,2,5,4,4,8.2,2,No,Low,Tier 2,Yes,High,Placed,18.43
3420,Male,CSE,7.55,68.2,60.3,4,7.2,76.3,4,4,3,1,4,2,0,7.5,4,Yes,Low,Tier 2,Yes,Low,Not Placed,0.0
3421,Female,ECE,9.33,98.0,79.9,0,8.2,91.0,5,2,3,2,4,1,2,8.6,8,No,Medium,Tier 1,Yes,Medium,Placed,16.09
3422,Female,CSE,2.2,20.5,44.3,5,3.3,57.9,2,1,1,2,3,2,1,9.4,6,Yes,Medium,Tier 1,Yes,Medium,Not Placed,0.0
3423,Female,CSE,8.36,84.3,83.5,1,7.7,78.9,3,3,4,2,2,3,0,8.8,6,Yes,Medium,Tier 3,Yes,Low,Placed,15.88
3424,Male,CSE,6.9,66.4,68.1,1,7.5,60.4,4,1,4,3,4,3,2,8.3,3,No,Medium,Tier 1,No,Low,Placed,13.53
3425,Female,CSE,8.7,92.5,87.5,0,7.6,68.9,6,3,5,3,3,3,1,8.4,2,No,High,Tier 2,Yes,Low,Placed,18.89
3426,Female,CSE,7.97,86.1,93.4,3,8.1,100.0,4,2,3,4,2,3,1,6.6,7,No,Medium,Tier 2,Yes,Medium,Placed,13.8
3427,Male,CSE,3.46,49.2,45.7,0,4.4,66.9,2,2,1,4,2,1,1,7.2,8,No,Low,Tier 1,No,Low,Not Placed,0.0
3428,Female,EE,7.74,83.7,85.3,1,8.0,89.3,4,3,3,4,5,4,1,7.8,6,No,Low,Tier 2,Yes,Medium,Placed,15.26
3429,Female,CSE,2.62,31.2,30.5,0,4.9,45.5,3,1,2,4,2,0,1,7.4,7,No,Medium,Tier 3,Yes,Low,Not Placed,0.0
3430,Male,CSE,3.29,40.4,38.1,0,4.4,38.7,2,1,1,3,2,0,3,7.6,5,No,High,Tier 1,Yes,Low,Not Placed,0.0
3431,Male,CSE,1.08,33.4,30.2,2,2.4,38.1,1,2,2,3,0,4,1,6.8,6,No,Medium,Tier 3,Yes,Low,Not Placed,0.0
3432,Female,ECE,9.35,100.0,100.0,0,8.1,90.0,4,2,4,4,4,3,1,4.0,4,No,Medium,Tier 2,Yes,Medium,Placed,18.34
3433,Female,CSE,2.91,28.3,55.6,1,3.1,38.9,1,1,1,4,2,1,1,7.8,6,No,Medium,Tier 3,Yes,High,Not Placed,0.0
3434,Male,ME,5.21,44.0,65.5,0,4.6,48.6,5,1,5,1,3,5,2,7.1,5,No,Low,Tier 2,No,Low,Placed,14.34
3435,Female,EE,3.91,41.0,50.8,3,5.1,37.7,2,1,4,3,1,5,2,7.2,7,No,Low,Tier 2,Yes,High,Not Placed,0.0
3436,Male,CSE,9.6,100.0,100.0,5,7.3,100.0,6,4,5,1,5,3,0,9.6,7,No,Medium,Tier 2,Yes,High,Not Placed,0.0
3437,Male,ECE,3.35,55.6,52.7,0,5.5,40.6,0,2,1,1,2,3,1,7.4,5,No,Low,Tier 2,Yes,Low,Not Placed,0.0
3438,Male,CSE,7.79,72.0,57.4,0,6.8,85.5,5,2,5,2,3,4,1,6.0,7,No,Medium,Tier 2,Yes,High,Placed,17.01
3439,Female,IT,8.55,90.7,75.9,1,10.0,81.5,5,2,4,3,5,3,1,7.8,4,No,High,Tier 2,Yes,High,Placed,16.78
3440,Female,ECE,4.36,70.4,56.3,0,3.9,68.2,4,1,3,2,1,2,4,7.1,9,Yes,Medium,Tier 2,Yes,Medium,Not Placed,0.0
3441,Male,CSE,3.78,51.3,30.4,0,4.4,61.7,2,1,3,1,3,4,2,8.3,8,No,Medium,Tier 3,Yes,High,Not Placed,0.0
3442,Male,CSE,7.48,92.8,68.9,0,6.4,77.1,3,3,2,4,2,3,1,6.3,6,No,Medium,Tier 2,Yes,Low,Placed,15.87
3443,Male,IT,9.13,100.0,84.0,0,7.1,91.3,5,5,4,2,5,3,1,6.0,4,Yes,Low,Tier 3,No,Low,Placed,17.83
3444,Female,ECE,7.55,70.1,75.8,0,7.8,79.0,6,2,4,4,3,2,1,6.4,6,Yes,Medium,Tier 2,Yes,Low,Placed,15.57
3445,Female,CSE,2.27,32.4,33.3,0,2.0,41.2,3,2,2,2,2,1,2,4.9,3,No,Medium,Tier 1,Yes,Medium,Not Placed,0.0
3446,Female,IT,8.88,90.8,86.1,0,7.0,100.0,4,3,3,2,1,1,3,6.5,6,No,Low,Tier 3,Yes,Medium,Placed,16.29
3447,Female,ECE,3.88,49.0,57.3,0,4.8,53.2,3,2,3,4,2,3,2,8.9,1,No,High,Tier 1,Yes,High,Not Placed,0.0
3448,Female,ME,5.76,73.1,61.4,0,6.3,68.5,2,2,3,3,3,2,1,6.1,3,No,Low,Tier 2,Yes,Low,Placed,13.74
3449,Male,CSE,8.31,89.7,80.6,0,5.9,67.9,6,1,5,3,5,4,1,5.4,6,No,Medium,Tier 2,Yes,Medium,Placed,16.66
3450,Male,IT,1.88,1.6,19.5,0,3.4,49.6,4,1,3,3,2,3,4,6.4,8,No,Low,Tier 2,Yes,Low,Not Placed,0.0
3451,Male,IT,7.85,68.6,91.0,2,7.1,74.8,3,1,4,1,3,4,0,7.3,6,Yes,Medium,Tier 2,No,High,Placed,15.87
3452,Female,CSE,5.96,43.8,59.0,0,4.8,65.0,2,2,3,4,4,3,2,6.1,5,No,Medium,Tier 3,Yes,Medium,Not Placed,0.0
3453,Female,IT,8.93,92.7,78.6,2,7.0,78.5,5,3,5,2,4,3,1,7.1,4,No,Low,Tier 3,Yes,Medium,Placed,16.12
3454,Male,ECE,1.72,32.0,33.9,1,0.7,43.8,2,0,2,2,3,2,0,7.3,4,Yes,Medium,Tier 2,Yes,Medium,Not Placed,0.0
3455,Female,CE,4.21,53.6,44.0,0,6.2,36.2,2,2,1,2,3,0,1,7.0,2,No,Low,Tier 1,Yes,Low,Not Placed,0.0
3456,Male,CSE,8.33,76.2,79.4,0,8.3,93.2,6,2,5,4,3,4,3,6.9,5,No,Low,Tier 1,Yes,Low,Placed,16.59
3457,Male,IT,0.19,23.4,22.1,0,0.3,35.7,2,0,0,1,2,0,1,9.1,10,Yes,High,Tier 3,Yes,Medium,Not Placed,0.0
3458,Female,ECE,1.12,31.7,23.7,1,3.1,36.1,4,0,4,4,2,4,2,7.2,6,Yes,Medium,Tier 2,Yes,Low,Not Placed,0.0
3459,Female,EE,9.91,86.7,100.0,0,7.9,75.9,4,3,5,3,5,4,2,6.1,6,No,Medium,Tier 1,No,Medium,Placed,18.72
3460,Female,CSE,2.8,24.1,39.7,5,4.4,57.0,1,1,1,3,2,1,1,7.9,2,No,Medium,Tier 3,Yes,Medium,Not Placed,0.0
3461,Male,EE,9.76,98.0,100.0,1,7.8,85.9,2,4,2,3,5,2,2,6.9,8,No,Medium,Tier 2,Yes,Medium,Placed,15.02
3462,Male,CE,1.83,48.5,13.2,0,2.4,61.7,2,1,2,3,4,1,0,7.1,9,No,Low,Tier 2,No,Low,Not Placed,0.0
3463,Female,CSE,3.61,62.7,38.3,0,3.7,62.5,1,1,1,4,2,1,1,8.2,6,No,Low,Tier 2,Yes,High,Not Placed,0.0
3464,Male,ME,7.53,84.6,67.4,0,6.1,98.6,4,3,4,2,3,4,0,8.6,7,No,Medium,Tier 2,Yes,Medium,Placed,17.1
3465,Male,EE,6.58,63.6,61.1,0,7.5,76.1,5,4,5,1,5,5,4,5.6,4,Yes,High,Tier 3,Yes,Medium,Placed,16.21
3466,Female,CSE,5.81,73.3,68.6,0,6.5,82.8,2,2,2,3,4,2,1,9.1,5,No,Medium,Tier 3,Yes,Low,Placed,14.55
3467,Male,ECE,5.3,55.5,70.8,1,5.3,72.4,4,0,4,4,2,3,3,6.9,10,No,High,Tier 2,Yes,Low,Placed,12.35
3468,Female,ECE,8.43,79.0,88.9,1,8.4,80.2,5,2,3,4,5,2,1,6.9,5,No,Low,Tier 1,Yes,Medium,Placed,15.58
3469,Female,CSE,2.35,13.5,34.5,0,1.5,51.3,3,1,3,5,1,3,5,5.8,9,No,Low,Tier 3,Yes,Low,Not Placed,0.0
3470,Male,CSE,4.42,53.6,47.1,0,3.4,51.5,3,3,3,3,3,1,2,7.9,10,No,Medium,Tier 3,Yes,High,Not Placed,0.0
3471,Male,CSE,1.55,21.9,41.5,0,3.1,69.1,2,0,1,3,3,3,1,5.3,6,No,Low,Tier 2,Yes,High,Not Placed,0.0
3472,Female,CSE,5.96,66.6,86.4,0,6.4,69.5,3,2,4,3,4,4,0,7.6,5,No,Low,Tier 3,Yes,Low,Placed,16.81
3473,Female,ECE,2.51,13.3,39.4,1,3.5,50.4,2,1,2,2,1,3,0,9.0,3,Yes,Low,Tier 2,Yes,Medium,Not Placed,0.0
3474,Female,CSE,3.34,45.1,54.1,0,2.0,59.7,1,1,1,2,1,1,0,6.6,7,No,Medium,Tier 1,Yes,Low,Not Placed,0.0
3475,Female,ME,4.71,30.7,59.1,2,3.7,50.2,3,3,4,2,3,3,0,8.3,6,No,High,Tier 2,Yes,Medium,Not Placed,0.0
3476,Female,IT,0.27,28.2,27.7,4,2.1,52.5,0,1,0,0,2,1,5,7.1,5,No,Low,Tier 2,Yes,Medium,Not Placed,0.0
3477,Female,CSE,0.92,28.0,13.7,0,4.6,28.2,1,1,1,2,0,0,2,5.3,5,No,Low,Tier 1,Yes,Medium,Not Placed,0.0
3478,Male,IT,6.86,70.5,68.0,0,7.5,61.1,2,2,3,3,4,2,2,7.1,6,No,Medium,Tier 2,Yes,Medium,Placed,14.73
3479,Male,IT,4.29,57.1,56.3,0,6.1,58.7,3,2,1,4,1,1,1,6.8,6,Yes,Medium,Tier 3,No,Medium,Not Placed,0.0
3480,Male,EE,8.65,78.7,99.3,0,7.9,71.5,4,3,3,2,5,1,3,8.1,5,No,High,Tier 1,Yes,High,Placed,17.12
3481,Male,CSE,6.95,74.8,65.4,0,6.7,95.4,5,2,4,2,3,4,2,6.6,8,No,Medium,Tier 3,Yes,Medium,Placed,15.88
3482,Male,CSE,0.08,23.6,0.0,2,0.5,32.7,0,1,1,4,1,2,2,7.6,5,No,Low,Tier 1,Yes,Medium,Not Placed,0.0
3483,Male,CE,6.17,36.5,62.4,0,6.8,33.4,4,2,4,1,4,1,1,5.7,5,Yes,Low,Tier 2,Yes,Medium,Not Placed,0.0
3484,Female,CE,0.94,18.5,35.6,1,2.1,43.0,4,0,3,3,2,2,1,7.5,3,No,Medium,Tier 3,Yes,Low,Not Placed,0.0
3485,Male,IT,7.81,81.2,64.6,1,7.7,88.5,6,2,4,4,4,3,2,7.0,5,No,Medium,Tier 2,Yes,Low,Placed,16.01
3486,Male,IT,9.92,97.4,85.6,2,8.5,89.5,3,2,4,2,5,3,2,6.8,5,No,Medium,Tier 1,Yes,Low,Placed,16.72
3487,Male,CSE,5.31,74.7,62.0,0,5.5,50.6,3,3,4,1,3,4,1,7.0,1,No,Medium,Tier 3,Yes,Medium,Placed,14.25
3488,Male,ECE,6.83,61.8,71.5,2,6.2,74.7,3,2,3,5,5,2,2,6.6,7,No,Medium,Tier 1,Yes,Medium,Placed,13.31
3489,Male,CSE,2.37,28.9,42.9,1,3.4,43.4,0,1,0,4,0,1,1,7.2,7,No,High,Tier 3,Yes,Low,Not Placed,0.0
3490,Male,CSE,4.38,33.1,40.8,0,5.6,49.6,5,3,3,4,2,2,2,6.8,10,Yes,Medium,Tier 1,Yes,Medium,Not Placed,0.0
3491,Male,ME,8.56,100.0,83.2,5,6.2,73.6,6,3,5,3,4,3,0,5.8,4,No,Medium,Tier 1,Yes,High,Not Placed,0.0
3492,Female,CSE,1.67,26.7,43.3,4,1.2,46.9,1,0,1,4,1,1,3,5.4,5,Yes,Medium,Tier 3,Yes,High,Not Placed,0.0
3493,Female,ECE,2.66,33.2,27.4,0,3.8,61.8,4,0,4,0,2,2,2,6.4,6,No,High,Tier 2,Yes,Low,Not Placed,0.0
3494,Female,CE,4.45,52.3,68.4,2,6.1,67.2,3,1,3,2,3,2,1,6.6,5,No,High,Tier 2,Yes,High,Not Placed,0.0
3495,Female,CSE,7.12,81.9,64.3,0,8.2,57.0,2,2,4,4,4,3,0,4.0,4,No,Low,Tier 2,Yes,Low,Placed,16.49
3496,Male,EE,3.76,50.4,56.6,0,2.9,64.9,2,0,2,1,1,1,0,7.0,3,No,Medium,Tier 2,Yes,Medium,Not Placed,0.0
3497,Female,EE,9.28,100.0,88.5,0,7.6,99.9,5,2,5,3,5,6,0,9.6,6,No,Medium,Tier 3,Yes,Medium,Placed,19.65
3498,Female,ECE,0.94,27.5,14.1,0,0.7,57.4,1,1,0,3,1,2,2,7.8,8,No,Low,Tier 3,Yes,Medium,Not Placed,0.0
3499,Male,CSE,3.71,41.9,42.7,0,3.5,45.9,1,1,2,2,3,2,1,6.8,6,No,High,Tier 2,Yes,High,Not Placed,0.0
3500,Female,CSE,7.09,69.7,80.2,0,7.6,76.9,4,2,3,3,3,3,0,6.0,5,No,Low,Tier 2,Yes,Medium,Placed,14.69
3501,Male,ECE,2.26,30.3,36.0,1,3.1,55.4,1,1,0,3,2,1,0,5.0,6,No,Low,Tier 2,Yes,Low,Not Placed,0.0
3502,Female,CSE,6.56,55.7,81.7,0,5.7,68.0,4,3,4,3,3,4,1,8.1,7,Yes,Medium,Tier 1,Yes,Medium,Placed,16.19
3503,Female,CSE,1.64,29.3,45.5,0,3.2,51.5,4,0,2,3,2,3,1,7.5,6,No,Medium,Tier 2,Yes,High,Not Placed,0.0
3504,Male,EE,0.56,27.6,10.6,0,1.1,38.1,0,0,2,2,2,3,1,5.5,3,No,Low,Tier 3,Yes,Medium,Not Placed,0.0
3505,Female,CSE,1.21,19.2,15.1,0,3.9,32.1,2,0,1,3,0,0,2,8.2,6,No,High,Tier 1,Yes,Low,Not Placed,0.0
3506,Female,IT,9.3,86.0,79.4,0,8.0,81.7,5,2,5,3,4,5,0,8.0,4,No,Low,Tier 1,Yes,Low,Placed,18.06
3507,Female,CSE,5.52,77.1,53.2,0,5.0,83.1,3,3,3,3,3,1,0,6.2,4,No,Medium,Tier 1,Yes,Medium,Placed,15.13
3508,Male,ECE,7.96,68.4,92.7,0,7.7,70.8,3,2,4,3,5,2,3,6.6,3,No,Medium,Tier 2,Yes,Low,Placed,16.58
3509,Female,CE,3.33,22.6,50.2,0,4.8,41.0,0,3,1,3,3,2,2,7.3,5,No,Low,Tier 1,Yes,Medium,Not Placed,0.0
3510,Male,CSE,5.93,53.9,60.0,0,7.2,74.7,2,2,1,4,5,0,2,7.7,4,No,Low,Tier 2,Yes,Low,Placed,10.68
3511,Male,CSE,4.95,41.7,57.5,3,4.8,64.3,5,2,4,3,3,5,1,5.7,5,No,Low,Tier 1,Yes,High,Placed,13.37
3512,Male,IT,9.46,99.3,100.0,0,9.2,76.0,7,3,5,3,4,5,2,7.7,4,No,Medium,Tier 3,Yes,Low,Placed,17.57
3513,Female,IT,7.48,75.0,96.9,1,6.8,73.6,7,3,5,2,4,4,2,7.1,7,No,Low,Tier 2,No,High,Placed,17.52
3514,Female,IT,7.31,74.9,79.1,0,6.0,69.1,2,3,3,5,5,3,2,8.3,5,No,Medium,Tier 2,Yes,Low,Placed,15.09
3515,Female,CSE,0.46,30.4,0.0,0,1.0,30.1,0,1,0,2,3,1,3,7.9,4,No,Low,Tier 1,Yes,Medium,Not Placed,0.0
3516,Female,CSE,5.5,54.8,65.0,0,4.3,98.3,2,2,1,3,3,1,1,7.1,2,No,Medium,Tier 3,Yes,Medium,Placed,11.5
3517,Male,EE,4.67,62.4,64.7,3,4.0,59.4,5,3,4,2,2,4,1,8.1,9,No,Low,Tier 3,Yes,Medium,Placed,13.27
3518,Male,CE,9.28,100.0,94.5,0,9.1,80.1,6,3,5,1,5,3,3,5.2,2,Yes,Medium,Tier 3,Yes,Low,Placed,19.51
3519,Male,ECE,2.57,32.3,45.8,1,4.0,74.7,2,0,3,3,1,3,1,6.6,6,No,Medium,Tier 2,Yes,Medium,Not Placed,0.0
3520,Male,ME,2.7,45.3,43.2,0,2.1,61.9,1,1,1,3,2,2,4,5.8,7,No,Low,Tier 3,Yes,Low,Not Placed,0.0
3521,Male,ECE,4.11,47.5,38.5,0,2.6,68.4,5,2,3,3,3,4,2,6.3,5,No,High,Tier 3,Yes,Medium,Not Placed,0.0
3522,Male,ECE,2.43,44.9,28.6,3,2.1,39.6,0,2,1,3,2,1,1,6.3,6,No,Low,Tier 1,Yes,Low,Not Placed,0.0
3523,Male,CSE,1.29,10.3,25.1,0,1.6,57.0,2,0,3,4,1,3,2,5.5,6,No,Medium,Tier 1,Yes,High,Not Placed,0.0
3524,Male,ECE,8.57,71.4,97.2,0,7.2,96.2,5,3,5,4,4,3,1,8.1,7,No,Low,Tier 1,Yes,Medium,Placed,17.76
3525,Male,ECE,5.58,58.5,55.0,0,6.6,70.2,3,1,1,2,3,1,1,7.9,7,No,High,Tier 3,Yes,Medium,Not Placed,0.0
3526,Male,CSE,8.61,79.3,91.4,0,7.0,66.1,2,2,4,5,3,4,1,6.3,5,No,Medium,Tier 1,Yes,Low,Placed,16.52
3527,Female,ECE,8.31,80.5,87.5,0,9.0,84.6,2,3,2,3,4,2,1,4.2,5,Yes,Low,Tier 3,Yes,High,Placed,15.19
3528,Female,IT,2.82,36.8,56.4,0,1.8,72.7,2,0,1,4,1,3,2,6.4,10,No,Medium,Tier 2,Yes,Low,Not Placed,0.0
3529,Female,IT,5.48,68.8,61.4,0,5.0,70.5,4,3,2,3,4,2,1,6.9,8,No,Medium,Tier 3,Yes,Low,Placed,13.56
3530,Male,IT,0.83,18.0,7.1,0,2.9,35.5,1,1,0,3,2,0,0,8.6,4,Yes,Medium,Tier 3,No,Medium,Not Placed,0.0
3531,Male,CE,9.15,84.5,97.7,0,8.8,87.2,2,2,4,4,4,4,3,6.3,6,No,High,Tier 3,No,Medium,Placed,17.76
3532,Female,CSE,4.04,45.8,71.7,5,4.0,57.3,2,2,3,5,2,2,3,8.2,6,No,Medium,Tier 2,Yes,Low,Not Placed,0.0
3533,Male,ECE,3.94,40.8,56.6,0,5.3,49.0,4,0,2,4,2,3,0,6.4,5,No,Medium,Tier 1,Yes,Low,Not Placed,0.0
3534,Male,IT,3.03,31.4,34.4,1,4.4,52.7,3,1,2,3,1,1,1,7.7,9,No,Medium,Tier 1,Yes,Low,Not Placed,0.0
3535,Male,ECE,4.61,38.1,44.1,1,4.0,80.0,2,2,3,3,3,2,1,8.0,5,No,Low,Tier 3,Yes,Medium,Not Placed,0.0
3536,Male,CSE,2.52,37.1,28.6,0,3.6,66.1,2,2,1,2,1,0,0,7.7,5,Yes,Medium,Tier 1,Yes,High,Not Placed,0.0
3537,Male,CSE,3.75,41.2,68.0,0,4.8,48.4,3,1,2,4,2,2,2,5.9,7,No,Medium,Tier 3,Yes,Low,Not Placed,0.0
3538,Male,ME,8.0,92.7,78.7,0,6.5,98.3,3,2,5,4,3,4,2,6.6,4,No,High,Tier 3,Yes,Medium,Placed,17.54
3539,Female,ECE,8.34,71.4,78.1,0,9.0,94.2,2,2,4,3,5,5,1,7.7,4,No,Medium,Tier 1,Yes,Low,Placed,17.31
3540,Male,ME,3.04,35.4,40.7,0,2.8,60.8,4,1,3,5,3,2,1,5.1,8,No,Medium,Tier 1,Yes,Medium,Not Placed,0.0
3541,Male,ECE,4.69,73.0,52.4,1,4.9,68.3,5,2,3,4,3,2,1,7.9,5,Yes,Medium,Tier 3,Yes,Medium,Placed,14.47
3542,Female,IT,8.74,79.9,100.0,0,6.4,76.3,5,4,5,5,3,1,5,5.5,4,Yes,Medium,Tier 1,Yes,Medium,Placed,18.72
3543,Male,ME,0.53,17.1,12.1,0,2.0,33.3,0,0,1,2,0,1,1,5.4,6,No,Medium,Tier 3,Yes,Medium,Not Placed,0.0
3544,Male,IT,8.89,78.4,100.0,0,6.7,98.3,3,4,5,3,5,4,6,6.4,6,No,High,Tier 2,Yes,Medium,Placed,17.99
3545,Female,ECE,2.19,20.1,36.7,2,2.7,33.7,3,1,2,3,4,2,1,6.2,8,Yes,High,Tier 2,Yes,Medium,Not Placed,0.0
3546,Male,ECE,6.79,88.2,84.4,0,4.7,63.3,5,2,4,5,4,5,2,7.2,8,Yes,Medium,Tier 2,Yes,Medium,Placed,14.87
3547,Male,ME,5.83,66.3,80.5,0,6.4,73.7,4,3,4,3,3,4,2,7.3,6,No,Low,Tier 1,Yes,Medium,Placed,15.76
3548,Male,ECE,5.53,63.3,63.1,0,5.7,58.7,2,1,2,5,3,1,2,7.1,9,Yes,Medium,Tier 3,Yes,Low,Placed,12.51
3549,Male,ECE,8.59,71.1,83.6,0,8.6,96.4,4,3,3,4,4,1,0,5.8,8,No,Medium,Tier 1,No,Medium,Placed,15.56
3550,Male,CSE,1.02,27.3,26.8,1,1.9,32.1,3,0,1,3,2,0,3,8.5,6,Yes,Medium,Tier 3,Yes,Medium,Not Placed,0.0
3551,Female,CE,3.47,56.1,44.8,1,5.1,58.8,5,2,4,3,2,3,0,7.1,4,No,Low,Tier 1,Yes,Low,Not Placed,0.0
3552,Male,CSE,5.38,72.2,44.5,1,5.3,71.2,2,2,3,4,2,3,0,8.1,9,No,Medium,Tier 2,Yes,High,Placed,13.84
3553,Male,IT,8.11,90.6,98.4,0,7.3,77.9,5,2,4,5,4,1,3,4.2,8,No,Medium,Tier 3,Yes,Low,Placed,16.68
3554,Male,ECE,2.16,22.1,37.7,4,5.1,45.1,0,1,0,3,3,0,1,7.6,3,Yes,Low,Tier 1,Yes,Medium,Not Placed,0.0
3555,Male,ECE,8.03,86.4,70.6,0,6.6,75.0,3,3,4,2,5,4,3,6.3,4,No,Medium,Tier 2,Yes,Medium,Placed,15.03
3556,Female,IT,4.0,55.7,29.3,0,5.5,58.8,2,1,2,4,1,1,1,7.9,3,No,Medium,Tier 1,Yes,Low,Not Placed,0.0
3557,Male,CSE,1.89,13.1,9.8,0,3.3,34.8,1,0,0,2,1,0,0,9.1,3,No,Medium,Tier 1,Yes,High,Not Placed,0.0
3558,Male,ECE,7.59,68.3,86.4,0,6.2,77.9,5,2,4,3,4,2,0,5.6,8,No,Low,Tier 1,Yes,Medium,Placed,16.96
3559,Male,IT,0.91,31.6,19.1,0,0.8,49.4,0,0,0,4,3,0,0,8.0,6,No,Medium,Tier 3,Yes,Low,Not Placed,0.0
3560,Male,ME,5.15,67.5,54.7,0,4.1,52.3,2,1,2,4,5,1,1,6.3,4,No,High,Tier 2,Yes,Medium,Placed,11.81
3561,Male,CSE,0.64,5.0,28.0,0,3.1,33.0,2,0,2,2,1,1,2,4.8,7,No,Medium,Tier 2,Yes,Low,Not Placed,0.0
3562,Female,ME,3.56,53.2,41.3,0,5.7,62.6,3,1,2,2,3,2,3,8.1,7,No,High,Tier 1,Yes,Low,Not Placed,0.0
3563,Male,IT,6.01,67.0,71.5,2,5.8,46.1,2,1,3,4,3,3,1,9.2,8,No,Medium,Tier 1,Yes,Low,Placed,12.83
3564,Male,ME,5.56,70.1,63.4,5,5.5,90.6,2,3,2,3,3,1,2,9.5,7,No,High,Tier 2,Yes,High,Not Placed,0.0
3565,Male,ECE,4.05,43.1,49.6,0,5.1,71.8,3,2,2,2,2,3,3,7.4,7,Yes,Medium,Tier 1,Yes,Low,Not Placed,0.0
3566,Female,ECE,4.29,57.9,36.6,2,4.6,42.3,3,1,3,4,3,3,1,5.3,4,No,Low,Tier 2,Yes,Medium,Not Placed,0.0
3567,Male,CE,2.27,42.7,28.0,2,4.2,23.4,3,0,1,4,3,1,1,6.8,6,No,Medium,Tier 1,Yes,Medium,Not Placed,0.0
3568,Female,ME,4.56,50.2,60.5,5,5.0,62.7,4,1,4,2,1,3,1,6.9,5,No,Medium,Tier 2,Yes,Low,Not Placed,0.0
3569,Female,ECE,9.53,96.2,87.4,0,8.3,78.7,5,3,3,5,5,1,0,8.3,1,No,High,Tier 3,Yes,High,Placed,18.08
3570,Female,CSE,8.5,80.8,98.1,1,6.8,97.5,4,2,2,2,5,0,2,7.0,6,No,Medium,Tier 3,Yes,Medium,Placed,15.72
3571,Male,ECE,1.45,43.8,53.1,0,1.6,48.4,3,0,2,4,3,2,1,4.5,2,No,Medium,Tier 2,Yes,High,Not Placed,0.0
3572,Male,ECE,0.3,16.3,27.0,0,0.0,38.3,1,1,0,5,2,0,0,7.8,7,No,Low,Tier 2,Yes,Medium,Not Placed,0.0
3573,Female,CSE,9.34,85.2,100.0,1,9.3,84.2,6,3,5,4,4,3,3,7.1,5,No,Medium,Tier 2,Yes,High,Placed,17.41
3574,Female,CSE,5.27,52.6,67.4,1,5.0,85.8,5,2,4,3,4,3,2,8.1,5,No,Low,Tier 2,Yes,High,Placed,14.9
3575,Female,ME,5.38,62.0,55.7,0,4.9,76.3,2,2,2,1,4,0,1,7.3,4,No,Medium,Tier 2,Yes,Low,Not Placed,0.0
3576,Male,CSE,7.81,88.9,82.5,2,5.0,89.1,5,3,4,5,3,3,0,7.8,4,Yes,Low,Tier 3,Yes,Low,Placed,15.71
3577,Male,IT,3.15,28.4,63.3,0,3.1,68.3,4,2,3,4,2,3,4,7.0,5,No,High,Tier 2,No,Low,Not Placed,0.0
3578,Male,CSE,4.82,74.4,51.3,0,4.1,51.7,5,2,4,1,2,1,2,7.3,7,No,Medium,Tier 2,Yes,Medium,Placed,15.07
3579,Female,CSE,9.69,100.0,85.1,0,7.5,100.0,3,4,4,5,4,4,0,5.9,3,Yes,Low,Tier 2,Yes,Low,Placed,17.86
3580,Male,CSE,6.72,76.8,60.4,2,6.5,72.1,3,2,3,3,3,4,3,7.4,6,No,Medium,Tier 2,Yes,Medium,Placed,14.59
3581,Male,CSE,1.54,27.1,28.1,4,2.7,48.3,3,0,2,3,2,1,1,6.8,10,Yes,Medium,Tier 2,No,High,Not Placed,0.0
3582,Female,IT,1.33,26.5,18.6,1,1.1,41.1,1,0,2,2,1,2,1,7.6,4,No,Low,Tier 2,Yes,High,Not Placed,0.0
3583,Male,ME,2.04,30.9,51.1,0,1.6,24.7,2,0,1,3,1,0,1,5.6,5,No,Medium,Tier 2,Yes,High,Not Placed,0.0
3584,Female,CSE,7.67,90.4,81.5,0,5.6,92.5,6,3,5,4,3,5,2,8.7,7,No,Medium,Tier 3,Yes,Low,Placed,17.43
3585,Male,ECE,2.95,40.0,51.3,0,5.4,30.8,2,1,0,2,2,1,2,7.3,10,No,Low,Tier 2,Yes,High,Not Placed,0.0
3586,Male,ECE,0.21,24.5,16.7,0,3.1,24.7,0,0,0,3,0,0,4,8.0,9,Yes,High,Tier 2,Yes,Low,Not Placed,0.0
3587,Male,ME,9.44,90.9,82.1,0,7.3,86.2,3,3,3,5,2,2,2,7.0,5,Yes,Medium,Tier 1,Yes,High,Placed,17.04
3588,Female,IT,1.7,31.4,18.5,0,0.7,21.8,3,1,3,4,3,3,1,7.7,6,Yes,Medium,Tier 2,Yes,Low,Not Placed,0.0
3589,Male,ECE,0.1,7.8,9.7,0,1.7,22.4,1,0,1,4,0,1,1,4.3,5,Yes,Medium,Tier 2,Yes,High,Not Placed,0.0
3590,Male,IT,2.37,47.3,40.4,2,3.2,52.2,2,0,0,2,2,0,1,6.9,8,No,Medium,Tier 3,Yes,Medium,Not Placed,0.0
3591,Female,ME,2.35,26.6,42.0,0,3.5,44.9,2,2,2,1,3,1,2,6.0,5,No,Medium,Tier 2,Yes,Medium,Not Placed,0.0
3592,Male,CSE,4.22,47.6,57.8,1,5.2,57.2,2,2,2,5,1,2,0,6.6,9,No,High,Tier 2,Yes,Low,Not Placed,0.0
3593,Male,ECE,9.2,90.1,76.7,0,8.4,79.2,2,1,2,4,3,0,2,8.2,2,No,Medium,Tier 2,Yes,Low,Placed,14.38
3594,Male,CE,8.79,86.2,88.3,0,6.5,88.3,4,3,5,5,3,4,3,5.1,7,No,Medium,Tier 3,No,Medium,Placed,18.19
3595,Male,IT,4.57,61.1,44.3,0,5.0,58.5,1,3,1,3,4,1,1,7.9,7,Yes,Medium,Tier 3,Yes,Medium,Not Placed,0.0
3596,Female,ECE,4.11,46.8,54.9,0,5.2,40.0,3,2,3,5,2,2,2,7.6,1,No,Medium,Tier 1,Yes,High,Not Placed,0.0
3597,Male,ECE,5.55,76.1,67.2,0,4.7,65.9,2,2,2,0,3,2,5,8.5,2,No,Medium,Tier 3,Yes,Medium,Placed,12.58
3598,Male,CSE,2.43,27.5,25.7,0,3.5,34.7,1,0,2,4,2,2,2,4.5,8,Yes,Low,Tier 2,Yes,Medium,Not Placed,0.0
3599,Male,ECE,0.52,21.1,31.8,2,1.3,48.9,2,0,2,4,2,1,1,7.7,7,No,Medium,Tier 2,Yes,Medium,Not Placed,0.0
3600,Female,IT,9.39,87.1,100.0,3,10.0,86.6,4,2,5,2,5,4,4,7.3,7,No,Medium,Tier 1,Yes,Medium,Placed,18.17
3601,Male,ECE,1.87,35.1,41.3,0,1.5,76.5,3,0,2,4,5,3,2,6.9,9,No,Medium,Tier 3,Yes,Medium,Not Placed,0.0
3602,Male,IT,1.98,31.7,32.2,0,4.0,58.5,2,0,2,3,2,1,1,8.7,5,No,Medium,Tier 3,Yes,High,Not Placed,0.0
3603,Male,ME,4.72,53.6,52.6,3,3.1,61.8,2,3,1,3,4,0,0,4.5,9,Yes,Low,Tier 3,Yes,Medium,Not Placed,0.0
3604,Male,CSE,4.92,68.7,55.3,1,6.7,71.5,3,2,2,3,4,1,3,7.2,10,No,Low,Tier 3,No,Low,Placed,12.68
3605,Male,ECE,0.18,10.0,11.8,0,0.5,11.0,0,1,1,5,1,1,4,8.2,8,No,Low,Tier 1,Yes,Medium,Not Placed,0.0
3606,Male,ECE,1.48,33.4,32.4,1,2.7,55.4,1,0,1,2,0,0,3,5.0,6,No,Medium,Tier 1,Yes,Medium,Not Placed,0.0
3607,Female,IT,3.78,39.4,36.9,0,2.5,47.8,3,1,1,2,2,0,0,7.7,5,No,Medium,Tier 3,Yes,Medium,Not Placed,0.0
3608,Male,CSE,6.84,74.3,53.8,0,4.9,77.1,3,1,4,2,3,4,2,7.4,6,No,Low,Tier 2,No,Low,Placed,15.1
3609,Female,IT,2.28,22.4,38.4,0,4.0,39.9,4,0,1,3,2,0,1,4.4,6,Yes,Medium,Tier 1,Yes,Medium,Not Placed,0.0
3610,Female,ME,4.23,44.3,52.1,0,5.5,52.9,5,2,4,3,2,3,3,8.3,6,No,Medium,Tier 1,Yes,High,Not Placed,0.0
3611,Male,ECE,5.57,61.5,56.8,0,5.6,66.2,4,2,3,4,2,3,4,5.9,3,No,High,Tier 1,Yes,Low,Placed,14.49
3612,Male,CE,8.89,100.0,76.3,0,8.5,89.3,5,3,5,2,5,4,5,8.9,6,No,High,Tier 1,Yes,High,Placed,19.44
3613,Male,EE,3.26,43.7,47.0,2,4.8,54.2,4,0,3,3,3,3,0,7.7,6,No,High,Tier 2,Yes,Low,Not Placed,0.0
3614,Female,CSE,1.34,42.9,18.8,0,1.8,43.0,4,1,3,4,0,2,1,7.4,8,No,High,Tier 1,Yes,Medium,Not Placed,0.0
3615,Male,CSE,4.89,58.8,55.7,0,3.5,44.8,3,2,3,2,2,3,1,8.2,7,No,High,Tier 2,Yes,Medium,Placed,13.98
3616,Male,EE,7.47,74.6,95.4,0,6.7,100.0,3,2,3,3,4,2,3,8.1,4,No,Medium,Tier 2,Yes,High,Placed,14.89
3617,Male,EE,1.1,39.7,33.3,0,1.7,44.4,0,0,1,3,3,1,1,4.6,3,No,Low,Tier 3,Yes,Medium,Not Placed,0.0
3618,Female,CSE,4.25,55.5,38.3,0,4.9,65.8,5,0,4,3,2,4,4,5.0,5,No,Medium,Tier 2,Yes,High,Not Placed,0.0
3619,Female,CSE,0.18,10.1,6.7,1,2.2,32.0,1,0,0,2,1,0,3,6.8,4,No,High,Tier 1,Yes,High,Not Placed,0.0
3620,Male,CSE,0.34,22.6,22.2,2,1.1,26.6,0,2,0,3,1,1,0,5.7,6,No,Low,Tier 2,Yes,Low,Not Placed,0.0
3621,Female,EE,4.83,53.1,42.9,0,5.6,65.8,3,2,3,3,3,2,2,9.0,4,No,High,Tier 2,Yes,Low,Placed,13.86
3622,Male,CSE,2.98,20.4,21.8,0,4.2,56.4,2,1,2,5,1,3,1,5.8,8,No,Low,Tier 2,Yes,Low,Not Placed,0.0
3623,Male,ECE,8.45,96.2,90.9,1,8.1,100.0,4,3,5,3,2,5,3,7.1,7,No,Low,Tier 1,Yes,Low,Placed,17.21
3624,Female,ME,6.02,77.1,69.4,0,5.3,96.1,2,1,2,5,4,3,1,7.7,7,No,Medium,Tier 2,Yes,Low,Placed,13.46
3625,Male,CSE,4.54,72.0,58.8,0,5.5,80.0,2,2,3,5,2,3,3,9.9,5,Yes,Medium,Tier 3,No,Medium,Placed,13.72
3626,Male,IT,4.08,53.9,53.3,0,4.9,38.3,2,2,2,1,5,1,0,8.4,6,Yes,High,Tier 1,Yes,Medium,Not Placed,0.0
3627,Male,CSE,4.97,54.8,57.1,3,5.6,59.3,1,1,2,3,2,1,2,6.2,7,No,Medium,Tier 2,Yes,Medium,Not Placed,0.0
3628,Female,ME,0.4,26.7,14.6,0,3.5,41.4,3,0,2,5,1,2,3,7.6,6,No,Low,Tier 2,Yes,Low,Not Placed,0.0
3629,Female,CSE,8.93,99.4,94.6,3,8.1,83.8,3,2,4,3,4,2,1,7.8,7,Yes,High,Tier 2,Yes,Low,Placed,16.27
3630,Female,IT,9.98,100.0,100.0,0,7.9,94.4,4,4,5,3,2,3,0,7.7,4,No,High,Tier 3,Yes,Medium,Placed,19.36
3631,Female,IT,1.81,29.9,27.5,0,1.7,20.1,4,1,1,4,4,0,2,5.8,7,Yes,High,Tier 2,Yes,High,Not Placed,0.0
3632,Male,CSE,1.2,23.5,17.4,1,3.5,53.2,2,1,1,4,1,0,1,9.4,4,No,Medium,Tier 3,Yes,High,Not Placed,0.0
3633,Male,CSE,1.44,20.1,18.2,0,2.9,21.1,1,1,0,3,1,0,1,5.5,10,No,High,Tier 2,Yes,Medium,Not Placed,0.0
3634,Male,ECE,6.61,76.6,62.2,0,7.8,55.8,5,2,4,3,2,4,0,7.8,6,No,Low,Tier 1,Yes,Low,Placed,14.83
3635,Male,CSE,6.61,55.7,72.9,0,4.1,62.5,5,3,4,0,4,4,0,5.9,8,No,Medium,Tier 3,Yes,Medium,Placed,15.13
3636,Male,ME,8.48,94.8,64.4,0,8.3,84.7,4,3,5,3,4,4,2,7.5,5,No,Low,Tier 1,Yes,Low,Placed,17.89
3637,Female,ME,7.52,84.8,82.6,0,6.5,60.6,3,3,4,3,2,3,0,6.8,5,Yes,Medium,Tier 3,No,Low,Placed,16.51
3638,Male,ECE,4.5,59.1,60.4,1,4.3,49.3,0,3,2,2,1,1,5,5.4,5,No,High,Tier 1,Yes,Low,Not Placed,0.0
3639,Male,IT,6.13,68.5,49.1,1,5.0,85.6,3,1,3,3,4,3,3,4.0,2,No,Medium,Tier 3,Yes,Medium,Placed,15.11
3640,Male,IT,6.88,88.8,63.2,4,7.2,74.9,3,1,4,2,3,2,2,8.1,1,Yes,High,Tier 1,Yes,High,Not Placed,0.0
3641,Male,ME,5.13,67.3,59.8,1,5.7,71.0,3,1,3,3,1,2,1,6.3,5,No,Medium,Tier 1,Yes,Low,Placed,12.74
3642,Female,ECE,4.76,49.4,54.6,1,3.7,48.7,3,2,3,3,3,3,3,7.2,2,No,Low,Tier 2,Yes,Low,Placed,12.61
3643,Male,CSE,6.45,63.9,74.8,1,6.2,73.1,3,2,3,4,3,1,0,9.2,6,No,High,Tier 1,No,Low,Placed,14.18
3644,Male,CSE,5.57,53.5,61.1,2,6.1,66.8,4,1,4,3,5,3,1,7.7,5,No,Low,Tier 1,Yes,Medium,Placed,13.83
3645,Female,ECE,6.44,75.3,82.2,0,6.2,64.1,3,2,3,5,3,2,1,4.0,1,No,Low,Tier 3,Yes,Low,Placed,16.61
3646,Male,ECE,6.13,57.1,63.8,0,6.9,71.2,5,1,5,2,3,3,0,5.5,4,No,Low,Tier 3,Yes,Low,Placed,14.35
3647,Male,ECE,7.19,86.9,65.7,1,6.2,55.4,3,2,4,5,4,3,0,4.8,5,Yes,High,Tier 1,Yes,Low,Placed,14.74
3648,Male,CSE,6.43,82.9,58.8,0,3.7,78.8,3,2,3,4,3,3,1,6.0,8,No,High,Tier 2,Yes,Low,Placed,14.46
3649,Male,IT,5.2,50.4,67.0,3,5.3,61.4,4,3,2,5,3,2,0,6.7,5,No,Medium,Tier 3,Yes,Medium,Placed,11.38
3650,Female,CSE,6.82,71.1,72.9,0,6.5,72.8,3,3,3,3,2,3,1,10.0,2,No,High,Tier 1,Yes,Medium,Placed,15.88
3651,Female,CSE,4.49,53.3,60.3,0,5.0,72.2,5,2,3,3,2,3,0,8.2,2,No,Medium,Tier 3,Yes,High,Not Placed,0.0
3652,Male,ECE,2.42,44.4,43.5,1,4.3,54.7,1,1,1,2,2,2,0,7.4,4,No,High,Tier 3,Yes,Medium,Not Placed,0.0
3653,Female,CSE,0.01,31.2,0.0,0,0.0,31.2,2,1,2,5,2,1,4,7.5,4,No,Medium,Tier 2,Yes,Medium,Not Placed,0.0
3654,Male,ECE,5.6,45.7,51.4,4,5.2,55.2,3,2,3,4,2,3,1,7.6,5,Yes,High,Tier 3,Yes,Medium,Not Placed,0.0
3655,Male,ECE,5.91,62.1,55.1,5,4.7,86.4,3,2,3,2,2,2,2,4.9,6,No,Low,Tier 2,Yes,Medium,Not Placed,0.0
3656,Male,ECE,9.72,95.0,87.6,1,7.1,77.2,4,2,3,4,5,3,0,5.3,7,Yes,Low,Tier 3,Yes,Medium,Placed,16.55
3657,Male,ECE,3.61,31.7,42.7,0,4.0,64.2,1,1,3,2,2,3,1,7.5,7,No,Low,Tier 3,Yes,Low,Not Placed,0.0
3658,Male,CSE,3.94,43.6,59.5,0,5.0,39.5,2,0,2,3,2,2,3,7.0,4,Yes,Low,Tier 3,Yes,High,Not Placed,0.0
3659,Female,CSE,2.02,36.4,46.1,0,3.2,58.1,5,0,3,4,3,1,2,7.4,7,Yes,Medium,Tier 1,Yes,Low,Not Placed,0.0
3660,Female,ME,0.71,18.2,20.8,2,1.3,51.4,2,1,2,5,1,1,2,8.9,2,No,Medium,Tier 2,Yes,Medium,Not Placed,0.0
3661,Male,ECE,7.73,65.3,77.3,0,6.8,58.4,5,2,4,3,3,4,1,6.2,6,No,Medium,Tier 1,Yes,Low,Placed,14.84
3662,Male,ECE,2.5,65.0,30.9,0,4.2,55.4,4,1,3,3,2,0,3,6.6,6,No,Medium,Tier 1,Yes,Low,Not Placed,0.0
3663,Male,CSE,6.09,69.4,67.6,0,6.4,75.9,4,3,4,3,2,3,3,7.3,6,No,High,Tier 1,Yes,Medium,Placed,15.11
3664,Male,ECE,6.88,74.6,75.1,0,5.8,84.7,5,2,5,4,4,4,2,5.0,3,No,High,Tier 2,Yes,Low,Placed,16.85
3665,Male,ECE,4.71,44.1,63.7,2,4.2,67.6,2,2,2,4,2,4,0,5.2,4,No,Medium,Tier 2,Yes,Low,Placed,10.69
3666,Male,ECE,8.76,92.1,96.1,0,5.9,76.0,3,2,5,3,5,4,0,8.6,7,No,High,Tier 2,Yes,Low,Placed,17.41
3667,Female,IT,4.44,51.1,30.5,0,4.2,59.0,4,1,3,1,3,2,2,6.6,5,No,Low,Tier 2,No,Low,Not Placed,0.0
3668,Male,CSE,2.85,20.3,39.3,1,1.8,72.1,0,1,0,0,2,1,2,6.4,7,No,High,Tier 1,Yes,Low,Not Placed,0.0
3669,Male,CSE,8.96,80.5,100.0,2,9.8,75.5,4,3,5,3,5,3,3,7.3,4,No,Low,Tier 2,Yes,Low,Placed,16.62
3670,Male,ME,8.62,96.2,82.6,2,6.7,90.6,4,2,3,2,3,2,0,5.0,10,No,Low,Tier 1,No,High,Placed,16.34
3671,Male,CE,1.64,48.4,42.5,1,3.8,58.7,1,2,0,2,2,0,2,6.6,5,No,Medium,Tier 2,No,Low,Not Placed,0.0
3672,Male,CSE,0.26,20.9,17.0,0,3.5,24.7,1,0,0,3,2,1,2,6.3,8,No,Medium,Tier 3,Yes,Medium,Not Placed,0.0
3673,Female,ECE,0.9,33.7,26.9,0,2.3,23.4,2,1,2,5,1,1,1,7.4,10,No,Low,Tier 2,Yes,Low,Not Placed,0.0
3674,Male,CSE,2.87,37.8,29.6,5,3.4,37.0,1,1,0,3,3,1,3,4.5,8,No,Medium,Tier 3,Yes,Low,Not Placed,0.0
3675,Female,CSE,9.72,96.8,84.8,5,7.0,98.1,4,3,4,4,4,2,0,6.0,5,No,Low,Tier 2,Yes,Medium,Not Placed,0.0
3676,Male,CSE,5.59,73.4,70.0,0,4.9,53.2,4,3,4,4,3,5,4,6.4,5,Yes,Low,Tier 1,Yes,Low,Placed,14.57
3677,Male,CSE,3.73,63.3,56.7,1,5.7,55.8,3,3,2,0,2,0,4,6.4,1,No,High,Tier 2,Yes,Low,Not Placed,0.0
3678,Male,IT,8.89,100.0,89.4,4,8.1,100.0,3,2,4,3,4,2,0,8.3,1,No,Medium,Tier 2,Yes,Low,Not Placed,0.0
3679,Female,ECE,4.53,42.8,42.0,0,4.7,61.6,2,1,1,2,3,0,1,6.1,5,Yes,Low,Tier 2,Yes,High,Placed,9.86
3680,Male,CSE,3.15,41.1,43.6,0,5.0,44.6,2,4,2,5,2,5,0,10.0,4,No,Medium,Tier 1,Yes,Medium,Not Placed,0.0
3681,Female,CSE,9.41,97.8,100.0,1,8.8,93.0,5,3,5,1,4,2,3,7.9,3,Yes,Low,Tier 3,Yes,Medium,Placed,17.6
3682,Male,ME,8.5,84.7,100.0,4,7.3,85.2,5,3,5,2,3,4,2,6.4,6,No,Low,Tier 2,Yes,Low,Not Placed,0.0
3683,Female,CSE,8.44,90.6,82.4,1,7.6,91.1,8,4,5,3,4,4,1,7.7,4,No,Medium,Tier 1,No,Medium,Placed,18.69
3684,Male,IT,5.12,66.7,42.4,2,4.3,85.1,0,2,2,2,3,1,0,7.9,4,Yes,Low,Tier 2,Yes,Low,Not Placed,0.0
3685,Female,CSE,7.89,92.1,89.5,0,6.5,87.1,3,0,3,3,3,3,2,6.6,8,No,Medium,Tier 2,Yes,Low,Placed,15.32
3686,Male,ECE,1.79,47.1,29.6,0,2.5,70.1,3,1,2,3,2,1,3,8.4,3,No,Medium,Tier 1,Yes,Medium,Not Placed,0.0
3687,Female,CSE,5.73,60.4,73.3,0,6.1,74.8,2,3,3,3,3,1,2,5.8,7,No,Low,Tier 2,No,Medium,Placed,13.42
3688,Male,CSE,9.84,85.0,99.5,5,7.1,84.8,5,3,5,4,5,2,0,7.7,6,Yes,Medium,Tier 2,Yes,Low,Not Placed,0.0
3689,Male,CSE,2.91,43.3,32.4,0,3.6,79.9,2,0,1,3,5,2,2,6.9,8,No,Medium,Tier 2,Yes,Medium,Not Placed,0.0
3690,Male,CSE,7.94,100.0,82.1,0,6.7,81.1,0,2,1,3,5,0,0,7.3,5,Yes,Medium,Tier 1,Yes,High,Placed,12.75
3691,Female,ECE,4.9,51.9,70.3,4,4.0,51.7,2,2,2,4,4,2,1,7.3,3,No,Low,Tier 2,Yes,Medium,Not Placed,0.0
3692,Male,IT,0.4,25.3,19.7,0,1.4,65.3,4,1,2,1,2,1,0,7.0,4,Yes,Low,Tier 1,Yes,Medium,Not Placed,0.0
3693,Female,CSE,7.63,86.8,68.7,2,4.5,72.0,3,5,4,4,3,5,1,9.4,5,No,Medium,Tier 2,Yes,High,Placed,14.69
3694,Male,CSE,1.69,31.3,15.6,0,1.9,35.9,2,0,2,2,0,2,0,6.3,7,No,Medium,Tier 2,Yes,High,Not Placed,0.0
3695,Male,ECE,6.31,68.7,60.8,0,4.8,66.2,4,3,4,2,2,4,1,6.1,7,Yes,Low,Tier 3,Yes,Medium,Placed,15.31
3696,Male,IT,0.86,13.1,20.8,0,1.8,42.1,2,0,2,3,1,2,1,6.9,5,No,High,Tier 2,Yes,Low,Not Placed,0.0
3697,Female,EE,9.47,72.7,100.0,5,5.8,100.0,5,2,5,3,5,4,2,8.6,5,No,Medium,Tier 3,Yes,Medium,Not Placed,0.0
3698,Female,ECE,2.92,28.7,30.2,0,3.7,20.7,2,1,2,4,2,3,3,7.0,7,No,Medium,Tier 3,No,Medium,Not Placed,0.0
3699,Female,ECE,2.26,30.3,51.6,2,4.0,59.7,2,1,2,2,1,2,1,6.9,8,No,Medium,Tier 2,Yes,High,Not Placed,0.0
3700,Male,ECE,1.29,36.9,14.9,0,2.3,36.1,1,1,0,5,0,1,1,6.3,6,No,High,Tier 3,Yes,Low,Not Placed,0.0
3701,Female,CE,9.46,94.4,100.0,0,8.6,86.8,5,3,4,2,5,2,2,6.4,6,No,High,Tier 3,Yes,Medium,Placed,18.78
3702,Female,ME,7.12,70.3,92.2,0,6.0,98.3,4,2,3,2,4,3,3,8.3,6,No,High,Tier 1,Yes,Medium,Placed,16.5
3703,Male,CSE,7.42,69.2,78.8,2,5.1,82.1,4,2,4,1,5,4,1,6.9,6,No,Medium,Tier 3,No,High,Placed,14.19
3704,Female,CSE,4.99,64.0,41.4,0,5.0,70.3,1,1,2,1,2,1,3,7.3,6,Yes,Low,Tier 1,Yes,Low,Not Placed,0.0
3705,Female,CSE,4.75,69.0,55.4,0,5.5,62.9,4,1,4,1,3,3,0,6.2,4,No,Medium,Tier 2,Yes,Low,Placed,12.04
3706,Female,ECE,1.1,35.0,22.9,2,0.9,50.8,2,0,0,3,1,0,3,7.9,2,Yes,Low,Tier 2,Yes,High,Not Placed,0.0
3707,Female,IT,5.6,68.7,50.1,0,5.0,88.0,2,3,4,4,3,1,1,8.5,4,No,Medium,Tier 3,No,Low,Placed,14.47
3708,Male,ECE,2.47,21.2,40.7,0,3.0,20.1,0,0,1,2,4,1,2,5.9,5,No,Low,Tier 1,Yes,Low,Not Placed,0.0
3709,Male,CSE,9.77,94.5,87.9,0,10.0,100.0,6,3,4,2,3,5,0,5.9,7,No,Medium,Tier 3,Yes,Medium,Placed,16.47
3710,Female,IT,7.97,100.0,74.6,1,7.3,100.0,2,4,3,3,4,4,1,6.0,5,No,High,Tier 2,Yes,Low,Placed,15.35
3711,Male,ME,4.13,61.3,49.0,0,2.5,65.8,2,1,2,3,3,1,1,8.2,6,No,Medium,Tier 1,Yes,High,Not Placed,0.0
3712,Female,CSE,1.51,12.5,24.3,2,0.4,35.9,3,1,3,3,1,1,3,5.8,6,No,Medium,Tier 3,Yes,Medium,Not Placed,0.0
3713,Female,IT,7.85,81.2,100.0,0,7.7,68.3,6,2,4,2,5,4,2,6.6,6,No,Medium,Tier 3,Yes,Low,Placed,16.38
3714,Female,ECE,1.22,29.0,22.4,0,4.8,70.7,2,2,1,3,0,0,0,5.8,5,No,Medium,Tier 3,Yes,Low,Not Placed,0.0
3715,Female,ME,1.89,23.4,37.5,2,2.5,35.5,2,1,1,5,4,0,1,9.0,4,No,Medium,Tier 2,Yes,Low,Not Placed,0.0
3716,Male,ME,2.12,9.9,36.4,0,2.6,65.9,1,1,1,2,0,0,2,6.4,2,No,Low,Tier 1,Yes,High,Not Placed,0.0
3717,Male,ECE,5.57,63.3,66.1,3,5.8,73.1,5,2,3,3,2,2,1,9.0,6,No,Low,Tier 2,No,Medium,Placed,11.65
3718,Male,IT,7.87,74.0,85.3,0,6.2,100.0,3,3,4,4,3,4,2,7.0,1,No,Low,Tier 3,Yes,Low,Placed,18.29
3719,Male,ME,3.14,33.9,51.9,0,1.2,50.0,3,1,2,2,1,0,1,6.4,6,No,High,Tier 3,Yes,Medium,Not Placed,0.0
3720,Male,ECE,0.85,18.7,27.5,0,3.1,20.8,4,0,2,4,2,2,0,8.0,7,No,High,Tier 2,Yes,High,Not Placed,0.0
3721,Male,CSE,4.65,53.2,57.4,0,4.1,62.9,5,1,3,1,3,3,1,7.0,5,No,Low,Tier 1,Yes,Medium,Placed,12.29
3722,Female,IT,7.48,78.5,78.4,0,7.8,62.0,3,3,3,4,4,2,1,8.7,6,Yes,Low,Tier 2,Yes,High,Placed,17.42
3723,Female,CSE,2.22,25.0,34.4,0,2.3,80.4,0,0,2,3,0,2,0,6.7,5,No,Medium,Tier 2,Yes,Medium,Not Placed,0.0
3724,Male,ECE,2.2,31.5,26.5,0,3.2,55.8,1,0,1,1,2,1,2,6.5,5,No,Medium,Tier 2,Yes,Low,Not Placed,0.0
3725,Male,ME,9.47,77.9,93.2,0,9.0,100.0,7,3,5,4,4,4,2,6.5,5,No,Low,Tier 1,Yes,High,Placed,17.76
3726,Female,IT,9.54,99.2,96.7,0,9.2,100.0,4,4,5,2,5,2,0,8.5,7,No,High,Tier 3,Yes,Low,Placed,18.4
3727,Male,ECE,9.9,70.6,100.0,0,8.7,86.1,5,4,5,3,5,3,1,7.3,5,No,Medium,Tier 1,No,Medium,Placed,18.12
3728,Male,CSE,8.08,80.8,84.4,0,7.3,81.9,3,3,3,4,4,4,1,6.1,3,No,Medium,Tier 3,No,Medium,Placed,15.05
3729,Male,ECE,1.88,40.2,30.7,0,3.4,47.6,1,0,1,2,4,0,1,5.3,6,No,High,Tier 3,Yes,Low,Not Placed,0.0
3730,Male,CSE,2.12,22.4,34.4,0,3.4,71.0,3,0,1,2,1,1,1,7.3,5,No,Medium,Tier 3,Yes,Low,Not Placed,0.0
3731,Male,CSE,3.4,51.1,39.7,1,2.6,41.5,3,2,2,4,2,1,0,5.9,4,No,Low,Tier 2,Yes,Medium,Not Placed,0.0
3732,Female,IT,3.18,53.6,46.6,1,2.5,45.3,3,2,1,1,1,1,4,4.9,7,No,Medium,Tier 2,Yes,Medium,Not Placed,0.0
3733,Male,CSE,9.57,63.3,92.3,0,6.1,88.1,6,2,5,5,5,3,1,8.3,9,Yes,Medium,Tier 2,Yes,Low,Placed,18.67
3734,Male,ECE,7.89,80.6,82.9,0,7.8,74.3,4,4,4,1,5,4,3,5.5,6,No,Medium,Tier 1,Yes,High,Placed,17.81
3735,Male,ECE,7.24,47.8,85.9,0,6.2,60.9,4,2,4,2,5,3,1,4.9,7,No,Medium,Tier 3,Yes,High,Placed,16.57
3736,Male,EE,1.86,29.6,25.8,2,3.6,13.7,3,1,2,3,2,1,3,6.8,6,No,Medium,Tier 2,Yes,Medium,Not Placed,0.0
3737,Female,ECE,9.1,92.3,96.8,0,8.3,67.7,4,5,5,4,5,1,2,6.6,8,No,High,Tier 2,Yes,Medium,Placed,18.38
3738,Female,CSE,8.28,60.6,84.6,0,6.3,97.9,2,2,3,3,3,1,0,6.0,7,Yes,High,Tier 3,No,Medium,Placed,15.74
3739,Female,CSE,1.64,48.2,51.3,0,2.5,44.7,2,1,1,3,2,0,0,7.3,4,No,High,Tier 1,Yes,High,Not Placed,0.0
3740,Male,ECE,8.71,91.9,85.5,3,7.1,97.3,5,2,4,2,3,2,3,6.6,7,No,Medium,Tier 2,Yes,High,Placed,16.07
3741,Female,ECE,2.72,29.6,46.7,1,2.8,44.3,1,1,2,5,1,2,0,9.6,6,No,Medium,Tier 2,Yes,High,Not Placed,0.0
3742,Female,ECE,0.81,36.5,24.6,0,3.0,38.7,2,2,1,4,1,3,1,6.8,5,No,High,Tier 1,Yes,Low,Not Placed,0.0
3743,Female,ECE,6.57,52.9,56.7,0,8.6,93.8,5,2,5,4,5,1,1,5.5,8,No,High,Tier 3,Yes,High,Placed,16.64
3744,Male,CSE,6.54,58.3,65.1,2,7.2,92.9,3,2,4,2,3,1,2,7.4,3,No,Low,Tier 1,Yes,Medium,Placed,14.73
3745,Male,ECE,0.95,0.1,34.4,0,2.1,52.0,2,1,2,0,1,2,3,7.5,6,Yes,Low,Tier 3,Yes,Medium,Not Placed,0.0
3746,Male,ECE,3.19,60.1,39.2,0,5.0,56.6,1,0,0,4,2,0,3,6.6,5,No,Medium,Tier 3,Yes,Low,Not Placed,0.0
3747,Female,CSE,9.93,100.0,75.2,1,10.0,100.0,6,3,5,3,5,4,4,5.0,2,Yes,High,Tier 1,Yes,Low,Placed,18.78
3748,Male,CSE,6.78,79.2,71.9,0,4.9,80.1,5,2,5,3,5,4,3,8.9,6,No,Medium,Tier 2,No,Medium,Placed,16.56
3749,Male,CSE,7.3,80.1,65.5,0,7.8,76.8,5,2,5,2,2,5,0,5.5,5,Yes,Medium,Tier 3,Yes,Medium,Placed,16.26
3750,Female,CSE,2.13,38.8,36.4,0,3.8,42.9,0,0,1,3,2,1,3,8.1,4,No,Medium,Tier 1,Yes,Medium,Not Placed,0.0
3751,Female,IT,0.79,22.5,39.8,3,3.2,53.2,4,0,3,2,2,3,1,8.5,3,No,Medium,Tier 2,Yes,Medium,Not Placed,0.0
3752,Female,CSE,2.77,41.3,47.9,0,4.3,36.1,2,0,2,3,2,3,2,6.6,10,No,Low,Tier 1,Yes,High,Not Placed,0.0
3753,Male,CSE,2.49,37.2,53.3,2,3.0,67.8,4,1,2,2,3,0,0,8.1,1,No,High,Tier 2,No,Medium,Not Placed,0.0
3754,Female,CSE,2.35,28.9,31.2,0,5.2,45.8,1,1,1,4,3,1,4,8.2,1,No,Medium,Tier 3,Yes,Medium,Not Placed,0.0
3755,Male,EE,1.93,30.9,32.0,3,3.2,30.8,4,1,1,5,2,2,4,5.7,7,No,Low,Tier 2,Yes,Low,Not Placed,0.0
3756,Male,ME,5.75,66.6,53.6,3,5.1,63.0,1,1,1,2,4,1,1,8.8,6,No,High,Tier 2,No,Low,Not Placed,0.0
3757,Male,CSE,3.28,44.0,37.4,0,4.3,44.2,3,1,3,1,3,2,1,7.4,3,Yes,Low,Tier 3,Yes,High,Not Placed,0.0
3758,Male,CSE,8.2,69.9,74.3,0,8.2,77.3,4,3,4,3,5,3,0,4.4,4,No,Medium,Tier 2,No,Low,Placed,16.61
3759,Male,CSE,1.84,17.2,19.7,0,2.9,38.9,0,1,1,3,1,0,1,7.2,7,No,High,Tier 1,Yes,High,Not Placed,0.0
3760,Female,ECE,4.65,65.4,68.9,1,5.1,55.3,5,2,3,4,3,1,3,6.3,5,No,High,Tier 3,Yes,Low,Not Placed,0.0
3761,Male,CSE,0.14,13.1,0.0,0,1.7,32.1,1,0,0,5,2,2,4,7.5,7,No,Low,Tier 2,Yes,Medium,Not Placed,0.0
3762,Female,IT,4.82,61.8,70.3,2,4.2,63.1,4,2,3,4,2,3,1,6.2,5,Yes,Low,Tier 2,Yes,Low,Not Placed,0.0
3763,Male,ECE,0.56,8.8,34.9,0,1.1,47.5,4,0,2,1,1,2,1,6.2,4,Yes,Low,Tier 2,Yes,Low,Not Placed,0.0
3764,Male,ME,9.78,83.4,100.0,0,6.9,90.7,5,4,5,2,5,2,1,5.8,3,No,Low,Tier 3,No,Low,Placed,18.42
3765,Male,CSE,7.91,73.8,70.1,1,8.6,86.4,4,4,4,3,4,4,3,7.3,5,No,Medium,Tier 1,Yes,Medium,Placed,16.34
3766,Male,ME,4.9,54.4,41.4,0,4.7,64.5,3,1,3,2,3,2,2,7.6,4,No,Low,Tier 1,Yes,Medium,Placed,13.36
3767,Male,IT,0.87,15.7,19.5,0,0.0,46.7,0,0,1,5,3,1,5,7.0,7,No,High,Tier 1,Yes,Medium,Not Placed,0.0
3768,Male,CSE,5.92,78.3,71.6,4,6.0,71.1,0,2,2,2,3,4,0,6.6,7,Yes,Low,Tier 2,Yes,High,Not Placed,0.0
3769,Male,ECE,7.59,81.3,78.8,0,7.2,72.8,3,2,4,4,2,5,1,7.1,5,No,Medium,Tier 3,Yes,Low,Placed,18.42
3770,Male,CSE,1.91,49.7,22.8,3,1.0,35.4,4,1,2,2,1,0,7,8.3,5,Yes,High,Tier 2,Yes,Low,Not Placed,0.0
3771,Male,CSE,5.68,67.3,74.9,1,4.6,71.6,3,2,3,3,4,3,0,5.8,5,Yes,High,Tier 2,Yes,High,Placed,13.76
3772,Female,CSE,8.14,60.1,100.0,1,6.3,99.1,5,3,4,2,4,3,0,5.4,4,No,High,Tier 2,Yes,Low,Placed,16.91
3773,Male,ECE,7.68,90.8,77.2,0,6.1,78.3,4,3,4,4,4,3,1,5.6,3,No,Low,Tier 3,Yes,Low,Placed,17.73
3774,Female,ECE,8.03,68.2,83.3,0,8.3,74.8,3,2,5,4,5,3,1,5.0,6,No,Medium,Tier 1,Yes,High,Placed,18.13
3775,Female,CE,8.79,92.0,73.2,0,7.5,84.7,4,2,3,3,4,2,0,5.8,5,No,Low,Tier 2,Yes,Medium,Placed,16.79
3776,Female,CSE,9.38,87.0,88.9,0,7.6,84.5,3,2,4,5,4,2,4,8.4,8,Yes,Medium,Tier 2,Yes,High,Placed,18.76
3777,Female,EE,4.06,70.9,55.6,5,5.5,51.4,2,0,1,2,3,2,2,5.0,5,No,Low,Tier 3,Yes,High,Not Placed,0.0
3778,Male,CSE,5.69,77.8,67.1,0,6.0,51.8,4,3,3,3,3,3,2,6.7,10,No,Medium,Tier 1,Yes,High,Placed,14.8
3779,Female,IT,7.91,74.8,76.2,0,5.3,79.5,5,4,5,4,4,5,1,7.8,9,No,Medium,Tier 1,Yes,Medium,Placed,18.03
3780,Female,CSE,6.97,73.0,71.0,0,5.8,79.6,5,3,5,2,3,3,4,7.0,4,No,Low,Tier 2,Yes,Low,Placed,16.24
3781,Male,CSE,9.96,100.0,93.2,0,8.8,81.8,4,3,5,3,3,4,0,8.0,5,No,Medium,Tier 2,Yes,Medium,Placed,19.02
3782,Male,ME,0.14,24.8,16.3,0,0.7,25.3,3,1,0,4,0,2,3,6.3,2,No,Medium,Tier 1,Yes,Low,Not Placed,0.0
3783,Male,CSE,3.55,45.5,50.6,0,6.0,44.9,3,2,2,4,2,1,0,6.4,5,No,Medium,Tier 3,No,Low,Not Placed,0.0
3784,Female,IT,2.81,28.6,20.8,2,3.6,35.2,3,0,2,4,1,1,2,6.5,6,No,Medium,Tier 1,No,Low,Not Placed,0.0
3785,Female,ECE,2.62,30.1,38.2,0,2.6,39.3,4,0,3,2,1,3,0,7.7,6,No,Medium,Tier 2,Yes,Low,Not Placed,0.0
3786,Male,ECE,2.23,33.9,39.3,0,1.9,46.0,3,1,3,3,2,3,1,10.0,4,Yes,High,Tier 2,Yes,Low,Not Placed,0.0
3787,Male,ECE,7.09,87.6,69.0,0,7.4,61.4,4,2,4,1,3,2,1,7.0,5,No,Medium,Tier 2,Yes,Medium,Placed,15.66
3788,Male,IT,0.85,26.5,20.0,0,1.4,38.4,2,0,1,2,0,3,0,6.7,7,No,High,Tier 1,Yes,High,Not Placed,0.0
3789,Male,CSE,7.42,70.3,72.9,0,7.1,71.1,0,3,0,3,1,0,0,5.8,5,No,Medium,Tier 3,Yes,Low,Not Placed,0.0
3790,Female,IT,6.93,80.4,68.6,4,5.2,65.4,3,2,2,4,4,2,2,9.1,8,No,Medium,Tier 1,Yes,High,Not Placed,0.0
3791,Male,ME,2.51,32.5,38.1,0,3.3,54.6,1,3,0,4,2,0,0,6.5,5,No,Medium,Tier 1,Yes,Medium,Not Placed,0.0
3792,Male,CSE,2.53,45.4,39.5,0,2.6,42.5,0,2,0,3,1,0,3,6.3,2,No,Low,Tier 2,Yes,Medium,Not Placed,0.0
3793,Male,CSE,6.29,93.7,47.3,4,5.6,67.1,5,2,5,4,4,5,0,6.7,2,No,High,Tier 1,Yes,Low,Not Placed,0.0
3794,Female,IT,7.62,76.2,85.5,1,6.0,96.3,2,3,3,4,4,2,1,9.2,5,No,High,Tier 2,Yes,High,Placed,14.33
3795,Male,ECE,8.76,97.5,85.2,0,8.7,76.5,4,3,3,3,4,1,2,6.3,3,Yes,Low,Tier 3,Yes,Medium,Placed,17.47
3796,Female,ECE,8.52,80.0,100.0,0,7.0,100.0,5,2,3,2,5,2,1,7.0,2,No,High,Tier 2,Yes,Low,Placed,17.2
3797,Male,CSE,9.65,95.9,83.3,2,8.1,88.7,6,5,5,2,5,4,1,4.0,5,Yes,High,Tier 1,Yes,Medium,Placed,18.03
3798,Male,ECE,5.81,64.7,55.8,0,5.5,56.2,5,2,3,3,3,3,1,8.2,7,No,Medium,Tier 3,Yes,Medium,Placed,14.04
3799,Male,CSE,9.09,90.3,88.7,0,9.5,82.9,4,2,5,2,4,4,2,6.7,5,No,Medium,Tier 2,Yes,Medium,Placed,17.6
3800,Male,ECE,8.09,100.0,86.9,0,8.1,84.4,4,3,4,4,2,2,3,8.1,6,Yes,High,Tier 3,Yes,Low,Placed,17.95
3801,Male,IT,8.95,88.0,70.1,0,8.6,100.0,2,4,2,5,5,1,1,7.8,8,No,Medium,Tier 3,Yes,Low,Placed,15.76
3802,Female,CSE,0.12,21.9,10.7,0,0.0,45.3,2,0,2,4,1,1,1,7.2,6,No,Medium,Tier 3,No,Medium,Not Placed,0.0
3803,Female,ECE,9.66,77.8,100.0,0,7.6,93.7,5,3,5,1,5,3,2,6.5,4,No,High,Tier 1,Yes,Medium,Placed,18.79
3804,Female,EE,4.74,59.6,46.4,0,6.0,78.6,2,1,3,2,1,2,1,7.1,5,No,Medium,Tier 2,Yes,Medium,Placed,11.51
3805,Male,IT,7.98,94.3,95.5,2,5.9,60.3,7,3,5,3,5,3,3,5.4,5,No,Medium,Tier 3,Yes,High,Placed,17.7
3806,Female,ME,1.27,20.5,23.6,0,2.5,45.6,1,0,1,1,1,2,2,7.3,7,No,Medium,Tier 3,Yes,Low,Not Placed,0.0
3807,Male,ECE,3.96,23.6,40.7,0,3.2,62.5,4,1,2,3,3,2,0,7.7,6,No,Medium,Tier 2,Yes,Medium,Not Placed,0.0
3808,Male,IT,2.71,37.6,45.8,0,2.4,55.1,3,1,2,4,2,1,2,7.1,5,No,Low,Tier 3,No,Medium,Not Placed,0.0
3809,Male,CSE,2.92,40.0,57.4,1,5.2,33.2,3,1,3,5,2,2,1,7.0,6,No,Medium,Tier 3,Yes,Medium,Not Placed,0.0
3810,Male,CSE,1.23,32.7,32.0,0,3.1,30.2,3,1,2,5,1,1,1,6.3,5,No,Medium,Tier 2,Yes,Medium,Not Placed,0.0
3811,Female,CSE,8.06,100.0,95.1,1,8.1,81.4,6,3,4,2,4,3,1,6.8,2,No,Low,Tier 1,Yes,Medium,Placed,16.51
3812,Male,ECE,0.09,12.0,35.5,0,2.3,48.9,0,1,0,3,0,0,2,5.7,2,Yes,Low,Tier 2,Yes,Low,Not Placed,0.0
3813,Male,ME,3.13,33.0,33.8,1,3.6,76.8,3,1,2,3,3,4,2,6.3,7,No,High,Tier 1,Yes,Medium,Not Placed,0.0
3814,Female,CSE,1.74,18.1,41.3,2,2.0,37.5,1,1,0,2,1,0,2,9.5,8,No,High,Tier 2,Yes,Medium,Not Placed,0.0
3815,Male,IT,5.89,67.0,49.9,2,5.2,54.6,4,3,4,3,3,2,0,7.1,6,No,High,Tier 3,Yes,High,Placed,12.58
3816,Male,IT,2.54,41.4,42.6,0,3.1,60.0,1,1,0,3,1,0,0,7.6,7,No,Medium,Tier 1,Yes,Low,Not Placed,0.0
3817,Male,ECE,2.59,31.6,38.0,0,5.1,81.9,3,1,3,4,2,2,3,7.0,9,Yes,Medium,Tier 1,Yes,Medium,Not Placed,0.0
3818,Female,ECE,4.88,64.3,69.5,0,3.6,77.6,3,1,4,5,2,3,1,7.1,5,Yes,Low,Tier 3,Yes,Low,Placed,14.05
3819,Female,ECE,6.53,75.2,82.0,0,5.5,65.2,1,3,2,3,2,3,3,7.2,4,No,Medium,Tier 2,Yes,Low,Placed,13.66
3820,Male,CSE,1.21,25.7,33.4,0,1.4,76.6,0,0,1,2,4,1,1,6.7,7,Yes,Medium,Tier 2,Yes,Medium,Not Placed,0.0
3821,Male,CSE,1.76,20.9,35.1,0,3.8,53.8,2,0,1,2,2,0,0,7.7,8,No,Low,Tier 1,Yes,Low,Not Placed,0.0
3822,Male,EE,2.47,31.2,42.8,4,5.1,40.3,3,1,2,5,2,3,1,6.1,4,No,Medium,Tier 2,No,Low,Not Placed,0.0
3823,Female,CSE,9.74,73.5,96.5,2,8.6,100.0,6,2,5,4,5,4,4,5.2,8,No,Low,Tier 3,Yes,High,Placed,19.49
3824,Male,CSE,3.97,51.1,49.1,0,4.7,48.4,4,1,4,3,3,4,1,7.2,5,No,Medium,Tier 3,No,Medium,Not Placed,0.0
3825,Male,ME,5.99,66.2,80.3,0,5.8,63.5,3,3,3,3,3,2,2,8.3,6,No,Medium,Tier 3,Yes,High,Placed,14.64
3826,Male,CSE,2.42,37.5,53.0,1,3.6,58.2,5,2,3,5,3,3,5,6.2,5,No,Medium,Tier 3,Yes,Low,Not Placed,0.0
3827,Male,IT,4.9,61.7,55.8,0,5.7,64.1,5,4,4,3,2,0,4,7.9,6,Yes,Medium,Tier 1,Yes,Low,Not Placed,0.0
3828,Male,CSE,0.74,25.1,26.3,0,2.4,39.9,2,0,1,1,3,0,1,7.8,3,Yes,Low,Tier 3,Yes,Low,Not Placed,0.0
3829,Female,ECE,0.35,16.9,21.6,0,2.2,37.6,0,0,1,3,1,0,1,8.9,8,No,High,Tier 2,Yes,Medium,Not Placed,0.0
3830,Male,CSE,4.69,55.4,39.4,0,5.6,76.5,6,2,4,2,3,4,2,9.2,2,No,High,Tier 3,Yes,High,Not Placed,0.0
3831,Male,CSE,3.99,34.9,46.6,0,2.5,31.0,3,1,3,3,4,2,0,7.7,4,No,Medium,Tier 2,Yes,Medium,Not Placed,0.0
3832,Female,ECE,1.37,20.8,45.0,5,2.5,46.6,3,0,3,5,2,3,2,6.9,8,No,High,Tier 2,Yes,High,Not Placed,0.0
3833,Female,IT,6.88,74.0,65.5,0,6.6,72.8,5,1,5,1,3,4,1,5.1,10,No,High,Tier 1,Yes,Medium,Placed,16.36
3834,Male,ECE,9.93,92.0,100.0,0,8.9,85.6,5,4,5,2,5,3,0,8.2,4,No,Low,Tier 3,No,Low,Placed,20.28
3835,Male,CE,3.96,57.3,61.4,0,4.1,49.7,3,2,3,4,4,3,4,8.4,9,No,Low,Tier 1,Yes,High,Not Placed,0.0
3836,Male,CSE,6.25,61.5,72.0,2,6.0,40.9,5,1,5,2,1,3,1,6.7,8,Yes,Low,Tier 2,Yes,Low,Placed,14.57
3837,Female,ECE,9.63,99.0,100.0,2,7.5,83.2,6,3,5,3,4,4,1,7.4,6,No,Medium,Tier 1,Yes,Medium,Placed,18.43
3838,Male,ECE,8.32,86.9,75.4,0,5.5,100.0,5,3,4,4,4,4,1,5.8,5,Yes,Medium,Tier 2,No,Low,Placed,16.25
3839,Female,CE,4.64,61.9,52.5,2,5.7,72.8,4,2,2,4,2,1,0,6.3,8,No,Low,Tier 2,Yes,Low,Not Placed,0.0
3840,Female,CSE,7.37,86.7,91.4,0,5.5,76.9,2,2,3,2,2,1,1,5.4,5,No,Medium,Tier 1,Yes,Medium,Placed,15.39
3841,Male,ECE,1.28,32.8,22.1,0,2.2,25.7,2,1,2,0,1,2,1,7.3,6,No,High,Tier 3,No,High,Not Placed,0.0
3842,Male,ME,5.12,37.5,69.6,1,4.3,75.6,5,2,4,3,1,4,1,6.5,1,Yes,Medium,Tier 2,Yes,Medium,Not Placed,0.0
3843,Male,CSE,2.79,50.7,26.5,0,5.0,67.5,0,2,1,1,3,0,3,8.5,5,No,Medium,Tier 2,Yes,Medium,Not Placed,0.0
3844,Male,ME,1.61,44.0,18.9,0,2.5,57.1,3,2,3,4,3,2,0,7.3,4,No,Medium,Tier 2,Yes,Medium,Not Placed,0.0
3845,Male,CSE,4.26,46.4,71.1,1,4.2,48.9,2,2,2,3,4,1,2,7.4,6,No,Medium,Tier 2,Yes,Medium,Not Placed,0.0
3846,Female,IT,1.31,28.5,28.4,0,3.2,32.5,2,0,1,3,1,2,2,7.0,5,No,Medium,Tier 2,Yes,Low,Not Placed,0.0
3847,Female,CE,6.99,65.5,68.5,0,8.5,96.8,4,1,5,4,4,5,2,8.9,4,No,Low,Tier 1,Yes,Low,Placed,15.14
3848,Male,IT,4.56,34.3,68.1,0,5.1,47.8,2,3,2,1,4,1,5,8.7,5,No,Medium,Tier 3,Yes,Low,Not Placed,0.0
3849,Female,ECE,5.31,52.7,72.9,0,4.8,72.6,2,3,2,3,3,0,0,6.8,4,No,Medium,Tier 2,Yes,High,Placed,12.26
3850,Male,CSE,1.46,22.0,38.9,0,3.2,22.4,3,1,2,4,1,2,0,7.4,2,No,Low,Tier 2,Yes,Medium,Not Placed,0.0
3851,Male,CE,1.4,23.4,23.5,0,0.9,39.8,2,1,1,3,1,0,1,8.7,5,No,Low,Tier 3,Yes,Medium,Not Placed,0.0
3852,Male,ECE,5.83,55.0,61.8,2,5.6,77.0,5,2,4,2,3,4,3,5.6,5,No,High,Tier 1,No,Low,Placed,12.62
3853,Female,CSE,9.85,91.4,99.9,3,10.0,93.7,5,3,5,2,4,4,0,7.4,7,No,Low,Tier 1,Yes,Low,Placed,17.39
3854,Female,IT,0.96,23.0,32.6,0,2.3,47.0,0,0,0,5,2,2,0,6.6,5,No,Medium,Tier 1,Yes,Medium,Not Placed,0.0
3855,Female,ECE,2.86,31.6,35.8,0,3.6,37.4,6,1,3,4,1,4,1,8.8,6,Yes,Medium,Tier 2,Yes,Low,Not Placed,0.0
3856,Male,CSE,8.69,94.3,89.2,1,7.6,77.3,5,4,5,2,4,5,0,7.6,4,No,Low,Tier 2,Yes,Medium,Placed,17.45
3857,Male,CSE,0.72,27.9,26.4,4,1.6,45.1,3,1,2,5,2,2,1,4.9,5,Yes,Low,Tier 3,Yes,Medium,Not Placed,0.0
3858,Male,CSE,8.76,100.0,100.0,0,7.9,95.9,5,3,5,4,4,3,0,6.5,2,No,High,Tier 3,Yes,Low,Placed,19.34
3859,Male,ECE,5.24,70.8,67.5,2,5.9,69.1,4,1,3,4,2,1,0,8.7,4,No,Medium,Tier 1,Yes,High,Not Placed,0.0
3860,Female,IT,4.08,52.1,35.6,0,4.0,70.8,1,2,2,4,3,2,1,8.1,1,No,Low,Tier 2,Yes,Low,Not Placed,0.0
3861,Female,ECE,3.1,35.1,40.7,4,1.2,33.7,3,2,2,2,2,2,0,5.7,3,Yes,Low,Tier 3,No,Medium,Not Placed,0.0
3862,Female,ME,2.97,43.2,32.5,0,4.0,47.2,5,2,3,5,0,3,1,5.8,3,No,Low,Tier 2,No,High,Not Placed,0.0
3863,Male,ME,3.06,44.3,48.2,4,5.8,75.2,1,0,3,4,3,1,0,7.1,7,No,Medium,Tier 3,Yes,Low,Not Placed,0.0
3864,Male,IT,8.85,85.1,98.0,0,7.3,100.0,4,4,4,3,4,2,1,6.9,6,No,Low,Tier 2,Yes,Medium,Placed,16.92
3865,Male,CSE,7.24,84.4,76.9,4,5.1,86.0,2,3,3,3,3,2,1,6.7,8,No,Medium,Tier 3,Yes,Medium,Not Placed,0.0
3866,Male,IT,6.7,58.0,68.9,0,6.9,73.3,3,2,2,3,3,1,0,6.5,3,Yes,Low,Tier 1,Yes,High,Placed,13.31
3867,Male,ECE,7.99,80.5,82.6,0,8.8,95.4,6,2,5,2,3,3,1,6.3,7,No,Medium,Tier 2,Yes,High,Placed,17.35
3868,Female,ECE,2.57,42.4,40.6,2,3.8,55.6,1,1,1,4,2,0,1,9.7,4,No,Medium,Tier 3,Yes,High,Not Placed,0.0
3869,Female,IT,6.18,64.7,61.0,1,7.6,53.9,3,3,3,2,4,2,2,6.6,9,No,Low,Tier 2,Yes,Medium,Placed,13.36
3870,Male,ECE,4.6,52.0,42.6,0,5.5,74.5,3,0,4,3,3,3,0,6.2,5,Yes,Medium,Tier 1,Yes,Low,Placed,12.82
3871,Male,CE,7.82,80.1,60.1,0,7.7,71.5,3,3,5,3,5,3,4,7.6,9,No,Medium,Tier 2,Yes,Low,Placed,17.78
3872,Male,CSE,3.09,32.9,55.4,1,3.1,62.7,2,1,2,3,3,2,2,6.9,10,No,Low,Tier 3,Yes,Medium,Not Placed,0.0
3873,Male,IT,6.43,81.4,74.4,3,6.3,54.2,4,2,4,4,1,3,2,5.9,6,No,High,Tier 1,No,Medium,Placed,14.9
3874,Female,CSE,8.82,79.8,92.2,0,7.6,100.0,5,2,5,3,3,4,1,6.7,9,Yes,Medium,Tier 2,Yes,Low,Placed,18.06
3875,Male,CE,4.02,52.4,62.8,0,4.3,55.8,0,0,1,4,4,0,3,6.9,5,No,High,Tier 3,Yes,Medium,Not Placed,0.0
3876,Male,CSE,0.67,24.8,10.8,2,1.7,25.7,0,2,1,1,0,1,1,7.5,8,No,Medium,Tier 3,No,Medium,Not Placed,0.0
3877,Male,CSE,5.16,49.4,41.9,1,5.3,57.7,2,2,3,4,0,2,2,7.4,5,No,Low,Tier 2,No,High,Placed,12.54
3878,Female,CSE,3.46,45.1,49.5,2,2.6,51.7,1,3,1,3,4,1,3,5.8,7,Yes,Medium,Tier 2,Yes,Low,Not Placed,0.0
3879,Male,ECE,6.72,63.0,74.7,2,7.0,75.3,4,3,3,3,4,1,1,7.7,7,No,Medium,Tier 1,No,Low,Placed,12.86
3880,Male,CSE,9.51,100.0,76.8,1,7.3,100.0,2,3,3,2,4,2,0,8.1,5,No,Medium,Tier 3,Yes,Medium,Placed,15.0
3881,Male,ECE,4.86,44.9,60.5,1,4.7,65.0,4,2,4,4,2,4,4,5.7,3,No,Medium,Tier 1,Yes,Low,Placed,13.13
3882,Female,ECE,4.66,48.1,51.3,4,5.1,36.9,2,2,2,3,3,1,1,6.1,3,No,Medium,Tier 2,Yes,Low,Not Placed,0.0
3883,Female,CSE,6.55,58.4,62.3,2,5.2,59.5,6,3,4,2,4,3,3,6.8,8,No,Medium,Tier 2,Yes,Low,Placed,14.15
3884,Male,CSE,1.03,10.2,22.9,2,0.3,74.3,1,1,1,2,2,1,1,7.3,6,No,Low,Tier 3,Yes,Low,Not Placed,0.0
3885,Female,ME,2.54,52.5,13.9,0,2.9,51.9,2,2,2,4,2,1,4,7.3,7,No,High,Tier 2,Yes,High,Not Placed,0.0
3886,Female,IT,9.19,98.5,85.6,0,6.5,100.0,1,4,2,3,3,3,2,6.9,4,No,Medium,Tier 3,Yes,High,Placed,15.6
3887,Female,IT,6.7,73.4,64.6,0,6.9,71.5,2,2,4,3,3,3,1,5.3,5,No,High,Tier 1,Yes,Low,Placed,14.14
3888,Female,IT,0.13,9.5,24.6,1,0.4,23.7,2,0,1,3,2,1,1,8.2,5,No,Low,Tier 1,Yes,Medium,Not Placed,0.0
3889,Female,CSE,2.05,41.5,32.8,0,4.4,41.5,2,1,2,4,1,1,2,5.8,2,No,Medium,Tier 1,Yes,Medium,Not Placed,0.0
3890,Male,CSE,6.83,64.8,79.0,0,6.3,77.5,2,2,2,4,4,3,0,8.6,5,No,High,Tier 1,Yes,High,Placed,13.84
3891,Female,CSE,7.64,87.9,53.6,0,6.9,75.3,4,2,4,2,3,4,0,8.4,5,No,High,Tier 2,Yes,Low,Placed,16.57
3892,Male,ME,8.4,77.7,76.8,1,5.4,100.0,3,3,5,2,5,5,4,5.7,5,No,Medium,Tier 1,Yes,Low,Placed,16.72
3893,Female,EE,2.92,33.4,46.9,2,3.7,45.1,4,1,2,3,1,2,2,7.4,5,No,Low,Tier 2,Yes,High,Not Placed,0.0
3894,Male,ECE,9.31,100.0,89.4,3,7.9,78.2,2,4,4,2,4,2,2,8.6,8,No,Medium,Tier 1,Yes,Medium,Placed,14.93
3895,Female,CSE,5.53,70.6,70.7,0,4.1,77.9,4,1,2,0,3,1,1,7.7,4,Yes,Low,Tier 2,Yes,Medium,Placed,11.41
3896,Female,CSE,6.97,80.2,55.7,0,6.5,88.0,4,1,4,2,3,2,1,5.0,7,No,Medium,Tier 2,Yes,Low,Placed,14.5
3897,Male,CSE,5.97,55.2,73.1,0,5.3,71.2,4,3,4,3,3,4,2,7.0,6,Yes,High,Tier 2,Yes,Low,Placed,15.39
3898,Female,ECE,1.23,21.0,21.4,0,2.1,35.2,3,1,2,3,1,4,1,8.0,6,No,Medium,Tier 1,Yes,High,Not Placed,0.0
3899,Male,CSE,9.63,98.4,87.7,1,8.3,70.0,5,3,5,4,4,4,2,9.0,7,No,Medium,Tier 3,Yes,Medium,Placed,18.87
3900,Female,CE,1.23,17.0,37.8,0,1.9,57.0,2,0,1,0,1,3,0,6.8,5,No,Medium,Tier 2,Yes,High,Not Placed,0.0
3901,Male,ECE,2.55,50.4,50.0,0,3.5,60.7,3,0,2,2,3,2,0,5.0,4,Yes,Low,Tier 3,Yes,Low,Not Placed,0.0
3902,Male,CE,8.14,60.2,93.5,0,7.1,78.6,5,2,4,4,3,3,0,9.6,5,No,High,Tier 3,Yes,Low,Placed,17.53
3903,Female,IT,6.19,59.8,87.9,0,6.3,72.9,5,3,4,2,3,2,2,6.9,6,Yes,Medium,Tier 2,Yes,Low,Placed,14.84
3904,Male,IT,8.38,81.1,97.7,0,6.8,82.6,4,3,4,2,3,4,1,8.7,2,Yes,High,Tier 2,Yes,High,Placed,16.91
3905,Female,IT,5.16,30.4,51.3,0,4.0,85.5,5,1,4,2,3,4,4,6.7,5,No,Medium,Tier 2,Yes,Low,Not Placed,0.0
3906,Male,IT,3.77,33.1,49.6,0,3.4,45.2,4,0,3,4,3,3,1,7.7,7,No,Low,Tier 1,Yes,Medium,Not Placed,0.0
3907,Male,IT,9.22,99.6,88.2,0,9.4,82.9,6,4,5,3,4,4,1,6.2,5,No,Medium,Tier 2,Yes,Low,Placed,18.76
3908,Male,IT,0.36,18.4,41.2,0,2.7,28.6,2,0,2,2,0,2,2,6.2,6,Yes,Low,Tier 2,Yes,Medium,Not Placed,0.0
3909,Male,ECE,8.56,100.0,97.5,0,8.7,90.1,5,5,3,4,3,2,1,9.2,6,No,Low,Tier 2,Yes,Medium,Placed,16.28
3910,Male,EE,2.31,50.1,34.6,5,4.4,49.5,2,1,2,3,0,1,1,8.1,6,No,Low,Tier 2,Yes,Low,Not Placed,0.0
3911,Male,IT,8.49,91.5,94.7,0,7.0,88.3,3,4,5,1,4,5,2,7.0,2,No,Low,Tier 1,Yes,Medium,Placed,18.95
3912,Male,IT,1.39,29.9,16.8,0,2.8,32.8,0,0,0,3,1,0,5,8.1,8,No,Medium,Tier 2,Yes,Medium,Not Placed,0.0
3913,Male,ME,5.8,65.0,66.9,3,5.6,87.6,4,1,4,1,3,1,0,6.2,10,No,Low,Tier 2,Yes,Medium,Placed,11.47
3914,Female,CSE,8.88,63.9,79.7,0,8.4,82.8,3,3,3,4,3,2,2,7.0,9,No,Medium,Tier 2,Yes,High,Placed,15.71
3915,Female,CSE,4.74,41.3,39.0,0,4.5,77.7,2,2,2,4,3,0,2,7.1,5,Yes,Medium,Tier 1,No,Low,Not Placed,0.0
3916,Male,ECE,7.47,79.5,85.6,0,6.8,100.0,4,3,3,3,2,3,1,6.1,4,No,High,Tier 3,Yes,Low,Placed,15.51
3917,Female,ECE,8.05,89.6,91.5,0,7.2,72.8,3,3,4,4,5,3,1,5.9,9,No,Medium,Tier 2,Yes,Medium,Placed,17.69
3918,Male,ME,7.36,80.5,81.5,0,7.2,83.3,4,4,2,2,4,2,2,4.7,6,Yes,Medium,Tier 1,Yes,Medium,Placed,14.9
3919,Female,ECE,9.25,84.7,90.2,0,8.6,88.9,6,3,5,3,3,5,1,5.8,7,No,Low,Tier 2,Yes,High,Placed,18.71
3920,Female,ECE,4.47,62.4,41.1,2,4.7,86.2,4,1,3,2,2,2,2,9.2,4,No,Medium,Tier 1,Yes,Low,Not Placed,0.0
3921,Female,ECE,1.73,44.5,20.2,0,2.8,42.0,4,1,3,3,1,3,1,4.9,7,Yes,High,Tier 1,Yes,Medium,Not Placed,0.0
3922,Male,CSE,0.48,28.5,12.1,3,2.1,40.9,0,0,1,3,0,2,1,7.0,6,No,Low,Tier 3,Yes,Low,Not Placed,0.0
3923,Female,IT,2.46,45.8,35.3,3,4.9,52.5,3,1,2,3,3,3,3,7.2,8,No,Medium,Tier 2,Yes,Low,Not Placed,0.0
3924,Male,ME,1.43,21.6,40.2,5,0.8,42.4,2,1,1,3,2,0,2,6.7,7,Yes,Medium,Tier 1,Yes,Medium,Not Placed,0.0
3925,Female,CSE,5.58,73.2,73.2,2,4.4,77.5,3,3,2,3,3,1,0,8.0,6,No,Medium,Tier 2,Yes,Medium,Placed,12.09
3926,Male,ECE,1.85,32.2,16.3,0,3.5,47.2,3,1,2,5,3,2,0,6.7,9,No,Medium,Tier 3,Yes,Low,Not Placed,0.0
3927,Female,ECE,0.39,23.4,14.2,1,2.0,43.1,1,0,0,1,4,0,1,8.1,5,No,Low,Tier 1,Yes,Low,Not Placed,0.0
3928,Female,CSE,0.36,21.7,13.7,0,2.0,39.7,3,0,2,5,0,1,1,7.7,9,No,High,Tier 2,Yes,Low,Not Placed,0.0
3929,Female,CSE,8.32,84.5,59.2,2,8.0,77.7,6,3,5,3,4,2,1,5.4,7,No,Medium,Tier 3,Yes,Low,Placed,17.07
3930,Male,EE,5.91,56.6,70.9,0,5.9,67.2,3,1,4,3,2,4,1,8.4,7,No,Medium,Tier 1,Yes,Low,Placed,13.94
3931,Female,ECE,3.58,44.6,44.2,0,3.4,63.1,4,1,3,5,4,1,0,6.6,10,Yes,High,Tier 1,Yes,High,Not Placed,0.0
3932,Male,CSE,8.94,100.0,88.4,3,8.4,95.3,4,0,5,4,4,4,3,4.9,1,No,Low,Tier 2,Yes,Medium,Placed,15.37
3933,Female,CSE,0.7,16.5,37.1,0,2.0,54.1,1,0,1,4,1,1,1,7.6,3,No,Medium,Tier 3,Yes,Medium,Not Placed,0.0
3934,Male,IT,9.8,100.0,97.3,0,7.9,100.0,2,3,5,4,4,4,1,6.7,8,No,Low,Tier 2,Yes,Medium,Placed,19.73
3935,Male,IT,6.16,74.7,63.0,0,6.5,65.7,2,2,3,3,4,1,4,9.0,7,No,Medium,Tier 3,Yes,Low,Placed,14.69
3936,Male,IT,1.83,27.6,38.4,1,3.4,47.6,0,0,0,4,2,0,2,8.3,6,No,Medium,Tier 1,Yes,Low,Not Placed,0.0
3937,Male,CSE,6.79,86.6,82.9,0,6.5,73.4,4,1,4,1,4,2,0,5.9,8,No,Medium,Tier 2,Yes,Low,Not Placed,0.0
3938,Male,ME,7.63,76.3,82.0,1,8.6,67.5,5,3,5,4,5,5,3,8.1,3,No,Medium,Tier 2,Yes,High,Placed,17.7
3939,Male,ECE,4.29,66.6,59.2,2,5.8,67.5,0,1,1,4,3,1,1,6.2,9,Yes,Medium,Tier 2,No,Medium,Not Placed,0.0
3940,Male,CSE,8.62,92.6,85.5,0,8.5,96.1,5,1,5,4,5,6,1,5.0,8,Yes,High,Tier 3,Yes,Low,Placed,17.44
3941,Female,ECE,1.51,27.7,29.3,0,5.1,31.1,4,0,3,4,1,1,3,6.3,9,No,Low,Tier 2,Yes,Low,Not Placed,0.0
3942,Female,ECE,2.79,29.8,41.5,1,3.3,47.2,2,0,2,3,0,1,1,5.4,2,No,High,Tier 3,Yes,Medium,Not Placed,0.0
3943,Male,ME,0.93,22.0,17.9,0,1.7,34.9,4,0,2,3,1,1,0,7.0,8,No,Medium,Tier 3,Yes,Medium,Not Placed,0.0
3944,Male,CE,2.11,30.9,29.2,0,3.8,29.6,3,1,1,3,1,0,1,9.3,6,No,Medium,Tier 3,Yes,High,Not Placed,0.0
3945,Male,CSE,2.39,22.7,50.9,0,2.9,48.9,2,0,2,3,3,1,0,7.1,10,No,Medium,Tier 1,Yes,Low,Not Placed,0.0
3946,Male,ME,9.18,90.9,100.0,0,7.9,76.3,5,3,4,1,2,3,0,7.6,6,No,Low,Tier 2,Yes,High,Placed,18.02
3947,Female,IT,0.78,13.6,40.2,0,1.1,41.6,0,2,1,5,2,0,1,5.8,4,Yes,Medium,Tier 2,Yes,High,Not Placed,0.0
3948,Female,CE,4.27,57.2,38.9,0,5.1,63.8,2,2,3,4,3,4,3,6.4,7,No,Medium,Tier 1,Yes,Medium,Not Placed,0.0
3949,Male,CSE,5.32,73.3,46.4,0,3.8,71.6,5,2,5,3,3,4,0,7.7,2,No,Medium,Tier 2,Yes,Low,Placed,16.41
3950,Male,ECE,8.99,79.1,78.0,0,7.7,94.2,6,3,5,4,5,5,0,6.9,8,No,Medium,Tier 1,Yes,Medium,Placed,18.72
3951,Male,CSE,9.98,100.0,99.2,0,8.5,100.0,7,3,5,4,4,5,0,6.1,5,No,Medium,Tier 1,Yes,Medium,Placed,20.67
3952,Female,ME,7.53,77.7,50.2,1,6.3,70.5,4,4,4,2,3,4,1,8.2,5,No,Medium,Tier 3,Yes,Low,Placed,14.64
3953,Female,CSE,9.71,87.8,89.8,2,6.5,84.2,4,3,4,4,5,2,0,7.2,6,No,Medium,Tier 1,Yes,High,Placed,17.09
3954,Male,ECE,7.87,89.5,95.0,0,5.2,90.1,3,2,3,5,4,4,2,9.5,5,No,Medium,Tier 2,Yes,Medium,Placed,17.59
3955,Male,CSE,9.63,92.4,100.0,0,7.5,91.2,7,3,5,2,5,4,1,7.8,9,No,High,Tier 3,Yes,Medium,Placed,18.58
3956,Female,CSE,7.07,74.3,69.5,4,7.0,90.9,5,2,3,1,3,4,3,5.6,5,Yes,Low,Tier 3,Yes,Medium,Not Placed,0.0
3957,Female,IT,0.8,17.8,20.1,0,2.3,46.5,2,0,1,2,1,1,3,7.1,7,No,High,Tier 1,Yes,Medium,Not Placed,0.0
3958,Male,ME,4.02,41.0,55.8,5,4.3,82.1,3,2,2,3,2,0,2,5.6,7,No,Low,Tier 2,Yes,Low,Not Placed,0.0
3959,Male,IT,6.47,77.2,79.1,0,5.1,72.7,4,2,3,2,2,4,1,9.4,6,No,Medium,Tier 3,Yes,Medium,Placed,13.66
3960,Male,ME,3.51,42.0,40.7,2,4.3,38.3,4,1,3,3,1,3,3,5.8,4,No,High,Tier 2,Yes,Low,Not Placed,0.0
3961,Male,CSE,2.73,23.8,37.5,0,1.6,55.5,3,2,2,2,2,0,0,8.3,1,No,Low,Tier 3,Yes,High,Not Placed,0.0
3962,Male,ECE,5.77,69.6,58.5,0,3.1,68.8,3,3,3,3,1,3,3,8.1,8,No,Medium,Tier 1,Yes,Low,Placed,14.57
3963,Male,ECE,9.34,82.3,79.4,4,7.8,97.5,5,2,5,2,4,5,2,6.2,3,No,Low,Tier 2,Yes,Low,Not Placed,0.0
3964,Male,CSE,0.35,6.4,18.6,4,1.2,45.1,2,1,1,3,0,1,4,7.4,10,No,Medium,Tier 3,Yes,Low,Not Placed,0.0
3965,Male,ECE,7.69,92.3,76.6,0,7.9,74.7,3,3,3,4,4,1,2,7.3,4,No,Medium,Tier 2,Yes,Medium,Placed,16.71
3966,Female,IT,7.23,64.5,63.2,4,6.7,66.3,2,2,2,2,4,3,0,8.0,8,No,Medium,Tier 2,Yes,Medium,Not Placed,0.0
3967,Male,ECE,9.64,73.8,100.0,0,9.9,91.1,5,4,5,3,3,4,1,7.2,6,Yes,Low,Tier 1,Yes,Medium,Placed,19.49
3968,Male,IT,9.31,100.0,97.3,1,7.5,62.3,4,2,5,2,5,3,0,6.2,9,No,Low,Tier 2,Yes,Medium,Placed,17.56
3969,Male,ECE,7.62,76.7,85.9,0,7.3,81.7,4,2,4,3,3,3,0,7.7,6,Yes,Medium,Tier 1,Yes,Medium,Placed,15.69
3970,Male,CSE,5.2,57.0,51.9,0,4.9,61.3,4,1,4,3,0,4,0,7.7,6,No,Low,Tier 3,Yes,Low,Placed,11.91
3971,Female,CSE,2.04,29.2,14.5,1,4.3,57.6,4,0,4,3,1,2,4,5.9,3,Yes,Medium,Tier 2,No,Low,Not Placed,0.0
3972,Male,ECE,5.45,63.6,66.3,0,5.1,43.9,4,3,2,3,3,2,0,4.2,7,No,High,Tier 2,Yes,Low,Not Placed,0.0
3973,Male,CSE,7.65,72.5,72.6,0,7.7,81.0,4,2,3,4,3,3,4,7.7,7,No,Medium,Tier 1,Yes,Low,Placed,15.25
3974,Female,CSE,8.96,100.0,80.8,0,6.7,100.0,6,2,5,3,4,5,2,7.4,6,No,Low,Tier 2,Yes,Low,Placed,18.1
3975,Male,ECE,7.9,67.4,68.6,0,6.6,90.5,4,2,2,2,4,1,1,7.5,8,No,Medium,Tier 1,Yes,High,Placed,15.49
3976,Female,ECE,1.95,36.0,30.8,1,2.8,58.5,2,0,2,4,1,0,0,8.6,6,Yes,Medium,Tier 1,Yes,Medium,Not Placed,0.0
3977,Male,CSE,6.0,72.4,81.8,0,7.0,75.1,4,2,3,3,3,2,1,8.1,8,No,Low,Tier 1,Yes,Medium,Placed,14.31
3978,Male,IT,3.32,35.6,39.5,2,1.6,35.0,4,3,3,4,1,3,1,8.6,6,No,Medium,Tier 1,Yes,Medium,Not Placed,0.0
3979,Male,IT,0.09,5.5,7.8,0,1.2,37.5,1,0,0,3,1,0,1,7.9,8,Yes,High,Tier 2,Yes,Low,Not Placed,0.0
3980,Male,CSE,2.0,42.2,40.5,0,2.5,51.9,4,1,3,1,4,3,1,7.2,6,Yes,Medium,Tier 2,Yes,High,Not Placed,0.0
3981,Female,IT,1.13,14.7,28.8,0,0.2,28.8,1,2,1,5,2,0,0,5.5,10,Yes,High,Tier 2,Yes,Medium,Not Placed,0.0
3982,Female,IT,8.43,80.6,64.2,0,6.9,84.1,6,2,5,2,4,3,1,8.8,5,Yes,Low,Tier 2,Yes,Medium,Placed,17.67
3983,Male,IT,2.59,45.9,45.3,0,1.8,15.7,0,2,1,2,1,1,4,6.7,5,Yes,Medium,Tier 2,Yes,Low,Not Placed,0.0
3984,Male,ECE,2.85,39.6,62.1,0,1.2,48.1,2,1,2,4,2,3,0,6.3,4,No,Low,Tier 2,Yes,Medium,Not Placed,0.0
3985,Female,CSE,9.6,78.6,68.8,0,8.0,87.4,5,3,4,2,4,1,1,7.8,5,No,High,Tier 1,Yes,Low,Placed,16.56
3986,Female,IT,3.79,64.7,36.0,2,3.9,74.6,3,1,2,3,3,2,2,4.8,4,Yes,Low,Tier 1,Yes,Low,Not Placed,0.0
3987,Male,ECE,0.1,10.5,0.0,0,1.3,28.4,1,0,2,3,2,2,2,6.1,10,No,High,Tier 1,Yes,Low,Not Placed,0.0
3988,Male,CE,2.84,35.1,40.0,2,3.7,48.8,2,1,2,3,2,1,3,6.2,10,No,Medium,Tier 3,Yes,High,Not Placed,0.0
3989,Male,ME,1.19,27.7,37.4,0,1.5,41.2,1,1,2,3,1,2,3,6.2,5,No,Medium,Tier 3,Yes,High,Not Placed,0.0
3990,Female,ECE,1.03,30.0,27.3,0,4.0,34.1,1,0,1,5,1,1,3,9.3,8,No,High,Tier 3,Yes,Medium,Not Placed,0.0
3991,Male,CSE,0.77,41.2,38.1,0,2.0,48.3,2,1,1,3,2,0,0,6.9,5,No,Low,Tier 1,Yes,High,Not Placed,0.0
3992,Male,CSE,5.93,48.8,73.7,0,6.9,46.7,4,1,3,2,4,2,0,6.2,6,No,High,Tier 2,Yes,High,Placed,14.1
3993,Female,CSE,1.89,39.3,50.1,0,1.1,60.0,3,1,2,4,2,1,0,6.9,9,No,High,Tier 1,Yes,Medium,Not Placed,0.0
3994,Male,ECE,3.61,53.1,58.5,5,3.2,56.5,1,2,0,2,3,0,4,8.0,5,Yes,Medium,Tier 1,Yes,Low,Not Placed,0.0
3995,Male,CSE,8.62,86.9,82.9,0,8.2,100.0,4,3,5,3,5,5,2,4.7,4,Yes,Medium,Tier 1,Yes,Low,Placed,17.88
3996,Male,ECE,4.24,58.9,52.6,0,4.2,27.5,2,2,2,2,2,1,1,7.1,6,No,Medium,Tier 2,Yes,Medium,Not Placed,0.0
3997,Male,CSE,9.16,100.0,82.6,0,6.8,60.7,6,2,3,3,4,3,1,6.5,4,No,Medium,Tier 2,Yes,Medium,Placed,18.38
3998,Male,EE,4.98,43.5,55.5,0,3.1,61.4,2,3,3,3,3,2,1,7.3,6,No,Low,Tier 1,No,Low,Placed,12.7
3999,Male,CSE,3.99,66.4,50.5,0,5.0,65.0,3,2,4,3,1,2,1,5.6,6,No,Medium,Tier 3,Yes,High,Not Placed,0.0
4000,Male,CE,7.5,63.2,77.2,2,7.4,73.3,4,1,4,3,3,3,0,6.8,7,No,Low,Tier 3,Yes,Low,Placed,14.7
4001,Male,CE,0.73,9.9,37.3,0,2.3,46.4,1,1,0,4,2,1,2,6.8,7,No,Low,Tier 3,Yes,Medium,Not Placed,0.0
4002,Female,ECE,0.89,19.9,21.8,1,1.6,52.1,1,1,0,4,2,0,1,5.5,6,No,Medium,Tier 2,Yes,Medium,Not Placed,0.0
4003,Female,IT,6.52,89.7,60.8,0,5.0,82.1,3,4,3,2,4,3,1,9.2,7,No,Medium,Tier 1,Yes,Medium,Not Placed,0.0
4004,Male,ECE,4.87,53.3,48.3,0,4.9,65.5,2,3,3,2,3,4,1,7.5,9,No,Medium,Tier 3,No,Medium,Placed,12.67
4005,Male,IT,7.9,81.8,87.8,0,5.7,83.5,4,4,4,4,4,4,1,8.1,7,No,Medium,Tier 3,Yes,Medium,Placed,17.51
4006,Male,CSE,9.16,100.0,77.2,0,7.2,82.6,3,3,5,2,4,4,1,6.6,8,Yes,Medium,Tier 2,Yes,Medium,Placed,17.99
4007,Male,CSE,3.88,45.0,47.0,0,5.5,57.6,4,2,3,4,3,4,1,7.3,4,No,Low,Tier 3,Yes,Medium,Not Placed,0.0
4008,Male,ECE,5.96,53.9,79.0,0,3.8,58.5,5,1,4,4,1,4,1,5.6,6,No,Medium,Tier 1,Yes,Medium,Placed,14.49
4009,Female,ECE,5.01,53.4,61.0,0,5.7,55.6,4,1,4,1,2,3,1,6.2,6,No,Medium,Tier 2,Yes,High,Placed,13.58
4010,Male,ECE,9.82,100.0,95.8,2,9.9,100.0,3,5,4,3,5,5,2,5.9,10,No,Low,Tier 2,Yes,Low,Placed,16.7
4011,Male,CSE,8.31,86.3,84.1,0,8.1,79.3,4,1,5,4,3,5,3,7.4,1,No,Medium,Tier 2,Yes,Low,Placed,16.68
4012,Male,ECE,9.12,100.0,80.7,1,8.3,80.9,3,3,5,3,5,2,2,9.0,7,No,Low,Tier 3,Yes,Low,Placed,19.3
4013,Female,CSE,2.54,44.0,29.7,0,2.8,55.6,3,1,3,3,2,2,2,8.1,7,No,Low,Tier 2,Yes,High,Not Placed,0.0
4014,Male,CSE,7.73,74.3,77.9,2,6.3,85.9,8,3,5,4,4,4,1,9.2,7,No,Low,Tier 1,Yes,Medium,Placed,16.44
4015,Female,CSE,2.65,38.0,41.9,0,1.1,48.3,2,1,2,4,0,3,1,8.0,3,No,Medium,Tier 3,Yes,High,Not Placed,0.0
4016,Male,CSE,2.09,24.2,44.2,0,3.0,45.8,1,2,1,2,3,0,0,7.5,6,No,High,Tier 3,Yes,Medium,Not Placed,0.0
4017,Female,CSE,9.44,88.6,94.4,5,7.7,96.6,5,3,5,5,3,5,1,5.9,9,No,High,Tier 2,Yes,Low,Not Placed,0.0
4018,Female,ME,0.19,61.4,33.0,0,0.9,47.8,1,1,2,1,0,1,0,7.4,3,Yes,Low,Tier 2,Yes,Medium,Not Placed,0.0
4019,Male,CSE,9.65,100.0,100.0,0,8.2,95.3,4,3,5,1,5,4,1,6.4,7,No,Medium,Tier 2,Yes,Low,Placed,18.9
4020,Male,IT,1.49,36.3,37.9,0,2.6,29.6,3,0,3,2,2,2,3,8.0,4,No,Medium,Tier 2,Yes,Medium,Not Placed,0.0
4021,Male,CSE,8.19,78.4,95.8,0,6.6,81.5,5,2,4,3,4,1,1,5.4,9,No,High,Tier 1,Yes,Low,Placed,17.23
4022,Male,ME,2.76,54.2,30.2,4,5.0,46.7,4,2,3,3,4,1,3,6.9,7,No,High,Tier 3,Yes,Medium,Not Placed,0.0
4023,Female,ECE,3.51,55.8,34.6,2,4.7,43.4,4,2,4,2,3,2,3,7.0,6,No,High,Tier 3,Yes,Medium,Not Placed,0.0
4024,Female,CSE,2.17,52.3,40.5,2,3.9,54.0,3,2,2,2,1,1,0,9.1,4,No,Medium,Tier 1,Yes,Low,Not Placed,0.0
4025,Female,ECE,5.86,83.1,51.5,4,5.5,77.1,6,3,4,3,3,3,0,5.8,5,No,Low,Tier 2,Yes,Medium,Not Placed,0.0
4026,Female,ECE,3.48,29.8,42.9,0,4.4,64.6,4,1,3,2,3,2,1,8.4,5,No,High,Tier 2,Yes,Medium,Not Placed,0.0
4027,Male,ECE,6.57,59.7,78.3,0,5.2,62.5,2,2,3,4,2,2,0,8.0,4,No,Low,Tier 1,Yes,High,Placed,14.96
4028,Male,CSE,0.16,6.3,33.4,1,2.3,37.8,0,0,0,3,2,0,0,6.7,5,No,High,Tier 1,Yes,Low,Not Placed,0.0
4029,Female,EE,0.64,11.0,20.6,0,1.7,38.8,1,1,2,3,1,2,1,7.5,2,Yes,Medium,Tier 3,Yes,Medium,Not Placed,0.0
4030,Male,ECE,1.0,26.7,19.5,0,1.2,44.7,3,1,2,3,0,3,1,6.7,7,Yes,High,Tier 1,Yes,Low,Not Placed,0.0
4031,Female,CSE,4.19,44.9,54.7,0,4.4,61.7,2,2,2,4,4,2,4,7.0,5,Yes,Low,Tier 2,Yes,Medium,Not Placed,0.0
4032,Male,IT,8.15,100.0,72.5,3,6.9,83.7,5,2,4,2,5,4,0,7.9,4,No,Medium,Tier 2,Yes,High,Placed,17.75
4033,Male,ECE,8.88,100.0,87.3,0,10.0,86.7,5,4,5,1,2,4,1,10.0,3,No,Low,Tier 2,Yes,High,Placed,17.76
4034,Female,ME,2.45,35.8,37.5,2,3.7,63.0,1,2,0,2,2,0,1,8.2,6,No,Medium,Tier 2,Yes,Medium,Not Placed,0.0
4035,Male,ECE,5.74,83.3,63.6,0,7.1,59.1,5,2,4,3,2,1,3,7.3,9,No,Low,Tier 2,Yes,Medium,Placed,15.17
4036,Female,IT,7.68,95.2,80.3,0,8.0,79.0,3,3,4,4,4,3,1,8.7,5,No,Low,Tier 3,Yes,Medium,Placed,16.24
4037,Female,CSE,2.89,35.1,32.8,2,3.6,65.3,5,2,4,4,4,2,3,5.3,8,No,Medium,Tier 1,No,Medium,Not Placed,0.0
4038,Female,ME,4.09,29.7,43.5,4,3.9,49.8,2,1,2,5,3,2,1,6.5,7,No,Low,Tier 2,Yes,High,Not Placed,0.0
4039,Female,IT,5.24,57.4,52.4,0,3.4,57.3,3,3,4,4,2,4,2,7.1,5,No,High,Tier 1,Yes,Medium,Placed,13.76
4040,Male,CSE,1.35,20.0,12.6,0,1.6,51.9,2,1,1,2,2,1,1,5.8,9,No,Medium,Tier 2,Yes,Low,Not Placed,0.0
4041,Female,CSE,0.26,19.3,23.5,0,2.3,19.5,2,0,1,3,1,1,2,6.4,2,No,Medium,Tier 2,Yes,Medium,Not Placed,0.0
4042,Male,CSE,1.53,28.9,39.2,2,2.3,52.1,3,1,2,0,1,2,3,5.0,6,Yes,Medium,Tier 3,Yes,Low,Not Placed,0.0
4043,Male,EE,6.27,68.9,76.1,0,6.3,66.7,4,2,5,3,3,3,1,5.5,5,No,Low,Tier 3,Yes,High,Placed,17.18
4044,Female,CSE,0.74,26.5,21.3,0,0.0,44.4,0,0,0,2,1,0,2,6.7,6,No,High,Tier 1,Yes,Low,Not Placed,0.0
4045,Male,ECE,1.9,19.0,25.1,1,3.3,31.8,3,2,2,0,2,0,0,5.9,3,No,High,Tier 1,Yes,Low,Not Placed,0.0
4046,Male,CSE,3.38,47.8,52.5,0,5.0,69.5,5,0,2,5,0,3,1,7.5,7,No,Low,Tier 2,Yes,Low,Not Placed,0.0
4047,Male,ECE,0.78,17.2,30.6,0,0.3,25.1,3,1,1,3,1,3,4,7.3,2,No,Low,Tier 3,Yes,Low,Not Placed,0.0
4048,Male,ECE,1.92,33.3,35.5,2,3.2,55.2,2,1,2,0,2,2,3,7.4,7,No,Low,Tier 2,Yes,Medium,Not Placed,0.0
4049,Female,EE,9.11,100.0,100.0,3,9.2,75.6,4,1,5,3,5,3,2,6.4,4,No,High,Tier 1,Yes,Medium,Placed,16.98
4050,Male,ECE,0.19,4.4,19.3,3,3.3,57.8,3,0,1,5,0,1,2,8.3,6,No,Medium,Tier 1,Yes,Medium,Not Placed,0.0
4051,Female,ME,6.53,67.7,67.7,0,5.6,73.3,6,2,5,5,4,2,1,7.6,4,No,Medium,Tier 1,Yes,High,Placed,17.16
4052,Female,ECE,3.84,46.5,44.7,3,5.0,81.5,2,2,2,3,2,1,2,7.3,4,No,High,Tier 1,Yes,Low,Not Placed,0.0
4053,Female,CSE,6.73,67.1,56.2,1,7.6,65.6,3,2,3,3,4,2,1,7.3,9,No,High,Tier 2,Yes,Medium,Placed,13.29
4054,Male,CSE,5.89,74.1,71.7,0,6.0,65.0,1,3,2,4,1,1,2,6.8,9,No,Medium,Tier 2,Yes,Medium,Not Placed,0.0
4055,Female,ECE,2.23,26.8,34.8,0,4.3,62.9,5,2,4,3,1,3,2,8.6,3,No,Low,Tier 2,Yes,High,Not Placed,0.0
4056,Male,EE,8.47,81.4,90.9,0,7.4,68.7,5,2,4,4,2,3,2,8.4,6,No,Medium,Tier 3,Yes,High,Placed,16.26
4057,Female,ME,4.92,49.7,75.8,1,5.3,56.1,4,3,2,4,3,2,1,6.6,7,No,Medium,Tier 3,Yes,Low,Not Placed,0.0
4058,Male,CSE,8.23,95.9,79.9,1,6.6,90.3,6,2,5,2,4,5,0,7.2,5,No,Medium,Tier 2,Yes,High,Placed,16.95
4059,Female,CSE,4.06,44.6,27.1,1,4.2,47.1,4,2,4,5,2,3,2,6.5,5,No,Low,Tier 3,Yes,High,Not Placed,0.0
4060,Female,CSE,9.85,100.0,100.0,0,8.8,100.0,5,5,4,2,3,3,0,10.0,7,No,Medium,Tier 3,Yes,High,Placed,18.41
4061,Male,CE,7.7,100.0,81.3,0,6.2,83.2,6,3,5,2,2,4,0,6.7,7,No,Low,Tier 1,Yes,Medium,Placed,18.73
4062,Male,ME,9.66,96.4,88.0,0,8.0,74.8,5,4,4,3,2,3,0,8.4,5,No,High,Tier 2,Yes,High,Placed,16.86
4063,Female,IT,5.14,69.8,63.1,3,5.9,77.5,5,1,4,4,1,3,1,10.0,7,No,Medium,Tier 1,Yes,Low,Placed,13.23
4064,Male,ECE,4.74,72.0,63.8,1,6.9,48.3,2,3,2,4,2,2,1,7.4,5,No,High,Tier 3,No,Low,Placed,12.35
4065,Female,ECE,7.55,89.4,68.9,0,4.7,89.6,4,3,5,3,3,2,2,4.9,5,Yes,Medium,Tier 3,No,Medium,Placed,16.7
4066,Male,ECE,8.8,89.6,85.4,0,9.6,89.3,6,2,4,3,4,3,0,8.8,4,No,Low,Tier 2,Yes,Low,Placed,17.81
4067,Male,CSE,9.64,100.0,100.0,1,8.0,87.4,4,4,4,4,5,3,1,6.4,4,No,Low,Tier 2,Yes,Medium,Placed,19.03
4068,Female,ECE,3.25,29.8,36.8,0,4.7,41.2,3,1,1,3,1,1,1,6.2,6,No,High,Tier 2,Yes,Low,Not Placed,0.0
4069,Female,CSE,7.99,75.1,82.6,1,8.3,86.9,6,3,3,2,4,3,1,9.1,2,No,Medium,Tier 3,Yes,High,Placed,16.08
4070,Female,CSE,2.11,26.9,8.6,0,4.5,37.2,4,1,3,2,3,2,1,5.4,2,No,Medium,Tier 2,Yes,Medium,Not Placed,0.0
4071,Male,ME,5.46,83.8,46.9,1,4.6,82.3,3,1,1,4,4,2,1,8.7,5,No,Medium,Tier 1,Yes,Medium,Placed,12.89
4072,Female,IT,1.8,22.2,34.0,0,2.5,60.7,1,0,2,2,2,2,0,6.7,6,No,Low,Tier 2,Yes,Low,Not Placed,0.0
4073,Male,ECE,3.47,36.2,58.0,0,3.9,75.5,2,1,2,1,2,2,1,4.8,3,No,Medium,Tier 1,Yes,Low,Not Placed,0.0
4074,Female,ECE,9.31,83.7,78.9,4,7.7,94.2,4,3,3,3,3,1,1,8.1,9,No,Medium,Tier 3,Yes,Low,Not Placed,0.0
4075,Female,ECE,1.46,33.0,30.4,0,3.8,38.9,1,0,1,3,2,2,1,4.3,4,No,Medium,Tier 1,Yes,Low,Not Placed,0.0
4076,Male,IT,6.32,70.1,64.8,0,5.8,69.4,2,1,3,4,3,2,3,6.9,4,No,Medium,Tier 2,Yes,Low,Placed,13.59
4077,Male,IT,5.93,76.3,75.0,5,4.0,66.1,2,1,3,1,4,2,1,5.0,4,No,Low,Tier 1,Yes,Medium,Not Placed,0.0
4078,Male,IT,1.21,32.0,15.5,0,1.7,45.2,3,2,3,3,2,1,1,6.6,7,Yes,Low,Tier 2,Yes,High,Not Placed,0.0
4079,Female,IT,3.26,28.9,48.4,1,2.2,59.8,3,1,3,4,2,0,0,7.8,9,No,Medium,Tier 3,Yes,Low,Not Placed,0.0
4080,Male,CSE,5.63,54.8,56.5,0,5.2,83.6,4,0,3,2,4,4,2,7.5,4,No,Low,Tier 3,Yes,Low,Placed,11.41
4081,Female,CSE,1.87,44.5,35.2,0,3.5,46.5,0,1,1,3,1,1,1,7.2,7,No,Medium,Tier 2,Yes,High,Not Placed,0.0
4082,Male,ECE,8.01,81.1,82.8,0,6.5,66.2,4,2,2,0,4,0,2,8.2,6,No,Medium,Tier 2,Yes,Low,Placed,15.33
4083,Female,CSE,9.72,100.0,93.2,0,7.9,88.4,3,3,4,4,5,2,0,7.0,4,No,Low,Tier 2,Yes,Low,Placed,17.54
4084,Female,IT,2.15,31.8,40.0,2,2.7,66.6,0,0,1,4,2,1,2,6.7,6,No,Low,Tier 1,Yes,Medium,Not Placed,0.0
4085,Male,CSE,1.87,21.2,33.4,2,2.9,27.5,2,2,2,3,3,2,3,7.3,3,No,Low,Tier 1,Yes,Low,Not Placed,0.0
4086,Male,CSE,4.55,50.6,53.1,0,5.2,71.2,3,1,3,1,4,3,2,6.2,5,No,High,Tier 1,Yes,Medium,Placed,12.98
4087,Male,ECE,7.48,68.9,74.3,0,7.5,75.2,4,2,3,4,3,3,2,8.0,3,No,Medium,Tier 2,Yes,Medium,Placed,15.16
4088,Female,EE,2.82,33.3,41.3,2,5.7,41.3,0,1,1,3,3,0,0,7.1,5,No,High,Tier 1,Yes,Medium,Not Placed,0.0
4089,Female,CSE,0.2,18.7,21.8,0,1.8,40.9,1,1,0,0,1,0,3,7.9,6,No,Low,Tier 2,Yes,Low,Not Placed,0.0
4090,Male,IT,5.41,66.1,51.4,0,6.0,86.2,1,2,2,4,5,2,2,6.8,8,No,Medium,Tier 3,Yes,Low,Placed,11.29
4091,Female,ECE,9.57,80.4,91.1,0,6.6,96.5,3,3,5,4,5,4,1,7.6,6,No,High,Tier 2,Yes,Medium,Placed,18.77
4092,Male,CSE,3.91,48.1,38.7,0,3.9,55.3,5,1,3,5,3,3,2,7.8,4,No,Medium,Tier 2,Yes,Low,Not Placed,0.0
4093,Male,ECE,4.2,44.8,51.2,0,4.2,44.6,4,1,3,1,4,4,1,4.6,6,No,Low,Tier 2,Yes,Low,Not Placed,0.0
4094,Female,IT,9.69,90.9,89.6,0,7.3,92.0,5,4,5,1,4,4,0,5.2,1,No,Medium,Tier 2,Yes,Medium,Placed,18.84
4095,Male,ECE,6.95,75.4,81.3,0,5.8,60.7,3,1,5,3,5,3,1,6.3,7,No,Low,Tier 1,Yes,High,Placed,16.41
4096,Male,ME,7.19,70.6,82.2,2,6.4,74.4,5,2,5,4,3,2,0,6.8,4,No,Low,Tier 3,Yes,High,Placed,14.3
4097,Male,CSE,5.63,76.7,53.8,0,4.9,68.0,5,2,4,2,3,3,2,8.5,9,No,Medium,Tier 1,Yes,High,Placed,14.67
4098,Male,CSE,9.75,100.0,96.0,0,10.0,65.2,5,4,5,1,4,3,2,7.5,7,No,High,Tier 1,Yes,Low,Placed,18.11
4099,Male,CE,6.89,85.4,79.5,0,6.8,93.0,5,3,3,4,4,3,2,7.6,6,No,Medium,Tier 1,Yes,Medium,Placed,14.69
4100,Male,ECE,8.95,86.1,87.8,1,9.8,73.8,5,3,4,3,5,3,0,8.9,5,No,Medium,Tier 2,Yes,High,Placed,16.94
4101,Female,ECE,6.99,64.8,66.6,0,7.9,74.7,3,2,4,4,4,5,2,8.7,5,Yes,Low,Tier 1,Yes,Medium,Placed,15.31
4102,Male,IT,7.35,78.3,65.9,0,6.0,85.5,3,2,4,3,4,3,1,5.8,5,No,Medium,Tier 2,Yes,Medium,Placed,17.57
4103,Male,CSE,2.9,38.1,49.7,2,3.6,68.1,2,3,1,3,2,1,2,8.5,5,No,Low,Tier 2,Yes,Low,Not Placed,0.0
4104,Male,IT,3.03,34.7,51.3,0,3.2,43.7,1,1,0,3,2,0,1,7.1,5,No,Low,Tier 2,Yes,Medium,Not Placed,0.0
4105,Male,CSE,7.83,69.8,78.6,0,6.8,51.9,6,3,5,3,3,2,1,6.4,7,Yes,Medium,Tier 3,Yes,Medium,Placed,16.44
4106,Female,CSE,2.97,39.8,49.4,4,2.6,65.8,3,1,1,2,4,2,1,6.6,8,Yes,Low,Tier 1,Yes,Low,Not Placed,0.0
4107,Female,CSE,5.63,58.8,33.4,0,5.0,53.8,3,1,2,2,4,3,1,6.2,6,No,Medium,Tier 2,Yes,Low,Not Placed,0.0
4108,Male,ME,2.49,43.0,51.2,0,3.6,54.3,3,0,3,4,2,2,1,7.2,8,No,High,Tier 3,Yes,Medium,Not Placed,0.0
4109,Female,CSE,8.17,91.1,81.8,0,7.6,89.1,4,2,3,4,4,0,1,6.9,3,Yes,Low,Tier 1,No,Low,Placed,16.04
4110,Male,IT,1.11,35.4,28.3,2,2.5,2.6,4,0,2,2,4,3,2,8.5,6,Yes,High,Tier 1,No,High,Not Placed,0.0
4111,Male,CE,8.29,72.9,81.1,0,7.2,65.4,6,3,5,5,4,5,0,9.3,6,No,Medium,Tier 2,Yes,Low,Placed,17.2
4112,Male,ECE,6.03,70.3,80.2,1,6.6,65.7,5,2,5,3,5,4,1,6.5,3,No,High,Tier 3,Yes,High,Placed,15.29
4113,Male,ECE,1.87,23.6,22.4,1,2.6,15.2,2,1,1,3,1,2,1,5.4,5,No,Medium,Tier 2,Yes,Low,Not Placed,0.0
4114,Male,ECE,5.42,48.9,76.1,0,6.7,51.5,3,4,3,4,3,2,0,7.8,7,No,Low,Tier 3,Yes,Medium,Placed,14.0
4115,Female,CSE,2.82,34.7,44.5,1,1.6,53.4,2,3,2,4,1,2,3,8.1,1,No,Medium,Tier 1,Yes,High,Not Placed,0.0
4116,Male,ECE,3.23,53.1,50.1,0,4.4,53.3,2,1,2,2,2,0,2,7.5,5,No,Medium,Tier 3,Yes,Low,Not Placed,0.0
4117,Female,IT,3.52,41.2,42.9,0,4.5,59.8,4,2,4,4,3,4,0,5.2,5,Yes,High,Tier 1,Yes,Medium,Not Placed,0.0
4118,Male,EE,0.63,36.0,10.0,1,1.3,44.2,0,1,0,4,0,0,0,6.0,6,No,Medium,Tier 2,Yes,Medium,Not Placed,0.0
4119,Male,CE,9.86,100.0,100.0,0,8.0,74.0,4,4,5,3,3,5,3,7.2,7,No,Medium,Tier 3,Yes,Medium,Placed,18.98
4120,Female,ME,0.32,13.8,23.7,0,2.2,21.5,2,1,1,3,2,3,0,6.3,7,No,High,Tier 1,Yes,Medium,Not Placed,0.0
4121,Male,ME,6.62,82.9,84.6,1,7.0,83.9,5,2,5,2,3,1,0,5.8,7,Yes,Low,Tier 1,Yes,Medium,Placed,16.11
4122,Male,ECE,3.71,51.0,45.7,1,2.3,75.6,5,3,4,2,2,5,2,9.6,8,Yes,Medium,Tier 2,Yes,Medium,Not Placed,0.0
4123,Female,IT,6.46,60.6,65.5,0,6.7,62.2,4,3,3,3,1,2,1,5.8,5,No,Low,Tier 1,Yes,Low,Placed,14.63
4124,Female,ME,3.56,63.8,60.4,1,3.5,59.5,1,2,2,2,1,2,0,8.4,1,No,Medium,Tier 1,Yes,High,Not Placed,0.0
4125,Female,ECE,6.74,74.9,91.0,0,7.3,85.1,5,3,4,3,4,2,3,7.5,7,No,Medium,Tier 1,Yes,High,Placed,15.56
4126,Female,EE,7.29,77.2,76.4,2,4.8,81.6,5,3,5,3,3,3,1,7.7,3,No,Low,Tier 1,Yes,Medium,Placed,14.44
4127,Female,ECE,6.91,65.2,65.8,1,8.8,73.5,1,2,1,4,4,0,1,8.4,6,No,Medium,Tier 1,Yes,Medium,Placed,12.66
4128,Female,IT,1.14,36.5,35.2,0,1.4,34.2,3,1,2,2,0,1,1,6.2,3,No,Medium,Tier 1,Yes,Medium,Not Placed,0.0
4129,Male,IT,6.57,76.0,68.0,0,7.5,98.2,5,2,5,2,3,5,0,6.6,4,No,Low,Tier 1,Yes,Low,Placed,15.44
4130,Male,EE,2.8,45.1,46.4,1,3.4,53.0,5,1,2,4,2,3,2,7.6,7,No,Medium,Tier 2,Yes,Medium,Not Placed,0.0
4131,Male,CSE,0.29,12.4,17.7,2,0.9,41.4,3,0,2,2,1,2,3,4.8,5,No,Medium,Tier 2,Yes,Low,Not Placed,0.0
4132,Male,IT,4.15,58.6,66.8,0,4.7,63.8,4,1,4,4,3,2,2,9.0,2,Yes,Low,Tier 2,Yes,Medium,Not Placed,0.0
4133,Female,ECE,4.34,61.0,45.7,0,5.6,51.3,5,3,3,2,1,2,1,7.1,3,Yes,Low,Tier 2,Yes,High,Not Placed,0.0
4134,Female,CSE,4.67,48.0,60.2,0,3.2,63.6,2,2,3,3,3,1,1,5.9,8,No,High,Tier 3,Yes,Medium,Placed,12.04
4135,Male,IT,7.05,60.8,69.5,0,7.1,73.4,4,2,4,4,5,4,0,8.3,5,No,Low,Tier 2,Yes,High,Placed,16.24
4136,Male,ECE,3.09,47.1,39.9,1,3.7,49.5,2,1,2,0,1,4,1,7.1,5,No,Low,Tier 1,Yes,Low,Not Placed,0.0
4137,Female,IT,3.15,26.0,39.1,0,4.3,57.7,1,0,1,4,3,2,2,6.1,4,No,High,Tier 2,Yes,Medium,Not Placed,0.0
4138,Male,CSE,0.61,21.7,30.3,1,1.9,27.7,2,1,1,5,2,1,1,8.1,2,Yes,High,Tier 3,No,High,Not Placed,0.0
4139,Female,ECE,6.87,68.9,82.1,3,5.7,61.8,5,2,5,3,4,4,2,4.2,5,No,High,Tier 1,Yes,Low,Placed,15.45
4140,Male,IT,5.68,75.5,69.0,4,4.4,75.1,3,2,2,3,3,2,1,7.5,8,No,High,Tier 1,Yes,Medium,Not Placed,0.0
4141,Male,ECE,3.49,40.7,44.8,0,4.6,49.6,4,1,3,2,4,3,0,8.6,4,No,Low,Tier 1,Yes,High,Not Placed,0.0
4142,Male,CSE,7.05,86.0,75.8,1,7.1,73.2,4,1,4,3,5,5,2,6.0,2,No,Medium,Tier 1,Yes,High,Placed,15.77
4143,Male,EE,5.37,55.5,69.9,3,5.9,44.1,5,3,4,5,4,2,4,5.5,7,No,Low,Tier 3,Yes,Medium,Placed,15.55
4144,Female,ECE,4.69,64.9,64.8,0,5.2,74.7,2,2,4,0,3,2,1,7.5,6,Yes,High,Tier 2,Yes,Medium,Placed,12.36
4145,Female,IT,5.11,79.0,32.0,0,6.0,71.9,0,3,2,2,3,1,1,6.2,6,No,Medium,Tier 3,Yes,Low,Not Placed,0.0
4146,Female,ECE,6.36,58.4,66.2,3,7.4,81.7,4,2,3,4,2,2,2,9.7,6,Yes,Medium,Tier 2,Yes,High,Placed,13.79
4147,Male,ECE,6.6,74.0,68.6,0,4.2,79.2,3,3,3,5,2,3,1,6.4,2,No,Medium,Tier 1,Yes,Low,Placed,13.99
4148,Male,ECE,2.89,67.1,47.8,3,1.2,34.1,3,2,1,1,1,1,3,6.8,5,Yes,Low,Tier 2,Yes,Medium,Not Placed,0.0
4149,Female,ECE,1.41,27.7,28.6,0,4.2,46.2,2,1,1,2,2,0,0,7.6,6,No,Medium,Tier 3,No,Low,Not Placed,0.0
4150,Female,ECE,1.57,29.0,37.8,0,1.3,37.1,3,0,2,2,1,1,3,4.8,5,Yes,Low,Tier 1,Yes,High,Not Placed,0.0
4151,Male,ECE,6.39,77.2,58.3,0,4.9,61.8,3,1,3,2,5,1,2,7.1,5,No,Low,Tier 2,Yes,Medium,Placed,14.26
4152,Male,ECE,8.73,89.6,90.4,0,7.3,93.4,5,5,4,3,2,3,3,8.3,8,No,Medium,Tier 3,Yes,High,Placed,17.48
4153,Female,CSE,4.09,32.7,59.7,0,2.7,79.4,2,1,2,1,2,3,2,6.9,6,Yes,Medium,Tier 3,Yes,Medium,Not Placed,0.0
4154,Male,ECE,1.7,40.8,16.9,0,2.3,63.1,2,3,2,3,2,2,1,5.6,7,No,Medium,Tier 2,Yes,Medium,Not Placed,0.0
4155,Male,CSE,7.57,59.3,100.0,0,5.9,87.9,4,2,4,2,5,4,2,6.5,5,No,Medium,Tier 2,Yes,Medium,Placed,16.19
4156,Male,CSE,8.32,81.6,96.5,0,7.1,84.6,4,4,4,3,4,2,1,4.7,1,Yes,Low,Tier 1,Yes,High,Placed,16.11
4157,Male,CE,8.81,100.0,88.5,0,7.9,85.3,3,3,3,2,4,1,4,6.7,5,No,Medium,Tier 2,Yes,Low,Placed,16.84
4158,Female,IT,6.07,63.0,58.3,2,5.4,60.6,3,3,2,3,3,2,4,8.3,5,No,Low,Tier 3,Yes,Medium,Placed,11.81
4159,Female,IT,8.61,81.2,85.1,0,7.1,83.4,5,2,5,2,4,5,0,6.3,5,Yes,Medium,Tier 1,No,Medium,Placed,17.2
4160,Male,ECE,0.15,25.1,20.0,2,1.9,46.8,1,0,1,4,1,2,1,7.8,5,No,Medium,Tier 1,Yes,High,Not Placed,0.0
4161,Male,CE,1.07,15.6,31.0,2,3.3,63.3,4,0,4,3,3,2,0,5.2,6,No,High,Tier 2,Yes,Medium,Not Placed,0.0
4162,Male,IT,0.93,10.7,40.4,0,3.8,30.8,1,1,2,3,2,4,4,9.3,7,No,High,Tier 2,Yes,Medium,Not Placed,0.0
4163,Male,IT,7.13,78.4,70.3,0,6.3,53.8,3,2,5,3,4,2,0,8.4,4,No,Medium,Tier 3,Yes,Medium,Placed,16.82
4164,Male,ECE,0.7,19.1,29.2,3,3.8,32.8,3,0,2,3,1,2,4,6.4,5,No,Medium,Tier 2,Yes,Low,Not Placed,0.0
4165,Female,EE,4.96,44.7,44.8,1,5.8,75.6,3,1,3,3,2,2,2,5.4,9,No,Medium,Tier 2,Yes,Low,Placed,11.11
4166,Male,ME,4.73,61.6,51.7,0,3.6,88.2,1,1,2,4,4,1,3,6.4,2,Yes,High,Tier 2,Yes,High,Placed,11.33
4167,Male,ME,3.11,46.1,46.6,1,2.4,69.4,2,2,1,3,0,1,2,7.3,5,Yes,Low,Tier 3,Yes,Low,Not Placed,0.0
4168,Male,CSE,8.7,85.4,94.5,0,7.0,100.0,4,2,5,2,4,3,1,8.3,1,No,Low,Tier 2,No,Medium,Placed,18.17
4169,Male,CSE,1.7,26.5,24.1,0,4.1,35.0,2,0,2,3,2,0,2,4.5,5,No,Low,Tier 2,Yes,Medium,Not Placed,0.0
4170,Male,CSE,3.52,49.6,41.8,0,3.5,46.3,2,1,3,2,3,2,1,8.4,6,Yes,Low,Tier 2,Yes,High,Not Placed,0.0
4171,Male,CSE,7.74,92.7,94.5,0,5.0,65.6,6,1,5,3,4,4,0,7.3,2,No,Low,Tier 1,Yes,Low,Placed,16.97
4172,Female,ME,0.3,14.7,32.0,4,1.5,28.8,1,0,1,2,3,2,1,5.6,6,No,Medium,Tier 2,Yes,High,Not Placed,0.0
4173,Male,CSE,6.73,78.8,73.9,2,4.2,86.3,4,2,3,4,3,4,2,4.0,4,No,Low,Tier 2,Yes,Medium,Placed,11.66
4174,Male,CSE,8.16,90.0,60.9,0,6.2,100.0,5,3,5,2,4,3,1,7.2,8,No,Medium,Tier 1,Yes,Low,Placed,17.89
4175,Female,CSE,9.32,100.0,100.0,0,7.4,95.1,4,3,4,4,5,5,3,7.3,6,Yes,High,Tier 2,Yes,Low,Placed,18.29
4176,Female,CSE,8.76,89.9,87.9,0,7.8,84.5,3,2,4,3,5,3,1,6.3,4,Yes,Low,Tier 2,Yes,Low,Placed,17.5
4177,Male,CSE,3.19,33.0,40.4,0,4.8,41.3,5,1,3,4,3,2,3,8.1,5,No,Medium,Tier 2,Yes,Medium,Not Placed,0.0
4178,Female,IT,5.86,60.2,59.7,0,6.3,68.8,4,2,3,2,4,2,1,9.4,9,Yes,Low,Tier 1,Yes,Medium,Placed,14.07
4179,Male,ECE,0.77,25.0,27.9,0,0.9,42.1,2,1,0,1,1,0,0,6.5,5,No,Medium,Tier 2,Yes,Medium,Not Placed,0.0
4180,Male,CSE,2.58,55.1,42.5,0,2.9,32.9,3,0,3,1,2,2,1,6.1,3,No,Medium,Tier 1,Yes,Low,Not Placed,0.0
4181,Male,ECE,0.94,18.1,35.0,0,2.2,51.7,1,1,2,5,3,3,3,9.1,3,No,Low,Tier 1,Yes,High,Not Placed,0.0
4182,Female,ECE,3.15,49.8,33.9,3,3.4,48.8,0,2,0,2,3,1,1,6.7,5,Yes,High,Tier 1,Yes,Medium,Not Placed,0.0
4183,Female,CSE,8.75,86.1,84.9,3,7.4,97.8,3,2,3,4,4,3,0,7.8,8,No,Low,Tier 1,No,Low,Placed,15.92
4184,Male,IT,3.47,45.6,66.1,0,2.2,55.7,4,0,4,1,2,3,1,6.3,5,No,Medium,Tier 3,Yes,Low,Not Placed,0.0
4185,Male,IT,5.62,77.9,65.2,0,4.3,72.3,5,3,3,3,4,4,0,8.4,3,No,Medium,Tier 1,Yes,Medium,Placed,15.1
4186,Female,IT,4.33,59.4,50.9,0,4.1,52.6,2,2,3,3,4,1,2,5.5,6,No,High,Tier 2,No,Medium,Not Placed,0.0
4187,Male,IT,4.59,41.6,45.3,0,1.6,58.4,2,1,2,5,2,3,2,7.2,6,No,Medium,Tier 3,Yes,Medium,Not Placed,0.0
4188,Male,CSE,9.7,91.7,100.0,3,8.9,100.0,5,3,4,3,5,3,0,7.4,7,No,Medium,Tier 2,Yes,Low,Placed,16.75
4189,Female,EE,2.96,52.7,52.0,1,2.2,51.2,1,1,2,2,2,1,1,6.8,2,No,Medium,Tier 2,Yes,Low,Not Placed,0.0
4190,Female,ME,6.27,69.7,76.9,0,6.6,59.4,4,3,4,3,3,3,0,6.2,6,No,Low,Tier 2,Yes,Low,Placed,16.71
4191,Female,CE,4.2,39.2,49.0,0,5.0,61.5,2,0,2,2,4,2,2,9.2,6,No,Medium,Tier 1,Yes,High,Not Placed,0.0
4192,Female,CSE,0.61,12.0,26.5,3,1.4,43.3,3,0,2,3,1,1,0,8.0,5,No,Medium,Tier 3,Yes,Medium,Not Placed,0.0
4193,Male,CE,4.89,63.6,73.8,0,5.9,80.8,5,3,5,3,2,3,4,6.0,8,No,High,Tier 2,No,Low,Placed,16.07
4194,Female,ME,8.13,94.0,93.7,0,7.9,97.6,5,3,3,2,3,2,1,4.7,6,No,High,Tier 1,Yes,Low,Placed,15.98
4195,Female,ME,0.99,23.6,18.1,3,1.9,40.2,1,1,1,4,1,0,3,8.8,4,Yes,Medium,Tier 3,Yes,High,Not Placed,0.0
4196,Male,CSE,0.7,45.7,0.0,0,1.6,32.6,2,1,2,3,1,3,2,5.9,6,Yes,Medium,Tier 1,No,Low,Not Placed,0.0
4197,Male,IT,1.54,36.3,33.3,0,3.7,41.5,1,1,0,4,1,0,2,7.1,2,No,Medium,Tier 2,Yes,Low,Not Placed,0.0
4198,Male,EE,7.64,77.5,87.1,0,7.1,74.6,4,2,4,5,3,3,2,7.1,5,No,Low,Tier 1,Yes,High,Placed,17.02
4199,Male,IT,7.24,68.4,65.0,2,7.6,84.5,5,2,5,2,3,5,0,7.3,5,No,Medium,Tier 2,Yes,Low,Placed,14.32
4200,Female,ECE,5.65,53.3,63.1,2,3.1,81.4,2,3,3,3,2,4,1,5.0,7,No,Medium,Tier 2,Yes,High,Placed,12.08
4201,Female,CE,4.68,58.1,52.8,0,4.9,78.0,6,1,4,1,3,2,3,6.6,10,No,Medium,Tier 2,Yes,Medium,Placed,11.96
4202,Male,ECE,8.88,85.6,90.1,0,6.1,83.3,5,3,4,4,2,2,4,7.0,5,No,High,Tier 2,Yes,Low,Placed,17.3
4203,Male,ECE,7.67,96.9,73.9,0,6.8,74.9,3,3,5,2,3,4,1,6.9,8,No,High,Tier 1,Yes,High,Placed,17.82
4204,Female,ECE,8.12,98.7,95.9,0,7.9,78.7,3,4,2,3,4,1,1,7.9,8,No,Medium,Tier 1,Yes,High,Placed,15.65
4205,Male,CE,8.13,90.4,84.5,0,8.9,60.6,3,3,4,4,5,2,3,7.2,3,No,Medium,Tier 2,Yes,Low,Placed,17.5
4206,Male,CSE,6.43,57.9,60.6,0,5.1,59.1,3,3,2,2,3,3,2,7.5,8,No,Medium,Tier 1,Yes,Low,Placed,12.87
4207,Male,ECE,4.58,47.2,63.8,0,4.2,62.1,1,2,2,2,2,1,3,6.3,4,No,High,Tier 2,Yes,Low,Not Placed,0.0
4208,Male,IT,8.65,100.0,74.6,4,7.5,91.5,5,3,4,4,4,5,1,9.0,6,No,Low,Tier 3,Yes,High,Not Placed,0.0
4209,Male,IT,9.26,88.1,100.0,0,7.0,96.5,3,2,4,4,2,3,0,6.7,10,No,Medium,Tier 2,Yes,High,Placed,19.75
4210,Male,ECE,0.24,28.3,29.8,0,2.6,27.1,0,0,0,4,2,0,0,7.4,7,Yes,High,Tier 3,Yes,Medium,Not Placed,0.0
4211,Male,CE,0.52,24.2,36.1,0,1.8,32.2,2,1,1,3,2,3,1,7.1,4,No,Low,Tier 2,Yes,High,Not Placed,0.0
4212,Male,CE,9.59,97.0,93.1,1,8.3,89.3,4,2,5,1,5,4,1,7.5,6,No,Medium,Tier 3,Yes,Low,Placed,18.34
4213,Male,CSE,2.77,31.5,35.2,0,4.1,47.0,0,2,0,2,4,0,2,8.4,2,No,Low,Tier 1,Yes,Low,Not Placed,0.0
4214,Male,ECE,8.73,88.3,88.7,0,7.5,95.6,3,4,4,2,3,2,2,6.0,8,No,High,Tier 1,Yes,Medium,Placed,16.5
4215,Female,CSE,3.89,50.0,48.3,1,3.4,42.6,5,1,5,4,1,3,2,8.0,4,Yes,High,Tier 1,Yes,High,Not Placed,0.0
4216,Female,CSE,1.19,35.4,21.0,4,2.3,28.3,3,1,2,3,2,2,3,7.9,1,Yes,High,Tier 1,Yes,Low,Not Placed,0.0
4217,Male,ECE,0.8,12.9,18.9,1,1.2,36.2,2,1,0,2,1,1,2,7.2,5,Yes,Medium,Tier 1,Yes,Low,Not Placed,0.0
4218,Male,CE,1.57,25.7,26.9,0,2.7,28.0,1,1,0,2,1,0,2,7.3,4,No,Medium,Tier 1,Yes,High,Not Placed,0.0
4219,Female,ME,2.5,36.7,26.3,0,4.2,27.2,3,2,2,4,2,2,3,5.6,6,No,Low,Tier 3,Yes,Medium,Not Placed,0.0
4220,Male,CSE,4.89,63.2,63.9,1,3.7,46.4,2,0,3,3,2,4,3,6.6,3,No,Medium,Tier 1,Yes,Low,Not Placed,0.0
4221,Male,CSE,7.01,65.5,73.6,0,4.9,74.1,3,2,3,2,5,3,2,4.7,6,No,Low,Tier 3,Yes,Medium,Placed,14.19
4222,Female,ECE,9.86,85.6,93.8,0,8.5,100.0,4,4,5,5,5,5,4,6.6,4,No,Low,Tier 2,Yes,Medium,Placed,18.58
4223,Female,ECE,4.42,59.3,42.3,4,3.8,69.3,3,3,5,2,1,2,2,6.9,5,No,Medium,Tier 2,No,Medium,Not Placed,0.0
4224,Female,CSE,5.18,43.9,47.8,2,5.2,85.1,2,1,3,4,1,2,2,5.3,8,No,Low,Tier 3,Yes,Medium,Placed,10.32
4225,Male,ME,5.22,72.2,79.1,2,5.5,67.5,5,3,4,3,2,3,1,7.4,8,No,Low,Tier 2,Yes,Medium,Placed,12.55
4226,Female,CE,5.39,59.3,54.8,2,3.1,70.2,4,0,4,1,2,4,1,8.4,8,No,Medium,Tier 1,Yes,High,Not Placed,0.0
4227,Male,ECE,5.18,43.6,65.5,0,5.8,63.1,3,2,4,2,2,2,2,7.3,4,Yes,Medium,Tier 2,Yes,Medium,Placed,13.4
4228,Female,ME,0.09,11.0,20.3,1,0.4,33.1,0,0,0,4,1,1,2,7.0,6,No,Medium,Tier 3,Yes,Medium,Not Placed,0.0
4229,Male,ECE,0.02,19.0,0.0,0,1.5,60.1,3,0,3,3,1,3,4,6.4,6,No,Low,Tier 1,Yes,Low,Not Placed,0.0
4230,Male,IT,0.98,18.0,43.8,5,1.5,44.0,1,0,1,1,0,1,1,7.4,8,No,Medium,Tier 3,Yes,Medium,Not Placed,0.0
4231,Female,ECE,1.02,23.9,33.0,0,1.7,45.3,1,0,2,3,0,2,0,5.8,5,Yes,Medium,Tier 3,Yes,Medium,Not Placed,0.0
4232,Male,CSE,7.05,82.3,66.7,0,8.1,63.6,3,2,4,2,5,3,0,4.1,3,Yes,Medium,Tier 2,No,Low,Placed,16.69
4233,Male,CE,2.05,30.4,34.1,0,3.3,52.2,2,2,1,4,1,0,2,8.9,7,No,Medium,Tier 1,Yes,High,Not Placed,0.0
4234,Female,ECE,8.95,81.7,78.1,0,8.7,96.6,3,4,5,5,4,4,0,8.2,8,No,High,Tier 1,Yes,Medium,Placed,17.7
4235,Male,IT,9.29,91.0,100.0,0,8.2,100.0,3,4,3,3,3,1,2,5.7,6,No,Medium,Tier 1,No,Low,Placed,17.33
4236,Male,ECE,9.76,100.0,87.0,0,9.0,100.0,3,3,3,4,4,1,1,5.3,3,No,Low,Tier 3,Yes,High,Placed,17.4
4237,Male,CSE,9.39,100.0,87.9,0,8.5,89.8,3,3,4,3,5,3,3,7.1,10,Yes,Medium,Tier 2,Yes,Low,Placed,19.48
4238,Female,CSE,2.72,17.9,32.5,0,3.7,49.3,0,0,1,2,3,0,1,7.1,6,No,Medium,Tier 2,Yes,High,Not Placed,0.0
4239,Female,ECE,5.1,69.3,59.6,0,6.2,64.7,4,2,3,4,4,2,0,8.0,4,No,Low,Tier 2,Yes,High,Placed,14.21
4240,Male,IT,1.75,32.4,45.7,0,2.9,46.8,3,0,2,2,0,2,1,6.6,8,No,Low,Tier 1,Yes,Medium,Not Placed,0.0
4241,Female,CSE,8.06,92.7,100.0,0,9.4,98.6,4,3,4,3,3,3,0,8.4,9,No,Medium,Tier 3,Yes,Medium,Placed,16.59
4242,Male,IT,8.88,85.0,85.1,2,8.7,100.0,4,2,5,5,5,6,1,6.7,2,No,Medium,Tier 1,Yes,Low,Placed,17.95
4243,Female,IT,8.51,69.7,89.9,0,6.3,95.1,4,2,4,3,5,3,1,8.5,7,No,High,Tier 3,Yes,Medium,Placed,16.48
4244,Male,IT,4.33,57.6,53.5,0,4.4,85.3,2,2,1,4,2,1,2,6.8,8,No,Medium,Tier 2,Yes,High,Not Placed,0.0
4245,Male,ECE,7.59,70.1,68.9,0,7.2,48.7,4,2,4,3,5,4,3,6.0,5,No,Medium,Tier 3,Yes,Medium,Placed,16.78
4246,Female,CE,0.98,9.4,50.1,2,2.2,35.4,3,0,2,2,0,0,1,6.6,6,No,Low,Tier 1,Yes,Medium,Not Placed,0.0
4247,Male,ECE,0.4,5.2,34.8,1,2.5,37.3,0,0,0,3,0,1,0,7.8,5,No,Medium,Tier 2,Yes,Medium,Not Placed,0.0
4248,Male,ECE,7.53,85.0,80.1,0,7.6,72.1,1,2,4,2,2,2,0,7.4,9,Yes,Low,Tier 2,Yes,Medium,Placed,14.28
4249,Male,CSE,4.25,52.5,67.8,2,3.1,49.3,3,2,3,4,3,3,1,7.1,3,No,Low,Tier 2,Yes,Low,Not Placed,0.0
4250,Female,CSE,9.96,100.0,100.0,2,9.8,74.2,6,4,5,4,5,4,0,5.7,5,Yes,Medium,Tier 1,Yes,Low,Placed,18.59
4251,Male,CSE,0.97,29.9,26.6,1,1.7,37.1,2,0,2,3,1,2,2,6.9,10,No,High,Tier 3,Yes,High,Not Placed,0.0
4252,Male,IT,8.56,83.6,89.7,0,6.9,97.1,4,2,4,5,3,2,2,6.2,4,Yes,Medium,Tier 1,Yes,Low,Placed,17.11
4253,Male,CSE,4.8,55.1,71.5,1,4.3,73.1,3,1,3,3,5,1,0,6.2,2,Yes,Medium,Tier 1,No,High,Placed,12.4
4254,Male,CSE,8.27,80.2,74.7,0,8.1,75.6,2,2,2,4,4,0,1,8.2,5,No,Low,Tier 2,Yes,Low,Placed,14.94
4255,Male,IT,8.17,82.3,100.0,1,7.0,86.7,3,3,3,5,5,1,0,6.1,8,No,Medium,Tier 3,Yes,Medium,Placed,15.39
4256,Female,CSE,9.16,83.2,89.0,2,7.2,100.0,7,2,5,5,4,3,1,6.0,5,No,High,Tier 1,Yes,Low,Placed,18.53
4257,Female,CSE,2.98,44.2,57.1,2,3.2,34.6,3,3,2,3,2,1,1,7.4,5,No,Medium,Tier 3,Yes,Medium,Not Placed,0.0
4258,Male,CSE,9.5,100.0,93.9,0,6.4,90.1,6,4,5,3,5,5,1,5.9,7,Yes,Medium,Tier 2,Yes,Low,Placed,18.94
4259,Male,IT,1.52,19.8,33.5,2,1.7,47.6,2,1,1,2,2,0,0,6.3,10,No,Low,Tier 1,Yes,Medium,Not Placed,0.0
4260,Male,CSE,0.82,34.8,24.2,0,0.8,40.0,0,1,1,4,1,3,1,9.3,5,No,Medium,Tier 1,Yes,Low,Not Placed,0.0
4261,Male,ECE,4.32,52.9,47.2,0,4.3,71.1,4,0,3,3,4,1,1,6.8,10,Yes,Low,Tier 1,Yes,Medium,Not Placed,0.0
4262,Female,ECE,8.28,87.8,81.5,0,8.0,66.7,4,2,3,2,5,1,1,7.8,6,No,Low,Tier 2,No,Low,Placed,16.83
4263,Male,IT,4.73,38.2,69.6,1,5.4,51.3,3,3,2,4,2,0,0,10.0,4,Yes,Low,Tier 1,Yes,Low,Not Placed,0.0
4264,Male,IT,8.29,67.4,61.2,0,8.6,92.9,3,4,3,3,4,2,1,7.2,9,No,Low,Tier 2,Yes,Medium,Placed,16.86
4265,Female,ME,7.3,78.5,64.0,0,7.6,58.4,4,1,3,2,3,2,1,7.6,5,No,Low,Tier 1,Yes,Medium,Not Placed,0.0
4266,Male,CSE,2.09,40.7,27.5,0,2.4,57.3,3,1,3,3,1,2,2,7.4,2,No,Medium,Tier 1,Yes,Medium,Not Placed,0.0
4267,Female,CSE,9.49,89.0,83.1,0,8.2,97.3,5,4,4,2,3,3,2,6.6,6,No,Low,Tier 1,Yes,High,Placed,17.29
4268,Male,CSE,0.61,36.9,38.0,2,1.9,47.6,1,0,2,3,3,3,0,7.2,5,No,Medium,Tier 1,Yes,Medium,Not Placed,0.0
4269,Female,CSE,8.98,98.7,100.0,1,5.6,83.2,3,4,5,5,2,3,0,6.8,9,No,High,Tier 1,Yes,Low,Placed,18.38
4270,Female,CSE,3.04,31.8,48.2,0,2.4,59.4,1,2,2,2,3,2,1,5.9,6,Yes,Medium,Tier 1,Yes,Medium,Not Placed,0.0
4271,Female,CSE,5.0,57.8,51.6,5,4.8,50.9,2,2,2,4,2,2,0,8.0,4,Yes,High,Tier 3,Yes,Low,Not Placed,0.0
4272,Female,ECE,4.22,75.6,65.1,1,4.3,55.3,2,1,2,2,4,1,2,4.8,7,Yes,Low,Tier 1,Yes,Medium,Not Placed,0.0
4273,Male,IT,1.72,17.2,15.9,2,3.2,45.8,2,1,2,2,1,4,3,7.0,6,No,Medium,Tier 3,Yes,Medium,Not Placed,0.0
4274,Male,ECE,3.58,50.7,68.1,1,4.5,45.7,2,1,3,3,2,5,2,6.7,6,No,Medium,Tier 2,Yes,Medium,Not Placed,0.0
4275,Female,IT,1.93,28.2,26.6,5,1.1,49.2,3,1,2,5,3,2,1,5.8,1,Yes,Low,Tier 1,Yes,High,Not Placed,0.0
4276,Male,CSE,2.04,39.4,31.7,2,3.4,33.5,1,1,2,4,3,0,2,7.7,3,No,Low,Tier 3,Yes,Low,Not Placed,0.0
4277,Male,CSE,1.87,43.6,28.7,0,3.0,49.4,1,0,0,4,2,0,3,5.8,6,No,Medium,Tier 2,Yes,Medium,Not Placed,0.0
4278,Male,ECE,4.89,52.7,46.4,0,5.5,85.2,3,0,4,2,4,3,1,6.5,3,Yes,Medium,Tier 1,Yes,High,Not Placed,0.0
4279,Male,CSE,7.98,94.0,100.0,1,8.2,67.8,2,2,3,3,3,3,0,7.9,4,No,Low,Tier 3,Yes,Medium,Placed,15.71
4280,Male,CSE,5.69,85.6,71.4,0,5.3,68.9,3,1,4,1,4,1,0,4.7,7,No,Medium,Tier 2,Yes,Medium,Placed,14.2
4281,Male,ECE,8.93,91.6,100.0,0,9.0,69.2,6,2,5,5,4,3,2,8.3,7,No,High,Tier 1,Yes,Medium,Placed,18.63
4282,Female,CE,6.37,77.0,56.7,0,5.1,63.2,1,2,1,3,4,1,1,7.0,8,No,Medium,Tier 2,Yes,High,Not Placed,0.0
4283,Male,IT,6.89,67.7,74.9,0,5.4,84.8,5,3,4,3,4,2,2,6.6,6,Yes,High,Tier 2,Yes,High,Placed,15.99
4284,Male,CSE,6.68,72.0,76.7,0,6.6,69.9,5,1,4,3,2,3,0,5.3,4,Yes,Medium,Tier 1,Yes,Low,Placed,14.74
4285,Male,ME,4.49,51.4,56.6,2,4.3,70.8,6,1,4,5,3,3,0,7.1,8,Yes,Medium,Tier 2,Yes,High,Not Placed,0.0
4286,Male,IT,6.89,81.5,61.5,1,6.6,80.6,3,3,3,3,3,2,2,7.0,6,No,High,Tier 2,Yes,Medium,Placed,15.07
4287,Female,IT,0.7,33.0,34.4,0,4.0,38.4,0,0,1,3,0,0,1,7.7,3,No,Medium,Tier 1,Yes,Medium,Not Placed,0.0
4288,Male,ME,8.6,87.0,88.0,0,7.9,74.2,6,2,5,5,4,4,0,6.4,9,No,High,Tier 2,Yes,High,Placed,17.65
4289,Male,ECE,7.78,96.5,70.7,0,7.2,89.9,7,3,5,3,4,4,1,5.8,6,No,Medium,Tier 2,Yes,Medium,Placed,17.13
4290,Female,CSE,2.45,51.1,19.0,0,2.3,53.3,2,1,2,1,2,1,4,7.4,7,No,Low,Tier 2,Yes,Medium,Not Placed,0.0
4291,Male,ECE,7.68,88.7,85.5,0,5.2,62.7,5,3,3,1,1,3,1,6.3,6,No,Low,Tier 2,Yes,High,Placed,15.12
4292,Male,ECE,0.13,10.9,43.5,1,1.5,24.2,3,0,2,3,1,2,3,7.6,7,Yes,High,Tier 2,Yes,Medium,Not Placed,0.0
4293,Male,ECE,2.17,27.3,25.2,3,4.1,14.8,2,1,3,3,1,3,0,5.8,7,No,Medium,Tier 3,Yes,Low,Not Placed,0.0
4294,Female,ECE,0.65,12.4,24.9,0,1.6,22.5,1,1,1,4,2,1,2,8.0,5,No,High,Tier 3,Yes,Medium,Not Placed,0.0
4295,Male,CE,7.8,90.8,91.5,0,7.4,78.0,3,2,3,2,4,2,2,8.8,5,No,Medium,Tier 1,Yes,High,Placed,15.9
4296,Male,CE,7.56,67.1,65.8,1,8.2,67.7,3,1,3,3,3,2,0,6.8,7,No,Low,Tier 2,Yes,Medium,Placed,15.19
4297,Male,ME,8.14,91.0,78.3,4,8.6,73.9,4,3,5,2,4,3,2,8.6,6,No,Medium,Tier 3,Yes,Medium,Not Placed,0.0
4298,Male,ME,0.04,4.5,9.7,3,2.0,51.9,1,0,2,4,1,2,2,7.9,5,No,Medium,Tier 2,Yes,Low,Not Placed,0.0
4299,Male,CE,5.01,65.8,67.9,0,5.2,77.4,5,2,3,5,4,2,1,7.4,5,No,Medium,Tier 1,Yes,Medium,Placed,14.55
4300,Male,CSE,7.05,75.1,87.7,0,4.9,69.0,1,2,3,5,3,3,2,7.0,5,No,Medium,Tier 2,Yes,High,Placed,14.31
4301,Male,CSE,1.55,41.5,32.0,0,2.0,53.8,0,0,0,3,1,1,1,6.3,2,No,Medium,Tier 3,No,Low,Not Placed,0.0
4302,Female,ECE,6.5,81.7,61.6,0,5.8,88.6,4,1,3,5,5,1,1,8.4,7,Yes,Medium,Tier 1,Yes,High,Placed,14.73
4303,Female,ME,0.84,36.5,20.3,1,1.2,47.5,0,1,0,2,1,0,2,8.2,4,Yes,Low,Tier 2,Yes,Medium,Not Placed,0.0
4304,Male,ECE,1.81,45.0,26.2,0,3.0,49.4,3,2,2,3,2,2,1,5.7,6,No,Low,Tier 3,Yes,Low,Not Placed,0.0
4305,Female,IT,4.76,56.9,46.3,2,6.7,76.7,4,1,4,2,1,3,1,7.1,5,Yes,Medium,Tier 3,Yes,Medium,Placed,11.03
4306,Male,CSE,6.54,59.0,69.3,0,7.6,83.5,3,2,2,4,2,2,3,6.0,6,No,Medium,Tier 3,Yes,Medium,Placed,14.51
4307,Male,CSE,1.46,16.9,35.4,5,2.8,29.2,1,0,2,3,0,2,1,7.6,6,No,Low,Tier 3,Yes,Medium,Not Placed,0.0
4308,Female,IT,1.85,9.9,37.7,0,3.6,43.8,1,0,3,0,1,2,0,7.9,6,No,Medium,Tier 2,Yes,High,Not Placed,0.0
4309,Female,CSE,2.04,21.5,34.2,0,2.2,40.6,2,1,2,4,3,1,3,5.1,4,Yes,Medium,Tier 2,Yes,Low,Not Placed,0.0
4310,Female,ECE,2.39,36.0,37.7,0,4.6,63.2,0,1,1,4,3,2,1,6.9,5,No,Medium,Tier 2,Yes,Medium,Not Placed,0.0
4311,Male,CSE,2.27,28.7,35.3,0,1.5,41.7,2,1,2,2,0,2,2,7.5,6,No,Medium,Tier 1,Yes,Medium,Not Placed,0.0
4312,Female,CSE,3.95,46.8,36.6,1,5.2,49.7,2,1,3,3,2,2,2,7.1,4,Yes,Medium,Tier 2,Yes,Medium,Not Placed,0.0
4313,Male,IT,6.54,75.5,71.9,0,6.6,86.6,3,3,4,1,4,3,2,9.1,4,Yes,Medium,Tier 3,Yes,Low,Placed,16.98
4314,Female,ECE,4.38,49.2,47.2,1,3.8,64.4,5,1,3,2,2,3,0,5.1,4,No,Low,Tier 2,Yes,Low,Not Placed,0.0
4315,Female,ECE,7.76,69.7,66.6,0,6.7,100.0,5,3,5,5,5,4,3,8.6,6,No,Medium,Tier 1,Yes,Medium,Placed,16.39
4316,Male,CSE,7.19,75.6,79.2,0,5.4,67.8,3,4,4,2,4,1,1,5.9,3,No,High,Tier 2,Yes,Medium,Placed,16.04
4317,Female,ME,1.27,16.8,22.0,2,1.3,36.4,0,0,0,3,1,0,1,4.4,7,No,Medium,Tier 1,Yes,Low,Not Placed,0.0
4318,Male,ECE,0.49,16.5,24.2,4,0.3,51.4,2,0,2,1,1,3,0,7.4,4,No,Medium,Tier 2,Yes,Medium,Not Placed,0.0
4319,Male,IT,8.78,100.0,96.7,0,8.4,72.3,3,3,5,3,4,4,2,6.8,5,No,Medium,Tier 3,Yes,Medium,Placed,19.68
4320,Male,IT,0.8,19.1,14.9,4,3.3,55.6,1,0,0,4,0,0,1,7.1,7,No,Medium,Tier 2,Yes,Low,Not Placed,0.0
4321,Male,CSE,1.48,45.3,30.8,0,0.4,29.4,1,1,0,4,2,0,2,7.6,3,No,High,Tier 3,Yes,Medium,Not Placed,0.0
4322,Female,ME,0.22,31.2,1.7,0,3.5,43.6,0,1,0,4,2,0,2,7.7,8,Yes,Medium,Tier 1,Yes,Medium,Not Placed,0.0
4323,Female,IT,6.28,62.6,83.6,2,5.9,50.6,3,1,3,5,4,2,1,6.4,4,No,Medium,Tier 3,Yes,Low,Placed,12.16
4324,Male,ECE,5.82,53.4,51.0,0,5.9,70.5,4,0,4,2,3,4,0,8.0,8,Yes,Medium,Tier 2,Yes,Medium,Placed,13.44
4325,Female,CSE,9.87,98.4,91.8,0,6.9,77.8,4,4,4,2,3,3,1,4.6,7,No,High,Tier 2,Yes,Low,Placed,19.14
4326,Female,CE,8.87,100.0,100.0,1,9.0,100.0,5,3,5,2,5,5,2,6.9,2,Yes,High,Tier 3,Yes,Medium,Placed,19.41
4327,Male,IT,4.11,45.0,48.5,0,4.6,46.8,0,2,0,1,3,2,0,8.4,5,Yes,High,Tier 2,Yes,Low,Not Placed,0.0
4328,Female,CSE,3.72,55.7,35.8,0,5.2,47.4,1,0,2,3,4,1,0,7.3,4,Yes,Low,Tier 3,Yes,Low,Not Placed,0.0
4329,Male,CSE,2.97,52.3,48.9,0,4.8,59.2,4,1,2,3,1,0,3,7.1,9,Yes,Medium,Tier 3,Yes,Medium,Not Placed,0.0
4330,Female,ME,1.52,20.2,37.1,1,3.9,36.9,4,2,4,4,1,3,2,6.6,6,Yes,High,Tier 1,Yes,Medium,Not Placed,0.0
4331,Male,IT,1.38,20.0,22.7,1,1.8,51.7,1,1,0,1,0,0,1,7.4,2,Yes,Medium,Tier 1,No,High,Not Placed,0.0
4332,Male,IT,1.32,33.3,23.3,0,2.2,34.4,2,1,1,3,1,1,0,6.7,8,Yes,High,Tier 3,Yes,Medium,Not Placed,0.0
4333,Male,ECE,1.14,26.2,22.8,2,1.7,32.4,0,0,0,4,0,0,1,7.8,7,No,Low,Tier 3,Yes,Medium,Not Placed,0.0
4334,Female,IT,2.41,28.6,35.2,0,4.1,49.1,1,2,1,4,3,3,0,6.4,6,No,Medium,Tier 2,Yes,Low,Not Placed,0.0
4335,Male,ECE,3.07,37.6,23.6,1,4.0,38.8,0,1,0,1,3,1,4,8.8,6,No,Medium,Tier 3,Yes,Medium,Not Placed,0.0
4336,Male,CSE,9.62,96.1,93.1,3,9.3,97.5,6,3,5,3,4,3,2,7.7,3,No,Medium,Tier 1,Yes,Medium,Placed,17.19
4337,Male,IT,5.78,48.5,82.1,2,6.7,80.2,2,2,3,2,2,3,1,9.2,9,Yes,Medium,Tier 3,Yes,Low,Placed,13.03
4338,Female,EE,9.88,100.0,88.1,0,6.7,100.0,5,2,5,3,3,5,0,6.5,5,Yes,Medium,Tier 3,Yes,Low,Placed,19.2
4339,Male,CSE,3.72,41.8,41.9,1,5.5,65.0,3,2,2,3,2,3,3,8.5,8,No,Low,Tier 2,Yes,Low,Not Placed,0.0
4340,Male,ECE,4.58,26.1,42.8,0,5.7,39.4,2,3,1,5,3,0,1,5.5,6,No,High,Tier 2,Yes,High,Not Placed,0.0
4341,Male,IT,3.25,42.4,50.1,0,3.4,49.0,3,1,3,3,1,4,2,7.9,5,No,Medium,Tier 1,Yes,Medium,Not Placed,0.0
4342,Male,ECE,1.83,23.1,44.7,0,3.1,43.3,2,0,2,3,4,4,0,6.9,2,No,High,Tier 3,Yes,High,Not Placed,0.0
4343,Female,ME,1.43,44.0,41.2,0,2.4,61.0,2,0,2,3,3,3,1,7.1,4,No,Low,Tier 2,Yes,High,Not Placed,0.0
4344,Female,IT,9.45,89.5,81.1,0,8.7,84.7,2,3,3,4,4,4,2,7.9,8,No,Low,Tier 3,Yes,Low,Placed,15.89
4345,Male,CSE,9.87,87.9,100.0,0,8.0,66.6,5,3,5,3,4,3,3,7.9,7,No,Medium,Tier 3,Yes,High,Placed,19.65
4346,Male,EE,0.45,23.9,35.9,0,2.3,25.7,3,2,2,4,1,3,2,8.0,7,No,Medium,Tier 1,Yes,Medium,Not Placed,0.0
4347,Female,IT,1.5,21.1,35.1,2,2.6,36.1,1,0,1,3,3,0,1,7.4,7,No,Medium,Tier 1,Yes,High,Not Placed,0.0
4348,Male,ME,4.24,43.2,56.7,0,4.0,34.6,3,1,3,5,2,2,0,7.7,6,No,Medium,Tier 3,Yes,Medium,Not Placed,0.0
4349,Female,IT,1.86,35.9,28.2,0,3.0,57.8,2,1,2,4,3,1,2,6.7,5,No,Low,Tier 2,Yes,High,Not Placed,0.0
4350,Female,ME,3.64,35.5,49.3,0,6.8,38.0,2,1,1,3,2,0,1,6.2,4,No,Medium,Tier 2,Yes,Medium,Not Placed,0.0
4351,Female,CSE,1.29,11.4,40.7,1,1.7,48.1,1,0,1,4,2,1,1,7.2,5,No,Medium,Tier 2,Yes,Medium,Not Placed,0.0
4352,Male,CSE,4.57,71.1,57.8,0,4.4,49.3,1,3,2,4,2,0,2,4.4,6,No,Low,Tier 2,Yes,Medium,Placed,11.13
4353,Male,ME,2.72,43.9,27.3,0,2.7,69.4,1,2,2,4,2,1,2,7.5,4,No,Medium,Tier 2,Yes,Low,Not Placed,0.0
4354,Female,CSE,3.52,42.3,41.6,0,3.4,52.8,1,2,3,3,2,1,2,8.0,6,No,High,Tier 2,Yes,High,Not Placed,0.0
4355,Male,CSE,0.94,23.0,37.6,2,3.0,34.9,1,0,0,3,1,2,1,7.7,6,Yes,High,Tier 2,No,Low,Not Placed,0.0
4356,Female,IT,4.28,56.4,55.5,0,5.2,67.0,3,1,2,3,4,3,0,6.3,5,No,Low,Tier 3,Yes,Medium,Not Placed,0.0
4357,Male,ME,9.83,100.0,97.8,0,8.4,81.9,4,4,4,2,4,6,3,4.5,2,No,High,Tier 2,Yes,High,Placed,17.91
4358,Female,CSE,3.29,35.4,38.8,1,4.8,61.6,1,0,1,4,2,1,1,7.8,3,No,High,Tier 3,Yes,Low,Not Placed,0.0
4359,Male,ME,8.76,93.1,100.0,0,8.4,81.8,3,3,3,5,5,2,0,6.1,5,No,Low,Tier 3,Yes,Low,Placed,17.47
4360,Male,IT,8.43,81.6,100.0,0,7.2,78.4,4,3,4,4,5,4,0,5.5,1,No,High,Tier 1,Yes,Medium,Placed,16.39
4361,Male,ECE,9.52,94.0,100.0,0,6.6,91.1,4,4,5,5,5,2,2,8.1,8,No,Low,Tier 3,Yes,Medium,Placed,19.45
4362,Female,ME,7.9,83.8,95.6,4,7.9,69.3,4,2,4,4,2,2,0,5.4,8,Yes,Low,Tier 3,Yes,Medium,Not Placed,0.0
4363,Female,ECE,6.6,71.0,67.2,0,6.3,72.3,5,4,4,3,4,1,3,6.8,7,Yes,High,Tier 2,Yes,Low,Placed,15.95
4364,Male,CSE,8.57,95.2,81.6,0,7.5,90.5,4,3,5,4,4,5,0,9.1,6,No,High,Tier 2,Yes,Medium,Placed,17.35
4365,Male,CSE,0.76,26.3,22.5,0,1.6,11.9,4,1,3,1,1,1,0,6.2,3,No,Medium,Tier 2,Yes,High,Not Placed,0.0
4366,Female,ECE,4.63,39.3,55.4,2,5.5,75.9,2,1,3,3,3,3,4,5.7,6,No,Medium,Tier 1,No,Medium,Not Placed,0.0
4367,Male,ECE,9.89,85.5,100.0,0,8.8,100.0,7,3,5,2,4,3,1,7.6,8,No,Medium,Tier 2,Yes,Medium,Placed,19.09
4368,Male,ME,7.7,76.8,91.3,0,6.7,58.9,3,2,5,3,4,4,0,7.4,3,No,Medium,Tier 2,Yes,Medium,Placed,16.3
4369,Male,IT,9.62,100.0,100.0,2,7.0,68.6,5,2,5,1,5,4,1,5.0,10,No,High,Tier 3,Yes,High,Placed,17.56
4370,Male,ECE,7.8,72.8,66.1,5,8.0,91.9,3,2,4,4,4,3,0,7.1,7,No,Low,Tier 2,Yes,Medium,Not Placed,0.0
4371,Male,IT,8.75,87.3,71.1,1,8.2,96.7,3,4,3,3,4,2,4,8.4,3,Yes,Medium,Tier 3,No,High,Placed,15.93
4372,Male,CSE,7.07,69.7,77.0,0,6.7,84.9,4,2,4,4,4,4,1,8.7,3,Yes,High,Tier 3,Yes,Medium,Placed,15.09
4373,Male,CSE,7.61,74.1,87.7,0,4.2,63.5,5,2,4,3,4,3,3,6.7,4,No,Medium,Tier 1,Yes,Low,Placed,17.15
4374,Male,ME,5.23,61.2,59.0,0,5.1,88.3,2,2,4,1,2,3,1,7.6,5,No,Medium,Tier 2,Yes,High,Not Placed,0.0
4375,Male,CSE,9.24,100.0,100.0,0,7.7,81.4,4,5,4,2,3,3,2,7.7,5,No,Low,Tier 2,Yes,Medium,Placed,20.18
4376,Male,CSE,8.25,89.7,73.2,1,6.7,87.4,5,3,5,2,4,3,2,8.2,1,No,High,Tier 1,Yes,High,Placed,17.71
4377,Male,IT,8.44,78.7,73.4,2,8.2,88.7,3,1,4,3,4,4,2,6.9,3,No,Medium,Tier 2,Yes,Low,Placed,15.09
4378,Female,ECE,6.73,99.7,65.2,0,6.9,94.5,4,2,4,5,1,2,2,8.6,5,No,Low,Tier 3,No,Medium,Placed,17.85
4379,Male,ME,3.05,41.7,35.4,1,4.1,54.8,2,1,2,5,4,2,3,6.1,6,No,Medium,Tier 1,Yes,Low,Not Placed,0.0
4380,Male,CSE,0.36,12.3,26.1,3,2.8,42.2,2,0,1,3,1,2,1,7.9,7,No,Medium,Tier 1,Yes,Low,Not Placed,0.0
4381,Male,CSE,9.36,100.0,88.7,3,7.0,90.2,5,3,5,1,5,2,0,5.8,4,No,Medium,Tier 2,Yes,Low,Placed,18.15
4382,Male,CSE,5.86,60.1,49.4,1,5.1,55.8,4,1,4,2,1,3,2,4.9,6,No,High,Tier 3,Yes,Medium,Not Placed,0.0
4383,Male,ECE,2.98,57.0,50.8,0,3.7,25.1,5,1,4,4,4,4,1,7.7,6,No,Low,Tier 3,Yes,Medium,Not Placed,0.0
4384,Male,ECE,1.49,19.0,12.3,0,1.9,44.3,2,1,0,3,1,0,0,10.0,4,No,Low,Tier 2,Yes,Medium,Not Placed,0.0
4385,Female,ECE,8.3,99.9,73.7,0,8.0,67.9,4,1,5,1,5,4,1,7.4,7,No,High,Tier 1,Yes,Low,Placed,18.83
4386,Male,ME,8.37,88.2,68.7,0,6.8,89.4,6,1,4,2,4,3,0,6.7,6,Yes,Medium,Tier 3,Yes,High,Placed,16.56
4387,Female,CE,8.15,97.2,85.3,0,8.5,85.7,4,4,4,5,4,3,3,8.5,10,Yes,Medium,Tier 2,Yes,High,Placed,17.95
4388,Male,CSE,6.45,88.8,71.5,0,5.1,75.2,1,3,1,3,4,1,1,6.5,8,No,Low,Tier 3,Yes,High,Placed,12.99
4389,Male,ECE,3.66,34.8,66.4,0,6.2,44.3,5,2,3,3,2,2,2,4.9,2,Yes,High,Tier 1,No,Medium,Not Placed,0.0
4390,Male,ECE,3.04,53.6,51.5,0,5.7,65.7,2,1,2,3,1,1,2,8.1,7,No,Medium,Tier 2,Yes,Low,Not Placed,0.0
4391,Male,CE,0.09,1.7,33.1,0,1.5,41.2,0,0,0,2,1,0,2,8.9,3,No,High,Tier 2,Yes,Low,Not Placed,0.0
4392,Male,EE,8.34,75.4,87.6,0,8.5,70.9,4,5,4,4,2,3,2,7.2,8,No,Medium,Tier 2,Yes,High,Placed,15.55
4393,Female,CSE,0.87,14.4,15.2,0,1.7,65.0,1,1,1,3,1,0,2,7.4,5,No,Medium,Tier 2,Yes,Medium,Not Placed,0.0
4394,Male,IT,6.31,73.7,69.8,0,6.9,70.3,3,4,2,4,3,2,1,6.3,6,No,Medium,Tier 2,Yes,Low,Placed,14.09
4395,Female,ECE,5.04,58.2,64.2,0,4.9,49.2,3,3,3,4,1,2,1,6.8,8,No,Medium,Tier 2,Yes,Medium,Placed,14.4
4396,Female,CSE,5.27,58.1,67.2,5,3.9,57.5,3,2,3,3,3,1,0,7.3,6,Yes,Low,Tier 1,Yes,Medium,Not Placed,0.0
4397,Male,CSE,9.27,95.3,87.4,0,4.5,72.5,4,3,4,3,4,2,1,7.1,7,No,Medium,Tier 2,Yes,High,Placed,18.83
4398,Male,ECE,0.32,23.6,25.4,0,1.5,53.2,3,0,1,2,1,1,1,7.0,4,No,Medium,Tier 1,Yes,Medium,Not Placed,0.0
4399,Male,ECE,7.73,87.4,70.5,0,7.2,94.3,4,2,4,3,4,3,1,4.0,4,No,Medium,Tier 1,Yes,Medium,Placed,16.74
4400,Male,CSE,0.52,30.4,11.7,0,3.2,47.0,2,1,2,5,1,2,3,7.2,6,No,Medium,Tier 1,Yes,Medium,Not Placed,0.0
4401,Male,IT,0.38,36.4,9.9,1,1.8,43.9,1,1,1,3,0,0,1,5.4,7,No,Low,Tier 1,Yes,Low,Not Placed,0.0
4402,Male,CSE,4.3,51.3,52.6,0,5.5,75.8,3,1,3,3,3,3,2,7.6,5,No,Low,Tier 1,Yes,Low,Not Placed,0.0
4403,Male,ECE,0.63,15.1,11.3,3,1.5,35.9,2,2,1,3,0,2,0,8.3,9,Yes,Low,Tier 1,Yes,Medium,Not Placed,0.0
4404,Male,CSE,7.89,88.2,76.9,2,6.7,87.4,6,2,5,2,4,4,0,7.7,7,No,Medium,Tier 2,Yes,Low,Placed,15.96
4405,Female,CSE,5.3,48.6,69.4,0,6.3,57.1,4,0,2,3,4,1,2,5.6,5,No,Low,Tier 2,Yes,High,Placed,11.32
4406,Female,ECE,0.29,10.7,10.0,0,0.0,34.9,0,0,0,5,2,1,1,6.0,5,No,Low,Tier 3,No,Medium,Not Placed,0.0
4407,Female,CSE,0.41,28.5,16.2,0,1.8,42.9,1,0,1,2,1,1,1,6.9,4,No,Low,Tier 1,Yes,Low,Not Placed,0.0
4408,Male,ECE,6.13,65.9,67.8,0,5.4,34.8,4,2,3,3,1,3,2,8.0,6,No,Medium,Tier 2,Yes,High,Not Placed,0.0
4409,Male,CSE,8.06,71.4,84.9,2,8.5,75.9,3,3,3,3,1,2,2,8.2,5,No,Medium,Tier 3,Yes,Medium,Placed,15.23
4410,Male,ECE,4.38,37.3,48.0,0,4.0,63.3,3,2,3,3,3,0,1,7.4,6,Yes,Low,Tier 2,Yes,Low,Not Placed,0.0
4411,Male,CSE,5.55,62.7,70.3,0,5.9,67.4,1,3,0,3,3,0,1,5.8,9,No,Low,Tier 3,Yes,Low,Not Placed,0.0
4412,Male,IT,8.0,94.4,87.9,0,8.0,77.6,3,2,3,4,5,2,1,8.4,6,Yes,Medium,Tier 2,Yes,Medium,Placed,16.86
4413,Female,IT,6.11,78.2,78.3,0,4.3,78.7,2,2,2,2,2,2,1,7.0,5,No,Medium,Tier 3,Yes,Medium,Placed,13.69
4414,Female,CSE,2.25,35.2,35.2,2,2.9,40.0,3,1,2,4,2,1,1,6.5,5,No,Low,Tier 1,Yes,Low,Not Placed,0.0
4415,Male,ECE,6.13,87.2,61.9,0,5.4,57.1,2,2,1,3,5,1,0,6.4,8,No,Medium,Tier 1,Yes,Medium,Placed,13.71
4416,Male,CSE,6.28,67.3,61.4,0,6.8,86.9,6,1,4,1,3,2,2,5.2,6,No,Low,Tier 1,Yes,Medium,Placed,13.12
4417,Male,ECE,7.34,76.0,79.8,0,7.3,91.6,5,3,4,3,2,5,4,8.3,7,No,Low,Tier 3,Yes,Low,Placed,16.35
4418,Male,CSE,6.21,42.1,63.9,0,5.6,65.1,2,2,2,3,5,1,4,6.8,4,Yes,Low,Tier 2,No,Low,Placed,13.22
4419,Male,ECE,9.69,92.9,89.8,0,7.2,92.3,5,3,5,2,5,4,1,6.2,3,Yes,Low,Tier 2,Yes,Low,Placed,18.03
4420,Male,ECE,1.97,40.3,29.3,0,3.9,57.0,1,1,2,3,1,1,2,7.7,8,Yes,Low,Tier 2,Yes,Medium,Not Placed,0.0
4421,Male,CE,9.51,100.0,87.2,0,8.1,92.6,4,3,5,1,5,3,0,7.9,8,No,Medium,Tier 1,Yes,Medium,Placed,18.43
4422,Female,ECE,5.38,52.4,63.0,0,3.6,73.6,3,3,1,2,4,1,1,4.9,3,No,High,Tier 2,Yes,Low,Placed,12.86
4423,Male,ECE,6.72,76.7,57.6,0,4.7,81.0,2,1,2,3,4,2,0,8.9,7,No,High,Tier 1,Yes,High,Placed,13.46
4424,Female,ECE,0.99,33.9,29.0,0,2.6,37.1,2,2,3,1,0,0,2,9.7,8,Yes,Medium,Tier 1,Yes,Medium,Not Placed,0.0
4425,Male,CE,3.81,47.5,55.2,0,2.9,64.1,0,0,2,2,3,2,2,7.1,5,No,Medium,Tier 1,Yes,Medium,Not Placed,0.0
4426,Male,IT,7.69,57.5,73.7,0,8.7,69.6,2,2,3,2,5,3,1,7.3,5,No,Low,Tier 2,Yes,Medium,Placed,15.14
4427,Male,CSE,7.07,77.6,93.8,4,5.5,82.2,3,2,4,3,4,4,1,9.9,9,Yes,Low,Tier 2,Yes,Low,Not Placed,0.0
4428,Male,ME,0.4,26.0,21.4,0,1.8,36.5,1,0,0,4,2,1,1,5.7,8,No,Medium,Tier 2,Yes,Medium,Not Placed,0.0
4429,Male,ECE,5.47,52.0,46.1,1,5.5,63.5,3,2,3,2,2,2,3,6.4,4,No,Low,Tier 2,Yes,Medium,Not Placed,0.0
4430,Female,ME,0.88,19.9,22.2,2,1.4,25.3,3,1,2,2,0,4,0,7.7,4,No,Medium,Tier 2,Yes,Low,Not Placed,0.0
4431,Female,ME,9.96,88.1,98.3,0,6.2,96.3,2,3,3,3,3,3,2,8.4,5,No,High,Tier 3,Yes,Low,Placed,17.88
4432,Male,CSE,8.97,65.5,94.2,1,8.0,89.3,5,4,4,3,5,1,3,7.0,6,No,Medium,Tier 3,Yes,High,Placed,18.08
4433,Male,IT,0.21,27.1,17.1,2,0.9,26.2,0,0,0,2,1,0,0,6.0,7,No,Low,Tier 2,Yes,Medium,Not Placed,0.0
4434,Female,CSE,8.59,88.0,76.6,0,7.6,67.4,4,4,3,5,3,3,1,8.5,3,No,Medium,Tier 2,Yes,Low,Placed,16.03
4435,Male,CSE,9.19,100.0,80.6,5,7.8,70.4,4,2,5,3,5,2,2,7.0,4,No,Low,Tier 1,Yes,Medium,Not Placed,0.0
4436,Male,CSE,3.54,53.7,39.8,0,4.2,53.2,5,0,4,3,2,3,1,7.0,2,No,Medium,Tier 1,Yes,Low,Not Placed,0.0
4437,Male,IT,7.2,72.7,70.0,0,8.1,81.9,3,2,4,3,3,4,2,8.1,7,No,Medium,Tier 1,Yes,Low,Placed,17.13
4438,Female,CSE,4.42,51.7,42.0,1,4.0,83.7,2,2,3,4,2,2,4,8.8,6,No,Medium,Tier 2,Yes,Low,Not Placed,0.0
4439,Female,CSE,6.55,76.3,63.1,0,5.6,73.8,3,2,4,4,3,3,0,7.3,5,Yes,Medium,Tier 1,Yes,High,Placed,16.77
4440,Male,IT,3.4,53.6,51.8,1,2.2,35.9,3,1,1,1,3,2,2,7.6,5,No,High,Tier 3,Yes,High,Not Placed,0.0
4441,Female,CSE,3.23,45.7,60.3,2,3.6,51.9,2,2,2,2,1,0,0,8.3,5,No,Low,Tier 2,Yes,Low,Not Placed,0.0
4442,Female,CSE,4.24,62.1,59.5,4,4.9,75.5,0,2,1,2,3,1,5,6.7,6,Yes,Low,Tier 2,Yes,Low,Not Placed,0.0
4443,Male,CSE,1.46,24.4,42.7,0,2.0,35.6,0,0,0,3,2,0,0,6.3,3,No,Low,Tier 3,Yes,Medium,Not Placed,0.0
4444,Male,ECE,8.31,75.7,94.2,4,7.7,98.3,4,3,4,4,3,3,4,6.6,4,Yes,Low,Tier 1,Yes,Medium,Not Placed,0.0
4445,Male,ECE,3.49,44.0,54.3,0,3.8,58.0,0,2,1,2,2,1,2,5.9,3,Yes,High,Tier 3,Yes,Low,Not Placed,0.0
4446,Female,CSE,4.0,51.1,46.6,0,3.0,66.8,2,0,1,3,2,2,2,5.7,1,No,Low,Tier 2,Yes,Low,Not Placed,0.0
4447,Male,EE,8.94,79.0,90.9,0,8.1,100.0,4,2,4,5,4,3,2,9.7,9,No,Low,Tier 2,Yes,Low,Placed,17.05
4448,Female,IT,4.97,43.9,53.6,0,4.8,42.8,4,2,4,3,4,2,2,5.9,7,No,High,Tier 1,Yes,Medium,Placed,15.4
4449,Male,CSE,5.44,65.7,59.3,0,5.4,78.4,4,0,5,2,2,5,4,7.3,4,Yes,Medium,Tier 1,No,High,Placed,13.92
4450,Female,CSE,9.56,92.2,95.2,0,7.6,91.2,6,2,5,1,5,4,1,6.9,6,Yes,Medium,Tier 3,Yes,Low,Placed,18.27
4451,Male,ECE,8.87,88.7,96.1,0,7.1,76.8,5,2,5,2,3,2,4,8.3,3,No,Medium,Tier 3,Yes,Low,Placed,17.35
4452,Male,IT,1.69,25.8,35.8,0,2.8,43.9,0,1,1,2,2,2,3,7.1,7,No,Medium,Tier 3,Yes,Low,Not Placed,0.0
4453,Female,CSE,4.73,70.4,54.2,4,4.6,83.7,2,1,1,3,3,1,1,8.7,10,No,Medium,Tier 2,Yes,Medium,Not Placed,0.0
4454,Female,CSE,9.71,100.0,96.2,0,10.0,100.0,4,4,4,4,5,3,0,6.8,7,Yes,Medium,Tier 2,Yes,Low,Placed,18.21
4455,Female,ME,3.72,34.2,52.1,0,4.9,33.3,3,1,2,3,1,3,5,7.3,2,No,High,Tier 2,Yes,Medium,Not Placed,0.0
4456,Male,CSE,3.72,41.3,54.4,1,4.6,48.1,3,3,2,2,3,1,3,7.9,2,No,Medium,Tier 1,Yes,Medium,Not Placed,0.0
4457,Female,ECE,1.95,40.1,18.4,0,2.7,58.0,2,1,1,1,3,2,2,7.2,3,No,High,Tier 3,Yes,Low,Not Placed,0.0
4458,Male,ME,1.14,30.7,16.3,2,0.3,41.6,1,1,1,4,1,2,1,7.6,5,No,Low,Tier 1,Yes,Low,Not Placed,0.0
4459,Male,IT,7.4,77.5,88.3,0,5.9,79.2,3,3,3,3,3,2,1,7.3,5,No,Low,Tier 2,Yes,High,Placed,15.99
4460,Male,CSE,7.7,69.1,79.0,0,6.2,62.4,5,2,4,3,4,3,4,5.3,8,Yes,Low,Tier 2,Yes,Low,Placed,16.57
4461,Male,IT,9.69,90.5,91.3,0,8.0,84.2,3,3,3,2,4,3,3,7.9,3,Yes,Medium,Tier 2,Yes,Medium,Placed,17.42
4462,Male,CSE,7.73,75.5,77.2,0,6.9,65.1,4,3,5,3,4,4,0,8.4,6,No,Low,Tier 1,Yes,Low,Placed,16.63
4463,Female,IT,2.43,38.4,34.8,1,3.9,29.7,1,1,1,2,3,2,1,6.8,1,No,Low,Tier 2,Yes,Low,Not Placed,0.0
4464,Male,ECE,0.4,35.4,26.8,0,2.1,22.3,3,1,3,1,1,1,1,6.8,3,No,High,Tier 3,Yes,Low,Not Placed,0.0
4465,Female,ME,9.85,91.9,85.7,2,9.6,83.0,2,5,4,2,4,2,1,7.4,3,No,High,Tier 1,Yes,Low,Placed,14.56
4466,Male,EE,3.4,33.6,45.4,0,3.6,46.3,3,1,2,3,2,0,4,9.3,1,No,Medium,Tier 2,Yes,Low,Not Placed,0.0
4467,Male,CE,3.12,40.4,45.4,0,3.9,43.6,1,2,1,3,2,3,0,6.7,7,No,Low,Tier 2,No,Medium,Not Placed,0.0
4468,Male,CE,9.06,100.0,94.4,1,8.2,100.0,3,3,4,2,4,1,1,7.7,4,No,Low,Tier 3,Yes,Medium,Placed,16.94
4469,Female,ECE,5.85,50.3,67.0,0,5.8,59.2,4,0,4,2,2,4,1,6.8,6,No,Medium,Tier 2,Yes,Medium,Placed,12.74
4470,Female,ECE,2.15,47.8,40.4,1,4.3,65.0,2,1,2,3,2,2,1,7.7,3,Yes,Medium,Tier 3,Yes,Low,Not Placed,0.0
4471,Female,ECE,8.89,88.8,83.4,0,8.5,82.5,6,3,5,4,5,3,1,5.5,8,No,Medium,Tier 2,Yes,High,Placed,20.45
4472,Female,IT,9.93,92.1,88.0,0,7.1,99.9,6,2,5,2,4,2,1,9.2,4,No,High,Tier 1,Yes,High,Placed,18.05
4473,Male,ME,0.87,6.4,49.5,1,2.0,45.9,2,0,1,3,1,1,0,7.4,8,No,High,Tier 2,Yes,Low,Not Placed,0.0
4474,Male,CSE,8.62,95.3,83.9,0,7.5,75.9,5,3,5,2,4,3,0,6.7,8,Yes,High,Tier 2,Yes,High,Placed,18.4
4475,Female,CE,3.91,46.5,47.4,0,6.4,54.5,3,3,4,4,3,3,0,6.7,6,No,Medium,Tier 2,Yes,Low,Not Placed,0.0
4476,Male,ME,5.24,61.2,66.7,3,4.8,60.4,3,1,4,2,3,1,1,7.3,6,No,High,Tier 1,Yes,Low,Placed,13.17
4477,Male,EE,9.15,83.8,100.0,0,6.9,94.4,4,3,5,4,5,4,3,9.4,3,Yes,Medium,Tier 2,Yes,Medium,Placed,18.78
4478,Male,ME,9.73,94.5,90.4,0,8.7,91.8,5,5,5,4,4,3,0,8.9,2,Yes,Low,Tier 2,Yes,Medium,Placed,19.1
4479,Male,CSE,2.62,32.4,29.0,0,3.8,41.7,1,2,1,5,2,2,2,6.7,6,No,Medium,Tier 1,Yes,Low,Not Placed,0.0
4480,Male,CSE,2.13,32.1,22.6,0,2.9,49.2,5,0,4,1,3,3,2,7.1,6,No,Medium,Tier 3,Yes,Medium,Not Placed,0.0
4481,Male,CSE,0.81,15.2,40.4,0,1.8,43.9,2,0,2,1,1,1,4,7.2,5,Yes,Low,Tier 2,Yes,Low,Not Placed,0.0
4482,Male,CSE,5.62,47.4,52.6,0,6.4,90.9,2,4,4,4,5,4,1,4.7,4,No,Low,Tier 2,Yes,Medium,Placed,13.85
4483,Male,IT,0.14,43.5,18.8,0,0.7,36.7,0,0,1,4,1,0,1,6.7,4,No,Medium,Tier 1,Yes,High,Not Placed,0.0
4484,Male,ME,4.12,36.4,41.2,0,4.0,59.8,0,1,0,2,3,0,3,7.3,3,No,Medium,Tier 3,Yes,Low,Not Placed,0.0
4485,Male,ME,0.73,23.0,9.4,2,1.5,44.5,0,1,1,0,1,1,1,5.9,7,Yes,Medium,Tier 2,Yes,Low,Not Placed,0.0
4486,Female,IT,4.05,31.7,47.5,0,5.4,47.9,0,1,2,3,3,3,2,9.1,4,No,High,Tier 3,No,Medium,Not Placed,0.0
4487,Male,CSE,0.4,0.0,11.8,0,2.1,16.7,2,1,0,1,0,0,1,5.6,4,No,Medium,Tier 3,Yes,High,Not Placed,0.0
4488,Male,CSE,8.35,87.0,77.9,2,6.3,81.4,1,3,3,2,5,4,1,5.8,7,No,High,Tier 1,Yes,Low,Placed,13.4
4489,Female,CSE,2.1,34.6,54.9,3,2.0,60.5,1,1,1,3,2,0,1,7.8,4,No,Medium,Tier 1,Yes,High,Not Placed,0.0
4490,Male,ECE,3.28,55.5,48.5,0,5.7,69.5,4,2,3,3,3,1,1,7.3,4,No,High,Tier 3,Yes,Medium,Not Placed,0.0
4491,Male,ECE,8.7,92.9,96.9,2,8.7,64.6,6,2,5,5,3,5,1,6.5,8,Yes,High,Tier 1,Yes,Medium,Placed,17.77
4492,Female,CSE,7.46,76.9,85.9,0,7.6,87.8,3,3,4,3,4,3,1,8.2,3,Yes,Medium,Tier 3,No,Low,Placed,17.89
4493,Male,CSE,2.19,24.1,34.5,0,3.0,21.9,3,0,1,2,1,1,0,7.3,3,No,Medium,Tier 3,Yes,High,Not Placed,0.0
4494,Female,CSE,0.72,36.1,19.4,2,3.5,44.8,2,2,1,4,2,2,1,9.2,2,Yes,Medium,Tier 2,Yes,Low,Not Placed,0.0
4495,Female,IT,7.16,85.1,77.8,3,5.4,82.8,4,2,4,3,2,5,2,4.9,5,No,Medium,Tier 2,No,High,Placed,16.35
4496,Female,ECE,3.91,35.8,51.0,0,5.0,37.8,3,3,3,3,3,2,4,6.4,4,No,Medium,Tier 2,Yes,Low,Not Placed,0.0
4497,Male,ECE,7.66,80.5,73.6,0,6.4,93.0,3,2,4,3,3,4,1,9.0,9,No,Medium,Tier 2,Yes,Low,Placed,16.5
4498,Male,ECE,4.45,54.3,54.9,0,4.4,82.6,3,2,2,3,1,1,1,7.6,4,No,Medium,Tier 3,Yes,Low,Not Placed,0.0
4499,Male,EE,3.46,41.0,38.6,0,4.6,55.0,3,2,3,4,1,2,5,6.9,7,No,Medium,Tier 2,Yes,High,Not Placed,0.0
4500,Male,CSE,4.51,61.1,52.4,1,4.5,63.8,3,1,3,5,3,2,1,6.5,4,No,Medium,Tier 2,Yes,Low,Placed,12.56
4501,Male,ECE,7.49,87.0,74.6,0,6.3,97.7,4,4,3,2,3,3,1,7.4,7,No,High,Tier 2,Yes,Medium,Placed,15.13
4502,Male,IT,9.02,89.8,77.5,0,7.3,75.6,4,3,3,4,3,3,1,5.6,8,No,Medium,Tier 1,Yes,High,Placed,17.05
4503,Male,ECE,0.5,16.4,0.0,0,0.0,24.8,4,1,0,1,2,1,2,5.3,4,Yes,Medium,Tier 3,Yes,Low,Not Placed,0.0
4504,Male,CE,5.24,74.5,50.5,2,5.9,56.4,3,2,4,2,4,2,3,7.7,5,No,Low,Tier 1,Yes,Medium,Not Placed,0.0
4505,Male,ECE,0.33,27.1,38.7,0,0.7,37.4,2,0,0,4,2,0,1,8.0,5,No,Medium,Tier 2,Yes,Low,Not Placed,0.0
4506,Male,ECE,4.68,55.5,52.3,1,6.6,63.5,3,1,4,3,3,2,0,8.1,6,No,Medium,Tier 2,Yes,Low,Placed,13.73
4507,Female,CSE,8.85,73.9,96.6,3,7.4,81.5,4,3,3,2,4,3,1,6.5,7,No,Low,Tier 3,Yes,Low,Placed,14.96
4508,Male,IT,3.62,49.2,25.7,0,5.3,53.1,0,0,1,3,2,0,4,6.4,4,No,High,Tier 3,Yes,High,Not Placed,0.0
4509,Male,CSE,9.32,100.0,82.5,2,6.2,84.4,4,2,4,4,3,3,0,7.0,8,No,Medium,Tier 1,Yes,High,Not Placed,0.0
4510,Female,CSE,6.31,41.1,54.9,1,6.6,67.0,5,2,5,1,3,2,2,5.8,6,No,Medium,Tier 3,Yes,Medium,Placed,15.17
4511,Male,ECE,9.34,96.9,90.7,0,9.0,81.8,5,4,5,5,3,4,2,7.8,9,No,Medium,Tier 1,Yes,Medium,Placed,18.95
4512,Male,ECE,7.57,75.2,100.0,0,8.1,71.3,2,4,4,4,4,2,1,6.6,6,No,High,Tier 2,Yes,Low,Placed,15.82
4513,Male,CSE,1.03,21.5,30.8,0,0.7,17.2,0,1,0,4,1,2,3,6.9,3,No,Low,Tier 2,Yes,Medium,Not Placed,0.0
4514,Female,IT,2.31,25.6,53.4,0,2.4,46.2,4,0,2,3,0,3,2,6.8,7,No,Low,Tier 2,No,Low,Not Placed,0.0
4515,Male,IT,3.94,47.0,47.0,0,4.8,35.2,3,2,2,5,3,2,1,7.6,6,Yes,High,Tier 2,Yes,Low,Not Placed,0.0
4516,Male,CSE,1.7,43.4,45.2,0,2.8,54.2,2,0,1,4,1,1,4,7.3,5,No,Low,Tier 3,Yes,Medium,Not Placed,0.0
4517,Male,ECE,4.95,52.6,78.3,1,5.3,58.0,5,2,2,3,2,2,0,9.3,7,No,Medium,Tier 1,Yes,Medium,Not Placed,0.0
4518,Female,IT,4.71,64.7,54.6,0,4.4,61.8,1,2,3,4,4,1,1,6.5,4,No,Medium,Tier 3,Yes,Medium,Placed,12.56
4519,Male,ECE,9.56,88.2,89.1,0,9.7,87.9,5,4,5,2,4,5,3,9.2,5,Yes,High,Tier 2,Yes,Low,Placed,17.71
4520,Male,ECE,4.34,59.5,39.5,0,7.1,58.1,2,3,2,3,3,2,1,4.8,4,No,Medium,Tier 3,Yes,Medium,Not Placed,0.0
4521,Female,CSE,7.86,81.8,77.8,1,7.1,97.3,2,1,3,5,3,2,0,7.6,7,Yes,High,Tier 1,Yes,Low,Placed,13.5
4522,Male,IT,9.42,98.6,94.2,0,8.5,75.3,4,2,4,3,5,4,3,5.1,5,Yes,Low,Tier 1,Yes,High,Placed,17.0
4523,Female,CE,8.77,89.6,100.0,0,7.7,68.1,5,4,4,4,4,2,0,5.8,6,No,Medium,Tier 3,Yes,Low,Placed,17.84
4524,Male,IT,2.09,39.2,21.8,0,4.2,49.0,3,2,3,4,2,3,1,5.8,6,Yes,Low,Tier 3,Yes,Medium,Not Placed,0.0
4525,Female,CSE,4.96,31.5,58.3,0,5.8,58.8,1,2,3,4,3,3,3,5.7,6,No,Low,Tier 3,Yes,High,Not Placed,0.0
4526,Male,ECE,3.48,30.4,27.7,0,2.9,60.2,1,1,0,2,4,0,2,6.3,5,Yes,High,Tier 1,Yes,Low,Not Placed,0.0
4527,Female,ME,4.0,53.2,45.7,0,3.7,67.6,3,2,3,5,4,3,0,9.6,8,Yes,High,Tier 2,Yes,Medium,Not Placed,0.0
4528,Female,CSE,3.61,25.2,50.0,1,3.0,43.4,0,2,1,4,0,2,2,5.9,8,No,Low,Tier 1,Yes,Low,Not Placed,0.0
4529,Male,EE,8.26,79.9,89.2,1,10.0,91.8,3,3,3,4,5,2,1,5.1,9,No,Medium,Tier 3,No,Low,Placed,16.29
4530,Male,CE,4.52,52.9,60.1,0,5.3,49.9,1,1,3,3,2,3,1,7.6,4,No,Low,Tier 3,Yes,Low,Not Placed,0.0
4531,Male,CSE,5.24,51.3,63.9,0,4.6,67.3,3,3,3,4,3,1,2,7.3,6,No,Low,Tier 2,Yes,Low,Placed,12.91
4532,Male,CE,9.82,91.6,100.0,4,7.7,79.1,4,3,5,5,3,4,1,9.7,2,No,Medium,Tier 1,Yes,High,Not Placed,0.0
4533,Male,ECE,0.6,22.8,23.3,0,2.7,40.2,0,0,0,3,2,0,1,7.0,3,No,High,Tier 3,Yes,Low,Not Placed,0.0
4534,Male,ME,4.88,66.6,46.6,1,5.8,64.0,3,1,2,4,2,2,1,4.3,7,No,Medium,Tier 2,Yes,High,Placed,12.06
4535,Male,ECE,7.74,71.2,61.4,3,7.7,68.2,3,2,4,3,3,4,1,6.5,5,No,Low,Tier 1,Yes,Low,Placed,15.21
4536,Male,ECE,1.51,22.1,24.6,1,2.1,27.8,4,2,2,1,1,2,0,6.5,4,No,High,Tier 2,Yes,High,Not Placed,0.0
4537,Male,IT,6.12,59.7,65.6,0,6.1,80.7,4,1,4,1,2,5,0,5.5,7,No,High,Tier 1,Yes,Low,Placed,13.0
4538,Female,IT,2.39,11.1,49.7,0,3.3,43.9,2,1,2,4,1,1,0,6.3,6,No,Medium,Tier 2,Yes,Medium,Not Placed,0.0
4539,Male,CSE,8.67,90.1,86.4,0,6.6,99.2,6,1,5,4,4,4,0,6.8,1,No,Medium,Tier 3,Yes,Medium,Placed,17.8
4540,Male,ECE,3.27,52.1,42.2,0,2.9,48.1,3,2,3,4,2,0,0,6.9,8,No,Medium,Tier 2,Yes,Medium,Not Placed,0.0
4541,Male,CSE,3.29,53.1,48.2,0,4.2,70.4,4,1,3,4,2,2,1,5.3,6,No,Medium,Tier 3,Yes,Low,Not Placed,0.0
4542,Male,CSE,5.98,57.1,63.1,1,5.9,59.5,2,2,2,5,5,1,1,7.7,4,Yes,High,Tier 3,Yes,Medium,Placed,12.77
4543,Male,CSE,1.84,18.1,40.8,0,3.3,63.7,2,1,2,4,1,3,2,9.0,3,No,High,Tier 1,Yes,Medium,Not Placed,0.0
4544,Male,ECE,2.85,39.4,60.6,2,4.3,54.2,3,2,2,3,2,2,2,7.3,6,Yes,Medium,Tier 2,Yes,High,Not Placed,0.0
4545,Male,CSE,4.17,58.7,73.3,1,5.9,64.8,4,2,2,3,3,3,1,8.3,5,No,Medium,Tier 2,Yes,Low,Not Placed,0.0
4546,Female,CSE,3.54,46.6,47.3,0,3.2,44.2,0,3,2,5,2,1,1,7.2,5,No,Medium,Tier 1,Yes,High,Not Placed,0.0
4547,Male,CSE,5.25,62.5,63.4,0,5.8,75.3,5,2,3,1,1,2,0,5.7,6,Yes,Medium,Tier 1,Yes,Medium,Not Placed,0.0
4548,Female,CSE,6.0,77.4,81.8,0,6.4,80.2,2,4,3,4,1,1,0,7.3,7,No,Medium,Tier 1,Yes,Low,Placed,13.17
4549,Female,ECE,5.67,55.8,61.9,0,5.2,65.1,3,2,3,3,1,1,1,6.4,6,Yes,High,Tier 2,Yes,Medium,Placed,12.59
4550,Female,EE,6.54,68.4,77.1,0,6.2,48.6,1,2,3,2,5,1,2,5.7,9,Yes,Medium,Tier 1,Yes,Medium,Placed,15.22
4551,Female,CSE,3.08,57.5,31.3,0,3.4,40.1,4,2,2,1,3,1,2,6.9,2,No,High,Tier 2,No,Low,Not Placed,0.0
4552,Male,CE,1.26,23.7,25.0,1,4.5,29.2,1,1,2,5,2,4,0,8.0,4,Yes,Low,Tier 1,Yes,Low,Not Placed,0.0
4553,Male,IT,7.61,67.0,90.4,0,6.9,86.1,5,3,4,2,5,3,2,6.6,8,No,High,Tier 1,No,Medium,Placed,16.42
4554,Female,IT,8.51,80.6,78.9,0,7.9,80.5,3,3,3,3,3,1,1,9.3,10,No,High,Tier 3,Yes,Medium,Placed,17.5
4555,Male,IT,2.57,27.5,37.3,2,3.0,45.1,0,1,0,2,4,0,2,8.1,8,No,High,Tier 2,Yes,Low,Not Placed,0.0
4556,Male,ME,4.07,53.2,34.8,0,3.9,52.6,2,3,3,5,3,3,1,6.3,7,No,Low,Tier 2,Yes,Low,Not Placed,0.0
4557,Female,CSE,4.99,48.5,78.0,0,3.7,82.6,4,4,3,3,3,2,2,6.3,7,No,High,Tier 1,Yes,High,Placed,13.57
4558,Female,ECE,5.33,63.0,73.3,0,6.3,67.5,3,2,3,1,4,4,1,9.6,7,No,Medium,Tier 1,Yes,Low,Not Placed,0.0
4559,Female,IT,6.59,63.7,72.6,0,6.9,76.9,6,3,5,2,4,5,5,6.6,4,No,Medium,Tier 2,Yes,Low,Placed,16.65
4560,Female,ECE,0.42,0.0,26.4,0,1.5,30.1,0,1,0,5,2,0,0,7.4,7,Yes,Medium,Tier 2,Yes,High,Not Placed,0.0
4561,Female,ME,7.21,79.4,79.6,4,5.6,77.9,3,3,4,2,5,2,1,7.5,4,No,Low,Tier 2,Yes,Medium,Not Placed,0.0
4562,Male,CSE,0.62,21.8,36.8,0,2.1,27.0,1,1,0,3,1,0,0,4.9,6,No,Medium,Tier 2,Yes,Low,Not Placed,0.0
4563,Female,IT,4.68,60.0,50.3,0,4.3,67.2,2,2,3,4,3,2,1,4.9,5,No,Low,Tier 2,Yes,Low,Placed,12.69
4564,Male,ECE,8.28,78.7,91.6,0,7.1,70.9,3,3,2,3,3,2,3,8.0,6,No,Medium,Tier 3,Yes,Low,Placed,14.69
4565,Male,ECE,4.51,45.5,64.9,1,3.4,71.0,3,1,3,2,1,4,1,5.7,4,Yes,Medium,Tier 2,Yes,Low,Placed,11.71
4566,Female,CSE,1.49,31.7,42.1,0,2.8,35.1,2,1,2,3,2,2,0,7.0,6,No,High,Tier 3,No,Low,Not Placed,0.0
4567,Male,IT,9.85,100.0,74.2,0,8.6,100.0,5,2,4,3,5,3,2,5.2,3,No,Medium,Tier 3,Yes,Medium,Placed,18.18
4568,Male,ME,8.89,90.7,83.1,0,8.8,100.0,4,3,4,3,2,4,0,6.6,5,Yes,Medium,Tier 3,Yes,Medium,Placed,17.59
4569,Male,ECE,7.71,84.8,69.5,0,6.7,81.3,2,3,3,4,3,3,1,7.3,8,No,High,Tier 2,No,Medium,Placed,14.18
4570,Female,ME,4.12,46.8,52.5,0,4.1,75.5,4,2,3,3,2,2,1,4.5,2,Yes,Low,Tier 3,Yes,High,Not Placed,0.0
4571,Male,ECE,1.84,15.2,12.6,4,1.2,55.1,3,0,2,3,2,2,3,7.1,6,No,High,Tier 2,Yes,Medium,Not Placed,0.0
4572,Female,CSE,9.41,100.0,72.8,1,9.2,74.3,2,4,4,3,5,4,2,7.1,8,No,Low,Tier 2,Yes,High,Placed,16.73
4573,Male,CSE,5.32,69.3,82.3,0,6.1,68.3,2,2,2,4,2,2,0,6.4,7,No,Low,Tier 1,Yes,Low,Placed,12.6
4574,Female,CSE,8.52,94.5,92.3,0,7.5,92.1,5,5,5,2,4,3,3,5.7,6,No,Medium,Tier 1,Yes,Medium,Placed,18.7
4575,Female,ECE,3.42,42.3,46.6,0,2.6,62.7,4,2,4,0,3,3,0,6.5,7,No,Medium,Tier 2,Yes,Medium,Not Placed,0.0
4576,Male,CSE,3.35,49.4,48.4,1,2.6,57.2,0,1,3,3,2,2,1,6.5,4,No,High,Tier 3,Yes,Medium,Not Placed,0.0
4577,Male,IT,9.86,100.0,98.3,0,7.9,96.1,5,2,5,3,4,4,1,9.3,7,No,Medium,Tier 2,Yes,Low,Placed,18.26
4578,Male,IT,5.22,75.6,69.7,5,6.1,66.4,4,2,3,3,2,1,0,6.9,8,Yes,Medium,Tier 1,Yes,Low,Not Placed,0.0
4579,Female,CSE,1.41,36.9,23.0,1,2.8,45.1,2,0,2,2,2,1,2,6.4,6,No,High,Tier 2,Yes,High,Not Placed,0.0
4580,Female,CSE,2.2,34.3,37.5,0,1.5,33.5,2,0,2,3,2,4,0,6.9,8,No,Low,Tier 2,Yes,Medium,Not Placed,0.0
4581,Female,CSE,4.82,42.9,58.8,2,5.3,61.1,4,1,3,3,3,2,1,7.5,3,Yes,Medium,Tier 1,Yes,High,Placed,11.61
4582,Male,ECE,0.42,20.1,10.9,1,1.0,20.1,1,0,2,1,2,3,4,7.5,3,No,Low,Tier 1,Yes,Low,Not Placed,0.0
4583,Female,CSE,4.63,56.9,67.8,0,4.2,56.8,4,3,3,4,0,2,1,7.5,7,No,Medium,Tier 2,Yes,Medium,Placed,13.1
4584,Female,CSE,4.19,57.7,47.1,0,5.4,53.1,4,1,3,0,1,1,2,7.7,10,No,High,Tier 1,Yes,Low,Not Placed,0.0
4585,Female,CE,7.79,94.8,90.5,0,7.7,73.9,2,2,4,4,3,2,2,5.2,6,No,Medium,Tier 1,Yes,High,Placed,16.06
4586,Female,ME,3.55,44.2,47.5,0,5.1,43.7,3,0,2,3,3,1,0,7.6,7,No,High,Tier 3,Yes,Medium,Not Placed,0.0
4587,Male,CSE,9.83,100.0,100.0,0,8.4,97.2,7,2,5,4,4,6,1,7.2,1,No,Medium,Tier 2,Yes,High,Placed,19.21
4588,Male,ECE,1.81,12.8,22.1,0,3.7,42.0,3,1,2,1,2,1,1,6.3,7,No,Low,Tier 1,Yes,Low,Not Placed,0.0
4589,Female,ECE,5.91,69.4,54.4,0,5.1,65.4,4,2,3,3,4,2,1,7.1,5,No,Medium,Tier 2,Yes,Low,Placed,14.89
4590,Female,IT,0.9,14.7,16.1,0,1.9,23.5,0,0,1,2,2,2,1,6.9,10,No,Low,Tier 1,Yes,High,Not Placed,0.0
4591,Male,ECE,7.34,58.3,78.1,3,6.3,75.5,3,1,3,5,3,3,2,7.0,7,No,Medium,Tier 2,Yes,Low,Placed,13.65
4592,Male,CSE,9.95,97.6,100.0,1,8.5,100.0,2,2,3,3,3,3,1,7.2,6,No,Medium,Tier 1,Yes,Medium,Placed,16.22
4593,Male,IT,8.19,70.0,99.5,1,5.9,98.1,5,3,5,2,3,3,3,5.0,4,No,High,Tier 2,Yes,High,Placed,18.83
4594,Male,ECE,5.56,60.6,39.4,0,5.2,72.8,4,3,4,1,5,2,0,7.3,8,No,Medium,Tier 1,No,Low,Not Placed,0.0
4595,Male,CSE,4.85,56.6,59.3,1,6.3,60.6,4,1,4,2,3,2,2,7.8,8,No,High,Tier 3,Yes,Medium,Placed,12.97
4596,Female,ECE,8.35,97.2,52.7,5,6.3,91.8,4,2,3,4,5,1,1,7.3,4,Yes,Medium,Tier 1,Yes,Medium,Not Placed,0.0
4597,Female,ECE,9.36,79.5,100.0,0,6.7,83.2,7,4,5,4,3,3,0,6.1,8,No,Low,Tier 3,Yes,Medium,Placed,18.34
4598,Male,CSE,9.89,100.0,100.0,1,7.2,90.7,5,3,5,3,5,0,1,6.0,8,No,Medium,Tier 2,Yes,Medium,Placed,17.32
4599,Male,CSE,3.97,49.7,49.4,0,6.9,49.9,2,1,3,3,2,3,2,7.2,6,No,Medium,Tier 1,Yes,Medium,Not Placed,0.0
4600,Male,ECE,9.91,100.0,98.1,2,8.9,100.0,5,3,5,3,4,4,2,8.0,7,Yes,High,Tier 3,Yes,High,Placed,17.85
4601,Male,CSE,1.56,23.9,31.2,2,2.3,53.7,2,0,2,3,1,1,2,8.6,7,Yes,Medium,Tier 2,Yes,Low,Not Placed,0.0
4602,Female,IT,2.54,23.3,30.5,3,3.3,49.8,2,0,1,4,1,0,1,7.9,3,Yes,Medium,Tier 1,Yes,Medium,Not Placed,0.0
4603,Female,CSE,0.89,10.4,29.4,0,2.4,61.1,2,1,2,3,0,3,1,7.6,6,No,Medium,Tier 1,Yes,Medium,Not Placed,0.0
4604,Male,CSE,2.72,25.2,37.4,0,2.8,56.3,2,0,1,4,2,2,2,4.0,5,Yes,Medium,Tier 1,Yes,High,Not Placed,0.0
4605,Female,IT,7.68,85.1,88.7,0,6.4,85.4,4,1,3,2,3,2,4,6.3,3,No,Medium,Tier 2,Yes,Low,Placed,15.58
4606,Female,IT,8.53,100.0,85.1,0,7.3,89.2,5,2,5,4,4,3,3,7.4,4,No,Medium,Tier 3,No,Low,Placed,17.15
4607,Female,ME,7.79,75.6,71.7,0,6.2,66.6,5,3,4,4,3,3,0,6.2,2,No,Medium,Tier 1,Yes,Medium,Placed,15.21
4608,Male,ECE,6.31,74.9,53.1,0,5.5,62.1,5,3,4,4,4,2,1,5.9,2,No,Low,Tier 1,Yes,Low,Placed,13.23
4609,Female,CSE,5.14,43.5,40.5,1,5.5,65.2,0,1,1,5,2,1,1,5.7,4,No,Low,Tier 3,Yes,Low,Not Placed,0.0
4610,Male,IT,7.09,77.1,87.8,0,5.5,77.0,4,3,3,0,5,1,0,9.1,8,No,High,Tier 1,Yes,Medium,Placed,15.8
4611,Male,IT,3.91,54.9,44.7,2,6.8,65.5,3,2,3,4,2,0,0,5.4,3,No,High,Tier 1,Yes,Low,Not Placed,0.0
4612,Male,CSE,8.41,72.0,88.7,0,8.1,77.4,5,3,5,4,4,3,2,6.7,3,Yes,Medium,Tier 3,Yes,Medium,Placed,17.34
4613,Male,CE,6.77,70.5,90.0,0,5.0,76.5,4,3,4,4,5,2,0,6.1,9,Yes,Low,Tier 2,Yes,High,Placed,17.51
4614,Male,CSE,6.98,81.5,68.2,0,3.9,77.9,5,4,4,3,3,5,3,6.0,4,No,Medium,Tier 2,Yes,High,Placed,16.35
4615,Male,EE,5.36,31.2,54.6,0,4.6,68.7,4,1,3,3,2,4,5,7.5,6,No,Low,Tier 1,Yes,Low,Not Placed,0.0
4616,Male,ME,8.85,100.0,87.5,0,8.4,88.3,5,3,5,3,3,3,2,8.0,7,No,Medium,Tier 2,Yes,Low,Placed,18.6
4617,Female,IT,2.52,40.0,38.5,2,3.8,33.3,3,2,2,4,2,1,0,5.6,5,No,Low,Tier 2,Yes,High,Not Placed,0.0
4618,Female,CE,3.81,54.6,67.4,0,4.1,30.7,3,1,3,4,2,2,2,7.1,5,No,Low,Tier 1,Yes,Low,Not Placed,0.0
4619,Male,IT,7.78,77.0,95.9,2,6.3,70.4,7,3,4,3,4,5,1,6.9,4,No,Low,Tier 1,Yes,High,Placed,14.34
4620,Female,CSE,4.93,39.7,63.6,2,4.0,58.2,3,1,3,3,3,0,2,6.5,4,No,High,Tier 2,Yes,High,Not Placed,0.0
4621,Female,ECE,8.89,95.9,100.0,0,7.3,74.2,4,4,4,3,5,3,3,5.9,6,No,Low,Tier 1,No,High,Placed,18.48
4622,Female,CSE,3.46,43.6,43.9,3,2.9,55.1,4,0,3,3,3,4,3,8.3,3,No,Low,Tier 3,No,Medium,Not Placed,0.0
4623,Male,ECE,3.69,46.7,50.5,2,3.7,70.2,2,1,3,5,2,2,1,5.8,8,No,Low,Tier 2,Yes,Medium,Not Placed,0.0
4624,Female,IT,8.89,100.0,86.1,4,9.1,97.1,6,2,5,1,3,4,3,5.4,2,No,Medium,Tier 3,Yes,Medium,Not Placed,0.0
4625,Female,ECE,4.64,62.1,42.2,2,4.0,68.4,2,0,3,4,2,3,3,8.3,6,No,Low,Tier 3,No,Low,Placed,9.71
4626,Female,CSE,5.16,78.1,71.3,2,5.7,77.8,2,0,3,4,3,1,0,7.2,3,No,Medium,Tier 2,Yes,Low,Placed,12.48
4627,Male,ECE,3.33,44.8,50.0,0,4.6,43.9,1,1,1,2,2,2,3,5.6,6,No,Medium,Tier 3,Yes,Low,Not Placed,0.0
4628,Male,ME,2.77,31.6,40.3,0,2.4,46.1,1,1,2,3,2,0,1,6.9,4,No,Medium,Tier 2,Yes,Low,Not Placed,0.0
4629,Female,CSE,6.56,68.9,70.5,3,5.2,81.7,4,2,3,5,3,1,3,6.3,7,No,Medium,Tier 2,No,Low,Placed,14.34
4630,Male,ECE,1.2,29.4,12.5,1,3.4,36.5,1,1,2,3,1,2,0,8.8,7,No,Medium,Tier 2,Yes,Low,Not Placed,0.0
4631,Male,CSE,8.79,99.9,78.5,0,6.7,82.7,4,2,5,5,3,3,2,6.7,7,No,Low,Tier 2,Yes,Medium,Placed,17.83
4632,Male,IT,7.79,66.5,83.7,0,6.9,100.0,4,3,5,4,4,4,2,7.6,5,No,Medium,Tier 2,Yes,High,Placed,17.49
4633,Female,CSE,1.91,31.3,28.0,1,4.9,47.6,5,1,4,2,1,2,2,7.0,9,No,Medium,Tier 3,Yes,Medium,Not Placed,0.0
4634,Female,IT,6.94,90.1,71.3,0,7.3,97.8,5,2,3,2,4,3,0,8.7,6,No,Medium,Tier 1,Yes,Low,Placed,15.03
4635,Male,CSE,6.03,63.9,65.2,0,5.8,49.3,5,2,4,3,4,1,1,7.2,5,No,High,Tier 2,Yes,High,Placed,15.87
4636,Female,CSE,1.85,40.0,26.0,0,3.6,38.5,1,0,2,2,3,3,1,8.4,7,No,Low,Tier 2,Yes,Low,Not Placed,0.0
4637,Male,CE,2.73,43.1,30.2,1,3.4,56.3,3,3,4,0,1,4,1,7.6,2,No,High,Tier 3,Yes,Medium,Not Placed,0.0
4638,Female,CSE,4.09,59.3,34.6,0,5.4,60.7,5,2,3,2,2,2,0,6.3,5,No,Medium,Tier 3,Yes,Medium,Not Placed,0.0
4639,Female,ECE,6.99,66.3,72.5,0,4.3,52.3,4,2,4,5,1,1,1,7.0,6,No,High,Tier 2,Yes,Low,Placed,15.77
4640,Female,CSE,6.39,61.3,75.3,1,5.8,70.6,3,2,4,2,2,3,1,6.7,4,No,High,Tier 2,Yes,Medium,Placed,15.11
4641,Female,ECE,5.32,60.4,44.1,1,3.1,96.6,6,1,4,3,2,3,4,6.3,5,No,Medium,Tier 1,Yes,Low,Placed,12.64
4642,Male,ECE,7.68,65.0,79.2,0,7.0,84.0,4,2,5,4,4,3,1,5.7,9,Yes,Medium,Tier 2,Yes,Medium,Placed,15.92
4643,Female,CSE,7.58,76.7,81.5,0,6.6,87.7,3,3,3,3,5,3,1,8.6,4,Yes,High,Tier 2,Yes,Low,Placed,13.34
4644,Male,CSE,6.18,70.1,57.5,0,7.2,64.4,3,1,3,3,4,4,1,4.5,7,Yes,High,Tier 3,Yes,Low,Placed,14.37
4645,Female,ECE,7.87,99.7,95.2,1,7.7,85.1,4,2,5,4,5,4,3,8.6,4,No,High,Tier 2,Yes,Medium,Placed,17.27
4646,Female,IT,3.34,47.4,40.9,0,3.3,54.9,2,1,0,3,1,2,1,5.4,6,No,High,Tier 2,Yes,Low,Not Placed,0.0
4647,Female,IT,8.81,96.1,87.5,0,7.3,100.0,4,3,4,3,3,0,0,7.7,7,No,Medium,Tier 2,Yes,Low,Placed,18.51
4648,Male,ECE,6.15,78.9,65.6,2,6.2,84.9,4,2,3,4,3,2,3,6.3,7,Yes,Low,Tier 2,Yes,Low,Placed,12.55
4649,Female,ECE,8.22,75.2,66.1,3,6.7,89.2,3,3,4,2,3,3,0,5.0,6,No,Medium,Tier 1,Yes,Low,Placed,14.69
4650,Male,CSE,5.46,59.8,71.8,0,5.3,68.6,5,2,5,1,2,5,1,8.4,7,No,Low,Tier 1,No,Medium,Placed,13.64
4651,Male,CSE,2.18,57.8,25.9,0,4.3,27.9,2,1,2,1,2,1,1,4.1,5,No,Medium,Tier 3,Yes,Medium,Not Placed,0.0
4652,Female,CSE,5.42,60.3,59.0,0,4.5,47.0,2,3,3,4,2,3,1,8.0,5,No,Medium,Tier 2,Yes,Medium,Placed,13.83
4653,Male,CSE,3.71,57.7,53.7,0,3.6,58.2,3,2,2,3,3,1,1,7.2,8,No,Medium,Tier 1,Yes,Low,Not Placed,0.0
4654,Female,CSE,6.97,83.9,88.4,0,6.1,87.3,4,4,4,4,3,2,2,8.3,2,No,Low,Tier 3,Yes,Low,Placed,16.82
4655,Male,ECE,4.76,40.7,45.3,0,8.0,79.5,5,2,4,3,3,4,3,7.8,5,Yes,High,Tier 2,Yes,Medium,Placed,13.54
4656,Male,ECE,8.36,89.2,80.4,0,8.0,74.5,5,2,4,1,4,3,1,7.7,5,No,Medium,Tier 1,Yes,Medium,Placed,16.24
4657,Female,CE,6.78,74.1,86.1,0,7.4,57.6,3,2,3,3,3,3,3,8.1,6,Yes,Medium,Tier 1,Yes,Low,Placed,15.64
4658,Male,CSE,6.85,76.5,77.4,2,7.1,87.3,4,2,3,4,5,1,0,8.0,7,Yes,Low,Tier 1,Yes,Medium,Not Placed,0.0
4659,Male,IT,2.17,25.9,42.1,0,3.9,38.2,2,1,2,3,0,2,2,7.5,6,No,Medium,Tier 3,Yes,Medium,Not Placed,0.0
4660,Female,ME,9.84,87.5,86.2,0,8.9,75.1,4,4,5,4,5,3,1,6.6,5,No,Medium,Tier 1,Yes,Medium,Placed,17.59
4661,Male,ECE,8.42,81.8,81.6,5,7.8,79.6,2,2,3,2,4,4,1,6.7,7,No,Medium,Tier 3,No,Low,Not Placed,0.0
4662,Female,CSE,7.89,81.1,79.4,0,5.6,76.2,5,2,5,4,5,3,1,7.1,6,No,High,Tier 1,Yes,Medium,Placed,18.71
4663,Male,CSE,3.3,54.9,35.8,3,4.2,70.6,3,2,4,1,2,3,2,6.7,6,Yes,Medium,Tier 1,Yes,Medium,Not Placed,0.0
4664,Female,CSE,5.36,78.7,44.1,0,5.1,77.5,5,1,3,3,4,3,1,9.6,9,No,Medium,Tier 1,Yes,High,Placed,13.94
4665,Female,CSE,1.37,40.6,23.9,0,3.0,34.4,4,0,2,3,1,2,3,6.9,7,No,Medium,Tier 3,Yes,Medium,Not Placed,0.0
4666,Female,IT,5.38,69.3,74.6,0,5.2,84.1,3,2,2,1,3,2,3,5.6,10,No,Medium,Tier 3,Yes,Low,Placed,13.13
4667,Male,CSE,1.46,17.4,30.3,0,3.3,45.3,3,0,2,4,3,1,2,6.9,2,No,Medium,Tier 2,Yes,High,Not Placed,0.0
4668,Female,CSE,5.53,57.9,76.0,0,6.3,80.9,3,1,3,2,3,3,0,6.0,8,No,High,Tier 1,Yes,Low,Placed,12.39
4669,Female,IT,6.49,72.3,71.7,1,3.1,89.9,6,3,3,2,5,2,1,9.3,8,No,Medium,Tier 1,Yes,Medium,Placed,13.94
4670,Female,IT,3.9,41.8,41.6,0,3.8,55.2,4,0,2,5,3,2,1,7.1,4,Yes,Medium,Tier 1,Yes,Low,Not Placed,0.0
4671,Male,ECE,4.99,63.2,70.7,1,3.1,71.8,5,0,5,3,2,5,0,7.8,5,No,Medium,Tier 2,Yes,Medium,Not Placed,0.0
4672,Female,IT,8.76,96.7,90.2,0,7.9,82.7,5,2,5,4,4,2,1,7.6,6,Yes,High,Tier 3,Yes,High,Placed,18.26
4673,Female,ECE,1.09,29.6,36.3,1,2.0,52.7,1,0,0,1,2,1,5,8.1,5,No,Medium,Tier 3,Yes,High,Not Placed,0.0
4674,Male,CSE,7.92,92.6,70.7,0,8.4,83.6,4,4,5,2,3,6,2,7.3,5,No,Low,Tier 2,Yes,Low,Placed,17.95
4675,Male,ECE,1.71,20.5,42.1,4,2.9,56.8,1,1,2,5,2,2,1,6.5,10,No,Medium,Tier 2,Yes,Medium,Not Placed,0.0
4676,Female,ECE,0.37,27.5,31.6,0,1.3,55.5,0,0,1,4,1,3,1,7.1,6,No,Low,Tier 2,Yes,Low,Not Placed,0.0
4677,Male,CE,1.86,23.9,35.8,5,3.7,52.7,3,0,3,2,0,1,3,5.5,7,No,Low,Tier 2,Yes,Low,Not Placed,0.0
4678,Female,CSE,7.65,70.6,71.1,0,6.5,79.8,0,4,1,3,4,1,0,6.8,6,Yes,High,Tier 2,Yes,Medium,Placed,12.76
4679,Female,ECE,4.05,54.7,49.9,1,3.8,58.4,3,2,1,2,2,1,3,9.2,6,Yes,Medium,Tier 2,Yes,Low,Not Placed,0.0
4680,Female,CSE,8.73,100.0,94.0,0,8.0,51.9,4,3,5,5,3,3,1,7.9,3,Yes,Low,Tier 2,Yes,Medium,Placed,19.66
4681,Male,ECE,5.25,64.5,62.3,2,6.8,57.9,2,3,3,0,2,1,0,6.9,7,No,High,Tier 1,Yes,Medium,Not Placed,0.0
4682,Male,CSE,0.22,17.1,25.8,1,2.5,47.5,0,1,0,3,1,2,0,9.4,5,Yes,Medium,Tier 2,Yes,Medium,Not Placed,0.0
4683,Female,CSE,7.17,79.0,85.5,2,7.1,89.7,2,2,2,3,3,3,2,6.3,2,No,Low,Tier 2,Yes,High,Placed,13.13
4684,Male,ME,1.1,25.7,20.3,0,5.0,32.8,1,0,1,2,2,1,0,7.4,6,No,Medium,Tier 2,Yes,Medium,Not Placed,0.0
4685,Female,ECE,7.89,70.8,69.6,2,6.3,84.3,4,2,4,3,5,3,2,6.6,6,No,Medium,Tier 2,Yes,High,Placed,17.58
4686,Male,ECE,1.68,16.9,31.1,0,1.9,42.8,3,0,3,3,2,2,4,6.8,8,No,Medium,Tier 1,Yes,High,Not Placed,0.0
4687,Male,CSE,3.45,43.5,42.3,0,4.1,64.0,3,2,3,1,4,3,2,7.5,3,No,Medium,Tier 2,No,Low,Not Placed,0.0
4688,Male,CSE,7.61,80.5,86.7,0,8.3,100.0,3,2,4,1,5,4,1,7.7,5,No,Medium,Tier 1,Yes,Low,Placed,17.09
4689,Male,ECE,9.54,96.2,83.6,0,7.2,100.0,5,4,5,3,4,3,2,6.8,4,No,Medium,Tier 2,No,Low,Placed,19.37
4690,Female,ME,3.71,53.3,57.9,1,5.9,49.2,2,1,3,2,1,2,0,6.0,4,Yes,Low,Tier 3,Yes,Low,Not Placed,0.0
4691,Male,EE,8.29,83.3,97.9,0,5.9,83.8,6,2,5,2,4,3,3,9.2,6,No,Medium,Tier 3,No,Medium,Placed,17.0
4692,Male,ECE,1.91,36.9,33.3,0,2.7,63.3,1,0,2,3,2,1,0,7.1,5,Yes,High,Tier 3,Yes,High,Not Placed,0.0
4693,Male,ECE,8.07,82.1,83.2,0,7.3,66.5,3,2,4,2,5,2,1,5.8,7,No,High,Tier 2,Yes,High,Placed,16.33
4694,Male,ME,6.57,89.1,62.9,5,5.2,67.0,5,2,3,3,3,3,2,5.8,4,No,High,Tier 2,Yes,High,Not Placed,0.0
4695,Male,ECE,1.93,32.2,28.0,0,2.2,55.1,4,1,1,3,2,1,0,9.4,5,No,Medium,Tier 2,No,Medium,Not Placed,0.0
4696,Female,ECE,3.03,64.2,38.2,1,4.4,68.7,0,2,1,4,1,1,3,10.0,6,No,Low,Tier 3,Yes,Low,Not Placed,0.0
4697,Male,CSE,1.32,29.7,43.0,0,3.9,50.2,4,1,2,2,1,2,1,7.4,6,No,Medium,Tier 2,Yes,Low,Not Placed,0.0
4698,Male,IT,3.83,45.4,47.9,1,2.1,50.7,5,0,3,2,1,3,2,6.3,6,No,Medium,Tier 3,No,High,Not Placed,0.0
4699,Male,ECE,2.04,23.3,21.1,4,3.1,53.7,4,0,3,4,0,5,1,7.4,5,No,High,Tier 2,Yes,Medium,Not Placed,0.0
4700,Female,ME,6.44,55.3,72.1,0,5.9,78.6,4,2,4,1,5,4,1,6.6,4,No,Medium,Tier 2,Yes,Medium,Placed,16.21
4701,Male,IT,9.95,89.7,100.0,0,8.6,98.9,3,5,5,3,5,3,1,7.7,9,No,High,Tier 1,Yes,Medium,Placed,17.97
4702,Male,CSE,0.12,7.2,18.7,2,1.3,34.6,1,1,1,3,1,2,0,7.4,6,No,Low,Tier 1,No,High,Not Placed,0.0
4703,Female,IT,5.41,64.9,76.0,4,4.0,68.1,5,3,4,0,4,3,0,7.0,3,No,Medium,Tier 2,Yes,Medium,Not Placed,0.0
4704,Male,ME,5.74,58.5,71.7,0,7.1,58.6,3,1,2,2,2,1,2,6.9,2,No,Medium,Tier 2,Yes,Medium,Placed,11.04
4705,Male,CSE,9.14,94.6,80.6,0,9.1,100.0,5,2,4,3,4,4,1,6.7,8,No,Medium,Tier 2,Yes,Low,Placed,17.72
4706,Male,CSE,5.06,70.8,53.0,1,4.9,67.2,1,2,1,3,3,2,1,8.1,3,No,Low,Tier 3,Yes,Medium,Not Placed,0.0
4707,Female,CSE,5.44,60.4,63.8,0,4.8,74.2,3,1,3,2,4,2,4,6.8,6,No,Medium,Tier 2,Yes,High,Placed,13.05
4708,Male,ECE,4.72,75.9,39.1,0,4.2,60.7,2,2,4,3,3,3,0,9.5,3,No,Low,Tier 2,Yes,Medium,Not Placed,0.0
4709,Female,ECE,2.69,26.1,42.9,1,0.8,61.3,3,1,2,4,2,2,3,9.6,6,Yes,High,Tier 2,Yes,Medium,Not Placed,0.0
4710,Female,ECE,0.56,18.3,4.9,0,2.2,22.8,1,0,2,4,1,1,0,6.5,6,No,Medium,Tier 2,Yes,Medium,Not Placed,0.0
4711,Male,CSE,4.09,44.4,61.0,0,5.1,38.6,3,2,3,2,3,1,2,6.6,7,Yes,High,Tier 2,Yes,Low,Not Placed,0.0
4712,Male,ME,0.53,28.9,31.3,5,2.0,37.8,1,0,0,1,2,0,4,6.9,5,No,Medium,Tier 2,Yes,High,Not Placed,0.0
4713,Male,CSE,5.5,39.4,67.0,0,5.3,92.6,3,2,3,4,1,4,3,6.2,5,No,Low,Tier 2,Yes,High,Not Placed,0.0
4714,Female,CSE,3.07,26.7,35.8,2,3.8,67.9,2,2,3,2,3,2,0,8.0,3,No,Medium,Tier 2,Yes,Medium,Not Placed,0.0
4715,Male,ECE,5.34,59.3,62.4,2,4.4,57.3,4,3,4,2,3,2,0,8.4,5,No,Medium,Tier 2,Yes,Medium,Placed,13.32
4716,Male,ECE,1.34,41.9,23.6,1,1.9,49.2,0,1,1,3,0,1,3,8.5,6,No,High,Tier 1,Yes,Low,Not Placed,0.0
4717,Male,CSE,9.33,96.6,82.3,2,7.9,83.3,4,4,3,4,4,4,2,6.8,6,No,Low,Tier 1,Yes,High,Placed,15.53
4718,Female,CSE,8.95,77.6,86.2,0,8.5,93.8,6,4,5,5,5,3,4,6.7,5,No,Low,Tier 1,Yes,Low,Placed,18.42
4719,Male,CSE,1.9,19.2,40.2,0,4.2,52.5,1,3,1,3,1,0,2,4.6,3,No,Low,Tier 1,Yes,High,Not Placed,0.0
4720,Female,IT,3.43,60.9,45.9,0,3.7,66.7,2,1,2,2,2,3,3,6.2,3,No,Medium,Tier 2,Yes,Medium,Not Placed,0.0
4721,Male,IT,6.13,60.9,81.5,0,4.7,53.0,1,4,2,2,2,2,1,5.9,9,No,Medium,Tier 3,Yes,Low,Placed,12.51
4722,Male,ECE,0.96,13.7,33.3,0,2.2,25.6,2,1,2,5,0,1,2,5.7,7,No,Medium,Tier 3,No,Low,Not Placed,0.0
4723,Male,IT,3.55,59.9,53.0,0,6.0,55.4,2,0,2,3,1,1,1,6.4,10,No,Medium,Tier 3,Yes,Medium,Not Placed,0.0
4724,Male,IT,2.51,46.4,22.0,0,2.3,37.7,2,1,2,4,3,1,0,6.6,6,No,High,Tier 2,Yes,High,Not Placed,0.0
4725,Male,CSE,9.16,100.0,88.4,0,8.8,76.6,6,2,4,3,4,4,0,7.0,7,No,Medium,Tier 2,No,Low,Placed,18.44
4726,Male,EE,8.53,78.0,75.6,4,8.8,89.4,2,4,4,2,5,4,1,8.6,4,No,Medium,Tier 1,Yes,Low,Not Placed,0.0
4727,Female,ME,5.8,49.0,62.6,4,5.2,58.8,2,2,3,2,4,3,1,8.4,8,No,High,Tier 1,No,Medium,Not Placed,0.0
4728,Female,CSE,5.2,60.5,52.7,0,4.4,93.3,3,1,2,1,2,2,0,5.7,2,No,Low,Tier 3,Yes,Medium,Placed,11.36
4729,Female,CSE,9.31,97.5,88.7,0,8.6,84.5,6,4,4,4,5,3,2,7.5,7,No,Medium,Tier 2,Yes,High,Placed,18.79
4730,Male,CSE,9.32,97.9,100.0,0,8.4,87.7,4,4,5,3,4,3,1,6.0,6,No,Medium,Tier 2,Yes,High,Placed,20.05
4731,Male,CSE,9.69,100.0,100.0,0,9.0,96.7,4,3,3,5,5,2,1,7.2,8,No,Medium,Tier 2,Yes,Medium,Placed,18.47
4732,Male,IT,1.25,8.3,38.1,2,4.4,24.4,0,0,1,2,2,1,3,8.6,5,No,Medium,Tier 1,Yes,Low,Not Placed,0.0
4733,Female,ECE,1.61,37.3,14.9,3,2.8,50.8,1,1,1,3,2,1,1,6.4,6,No,Medium,Tier 3,Yes,Medium,Not Placed,0.0
4734,Female,IT,6.77,61.6,72.7,0,5.0,79.7,5,1,5,2,3,4,0,5.8,2,Yes,Medium,Tier 1,Yes,Low,Placed,16.29
4735,Male,IT,5.41,69.5,70.9,0,5.4,63.3,3,2,3,3,3,1,2,7.1,2,No,Medium,Tier 1,Yes,Low,Placed,14.82
4736,Male,IT,0.18,11.8,34.5,0,1.9,39.4,0,2,0,2,1,1,2,8.6,6,No,Medium,Tier 2,Yes,Medium,Not Placed,0.0
4737,Male,IT,0.62,12.1,7.5,0,3.2,43.9,0,0,1,3,1,0,1,9.4,8,No,Medium,Tier 2,Yes,Medium,Not Placed,0.0
4738,Male,CSE,8.88,84.4,85.5,2,7.5,100.0,6,4,5,3,4,2,1,6.3,6,No,Medium,Tier 3,Yes,Medium,Placed,17.24
4739,Male,CSE,8.69,74.4,97.9,0,7.2,100.0,4,4,5,5,4,3,0,7.2,5,No,Medium,Tier 3,Yes,Low,Placed,18.82
4740,Female,IT,3.57,45.7,44.6,1,2.6,43.7,0,1,0,1,3,0,3,7.3,6,No,High,Tier 1,Yes,High,Not Placed,0.0
4741,Female,CSE,8.91,83.0,80.2,0,8.3,72.9,2,3,3,4,3,4,0,5.3,6,No,High,Tier 1,Yes,Medium,Placed,16.06
4742,Male,CSE,5.94,73.4,50.0,0,9.0,71.9,3,3,4,2,3,3,2,5.2,7,No,Low,Tier 2,Yes,High,Placed,14.45
4743,Male,ME,8.06,89.9,73.0,0,6.9,58.4,3,3,3,3,3,3,1,7.4,4,Yes,Low,Tier 3,Yes,Medium,Placed,16.19
4744,Female,IT,4.27,68.2,35.3,0,4.9,68.4,3,2,3,2,2,3,1,6.5,6,No,Low,Tier 3,Yes,Low,Not Placed,0.0
4745,Male,CSE,1.13,28.3,27.6,1,1.7,43.1,4,0,1,3,2,0,1,5.3,3,Yes,Low,Tier 2,No,Low,Not Placed,0.0
4746,Male,IT,4.34,57.1,61.7,2,3.3,65.4,2,1,2,0,1,1,1,7.8,8,No,Medium,Tier 2,Yes,High,Not Placed,0.0
4747,Male,IT,4.57,67.8,42.0,1,5.1,58.8,2,2,2,2,4,1,1,7.1,3,No,Low,Tier 2,Yes,Medium,Placed,11.4
4748,Male,CSE,5.51,55.6,64.7,0,5.4,71.1,5,2,3,3,4,2,3,7.0,5,No,Medium,Tier 1,Yes,Low,Placed,13.17
4749,Male,CSE,1.06,9.1,34.9,1,0.0,47.0,3,0,2,5,2,2,1,5.7,7,No,Medium,Tier 2,No,Low,Not Placed,0.0
4750,Female,CE,9.91,100.0,97.3,0,10.0,96.9,5,4,5,0,4,5,1,5.0,3,No,Low,Tier 1,Yes,Low,Placed,19.15
4751,Male,CSE,2.44,21.5,21.4,0,3.6,33.5,2,1,2,3,1,1,1,6.3,4,Yes,Medium,Tier 1,Yes,Medium,Not Placed,0.0
4752,Male,CSE,1.99,56.5,37.8,0,3.0,49.0,2,0,1,2,1,1,0,7.1,10,No,Medium,Tier 3,Yes,Low,Not Placed,0.0
4753,Female,ECE,5.27,74.3,59.6,0,4.8,88.9,4,3,3,1,3,2,0,6.1,7,No,High,Tier 1,Yes,Low,Placed,12.94
4754,Male,IT,5.37,82.3,59.4,2,5.7,70.1,5,4,4,2,4,2,1,5.7,6,No,High,Tier 1,Yes,High,Placed,14.28
4755,Female,CSE,4.4,53.0,47.7,1,5.0,63.0,5,2,4,2,2,5,1,6.6,7,Yes,Medium,Tier 2,Yes,Medium,Not Placed,0.0
4756,Female,CSE,7.72,86.1,80.6,0,7.3,100.0,5,2,4,4,4,1,1,7.0,2,No,Medium,Tier 1,Yes,Medium,Placed,16.84
4757,Male,CSE,5.17,54.4,64.5,0,6.2,57.1,4,2,4,3,2,2,2,8.7,7,No,Medium,Tier 2,Yes,Medium,Placed,13.8
4758,Female,EE,6.1,75.7,90.7,0,7.1,82.3,5,3,3,1,3,3,0,7.2,9,No,Medium,Tier 3,Yes,Medium,Placed,14.64
4759,Male,CSE,7.24,64.4,77.0,0,8.6,72.1,5,1,5,1,3,3,2,5.2,5,No,Medium,Tier 1,Yes,Low,Placed,17.15
4760,Female,ECE,0.25,0.0,35.1,0,0.8,49.5,3,1,2,4,1,2,0,4.6,9,No,Low,Tier 2,Yes,Medium,Not Placed,0.0
4761,Male,CE,5.71,55.6,67.3,1,4.9,78.8,3,2,2,3,1,0,3,4.1,5,Yes,Medium,Tier 2,Yes,Medium,Placed,11.71
4762,Female,CSE,8.84,75.6,87.7,0,8.0,83.1,6,4,5,5,5,2,0,7.4,6,No,High,Tier 2,Yes,High,Placed,17.4
4763,Female,EE,0.17,31.2,20.8,2,0.8,32.8,1,0,1,3,2,0,1,5.7,3,Yes,Medium,Tier 1,Yes,Medium,Not Placed,0.0
4764,Male,CE,4.05,67.6,38.2,0,3.7,71.0,5,2,2,4,3,2,2,7.6,6,No,Medium,Tier 3,Yes,Medium,Not Placed,0.0
4765,Male,ME,9.26,79.7,95.1,0,8.5,68.3,6,3,4,4,3,3,1,8.4,6,No,High,Tier 2,Yes,High,Placed,16.79
4766,Female,CSE,3.53,57.9,26.3,0,4.9,50.9,2,1,1,4,2,2,3,7.7,5,No,Medium,Tier 1,Yes,Medium,Not Placed,0.0
4767,Female,IT,4.59,63.5,46.1,1,6.0,70.0,1,2,2,4,2,0,2,6.7,4,No,Medium,Tier 3,Yes,Low,Placed,11.0
4768,Male,IT,9.82,82.8,97.7,0,8.2,90.2,5,3,4,4,5,2,2,9.2,6,Yes,Low,Tier 2,No,Low,Placed,17.8
4769,Female,EE,1.99,28.0,45.9,0,3.4,48.6,0,0,1,0,2,1,2,6.4,4,No,Low,Tier 2,No,Low,Not Placed,0.0
4770,Male,CSE,0.65,14.7,37.5,3,2.2,14.4,0,0,0,3,1,0,1,5.9,8,No,Medium,Tier 3,Yes,Medium,Not Placed,0.0
4771,Male,IT,8.59,95.5,84.4,0,7.5,76.3,5,2,5,2,5,4,2,7.4,6,No,Medium,Tier 1,Yes,High,Placed,20.3
4772,Male,CSE,8.68,76.5,89.0,3,6.8,95.2,4,3,4,5,5,3,1,7.9,5,No,Medium,Tier 3,Yes,Low,Placed,16.49
4773,Male,CSE,4.72,54.1,65.6,0,3.9,54.3,7,1,5,2,3,4,2,4.0,8,Yes,Low,Tier 1,Yes,Medium,Placed,14.08
4774,Female,ECE,5.14,51.8,45.8,1,5.8,50.2,3,3,3,3,3,3,1,8.3,5,No,Medium,Tier 1,Yes,Medium,Not Placed,0.0
4775,Male,IT,8.36,90.8,88.9,0,6.5,97.9,4,4,5,4,2,2,2,5.1,7,No,Medium,Tier 1,Yes,Low,Placed,16.69
4776,Female,ECE,7.39,75.6,68.8,0,4.9,85.5,5,3,4,3,3,4,2,4.5,6,No,Low,Tier 2,Yes,Medium,Placed,14.7
4777,Male,ECE,2.65,32.2,37.5,0,3.3,37.8,2,1,1,3,1,0,0,6.6,2,Yes,Low,Tier 2,Yes,High,Not Placed,0.0
4778,Male,EE,0.17,14.3,14.8,0,3.1,37.7,0,1,1,4,0,0,1,5.7,7,No,Medium,Tier 3,Yes,High,Not Placed,0.0
4779,Male,ECE,4.8,76.2,60.8,1,2.1,51.1,5,3,4,3,3,3,0,7.5,5,No,Medium,Tier 2,Yes,Low,Placed,13.57
4780,Male,IT,8.59,83.8,92.2,2,7.2,84.7,4,3,4,2,5,3,1,7.4,7,No,Low,Tier 3,No,Medium,Placed,16.84
4781,Male,ECE,8.96,80.7,98.6,0,8.4,90.9,6,3,5,1,5,3,0,7.4,6,No,Medium,Tier 2,Yes,Medium,Placed,19.11
4782,Male,ECE,9.56,100.0,98.0,0,6.4,82.7,5,2,5,4,5,3,3,8.5,6,No,Low,Tier 2,Yes,High,Placed,19.68
4783,Male,IT,8.8,88.4,90.1,0,7.4,96.7,4,3,4,2,5,3,2,6.6,6,Yes,Medium,Tier 1,Yes,Medium,Placed,17.77
4784,Male,CE,5.8,50.1,82.9,1,4.4,80.6,4,0,3,3,1,3,0,7.4,10,No,Medium,Tier 3,Yes,Medium,Placed,11.98
4785,Male,ECE,4.45,75.1,38.4,0,3.6,64.9,2,1,2,4,1,0,1,5.0,7,No,Medium,Tier 2,Yes,Low,Not Placed,0.0
4786,Male,IT,7.75,77.4,97.0,0,6.5,86.5,4,2,4,3,4,2,1,8.2,2,No,High,Tier 2,Yes,Medium,Placed,15.96
4787,Female,CSE,7.4,74.1,74.3,1,5.6,62.0,5,2,4,2,4,2,0,6.4,2,No,High,Tier 1,Yes,Low,Placed,16.29
4788,Female,CSE,5.38,62.3,66.7,0,4.1,83.6,3,1,3,3,2,4,2,6.7,6,No,Medium,Tier 2,Yes,Medium,Not Placed,0.0
4789,Male,ECE,0.87,39.7,21.7,0,2.0,39.1,2,0,1,3,0,1,1,6.6,4,No,Medium,Tier 1,Yes,Low,Not Placed,0.0
4790,Male,CSE,9.26,76.9,85.1,0,10.0,79.3,5,2,5,2,4,4,0,6.9,8,Yes,Low,Tier 3,Yes,Low,Placed,19.43
4791,Male,CSE,4.56,56.5,59.3,1,5.4,64.1,3,1,3,5,2,4,3,6.6,6,No,Medium,Tier 3,Yes,Medium,Not Placed,0.0
4792,Female,ECE,3.63,66.7,57.5,0,5.1,65.7,3,2,2,2,1,2,2,4.4,6,No,Low,Tier 1,Yes,Low,Not Placed,0.0
4793,Male,CSE,6.3,69.8,73.1,2,6.7,78.9,6,2,4,4,5,3,1,8.5,4,No,Medium,Tier 1,No,Low,Placed,14.79
4794,Male,CSE,6.74,59.9,66.5,0,5.5,62.4,4,2,4,2,5,5,0,6.2,7,No,Low,Tier 2,Yes,Low,Placed,14.98
4795,Male,ECE,2.11,26.8,71.0,0,3.3,56.8,2,0,1,4,0,0,1,6.6,6,No,Medium,Tier 2,Yes,Low,Not Placed,0.0
4796,Male,ECE,8.37,88.2,96.9,1,8.5,84.5,4,4,5,3,2,3,0,6.8,4,No,Low,Tier 3,Yes,Low,Placed,17.95
4797,Male,CE,2.9,53.0,50.5,0,4.4,58.4,4,1,2,3,1,3,0,7.6,4,No,Medium,Tier 2,Yes,High,Not Placed,0.0
4798,Female,IT,1.87,27.5,29.4,0,3.0,36.6,3,1,1,3,0,0,1,6.4,9,Yes,Low,Tier 3,Yes,Medium,Not Placed,0.0
4799,Male,ECE,4.06,57.8,44.2,0,4.9,71.9,3,0,3,3,5,2,1,8.3,7,No,High,Tier 3,Yes,Medium,Not Placed,0.0
4800,Female,CE,7.31,62.8,73.7,0,9.1,81.1,4,1,4,3,3,4,0,9.2,5,Yes,Low,Tier 1,Yes,Low,Placed,15.38
4801,Male,IT,9.65,82.6,100.0,1,9.1,100.0,5,2,4,3,5,3,0,9.0,4,No,Medium,Tier 1,Yes,Low,Placed,16.39
4802,Male,CSE,8.09,78.9,72.8,0,6.8,65.1,4,4,4,4,3,4,0,7.3,6,Yes,Medium,Tier 3,Yes,Low,Placed,16.63
4803,Female,CSE,9.4,100.0,82.5,1,8.0,74.6,6,2,5,2,3,2,4,6.3,6,No,Low,Tier 3,Yes,Medium,Placed,16.63
4804,Male,IT,1.41,27.7,34.7,0,1.4,40.6,0,0,0,1,3,0,1,6.3,3,Yes,Medium,Tier 2,Yes,Medium,Not Placed,0.0
4805,Female,ECE,0.71,23.9,26.9,1,4.3,56.9,2,0,1,3,2,2,1,6.6,5,No,Medium,Tier 2,Yes,Low,Not Placed,0.0
4806,Male,IT,5.58,65.2,54.9,1,7.0,92.0,5,1,5,1,3,3,1,6.0,1,No,Medium,Tier 1,Yes,Low,Placed,14.5
4807,Male,IT,2.9,50.7,30.3,0,3.6,41.7,2,1,1,1,4,2,0,7.5,5,Yes,Medium,Tier 1,Yes,Medium,Not Placed,0.0
4808,Female,IT,8.28,79.3,98.6,0,9.5,85.3,5,2,5,5,4,4,1,6.7,8,No,High,Tier 3,Yes,Low,Placed,17.83
4809,Male,EE,6.72,79.0,75.3,0,6.8,77.2,3,1,3,5,3,1,0,7.0,3,No,Medium,Tier 1,Yes,Low,Placed,15.39
4810,Female,ECE,9.71,89.2,82.0,0,7.9,100.0,5,5,5,2,5,4,1,6.6,5,No,Low,Tier 2,Yes,Low,Placed,19.94
4811,Male,CSE,2.55,56.5,25.5,1,4.2,60.9,2,0,2,4,2,2,3,7.5,5,No,Medium,Tier 1,Yes,High,Not Placed,0.0
4812,Female,ME,4.86,48.3,53.3,1,5.3,50.8,5,2,3,4,4,3,0,7.3,3,No,Low,Tier 1,Yes,High,Placed,13.17
4813,Male,CSE,5.01,48.8,65.4,0,5.8,65.8,0,1,1,4,3,1,0,6.6,5,No,Medium,Tier 2,No,Low,Not Placed,0.0
4814,Male,IT,2.39,40.8,43.1,2,1.8,25.2,3,0,2,3,0,0,1,6.8,3,No,High,Tier 2,Yes,Low,Not Placed,0.0
4815,Female,EE,5.9,65.9,76.5,0,4.8,80.1,4,2,3,4,2,5,0,6.8,4,No,Medium,Tier 2,Yes,Low,Placed,15.31
4816,Female,IT,4.43,55.9,38.5,0,6.1,57.5,2,0,1,4,4,4,2,7.8,6,No,High,Tier 1,Yes,Medium,Not Placed,0.0
4817,Female,ECE,4.47,55.3,56.0,0,6.3,47.4,2,1,4,4,2,4,2,6.1,6,No,Medium,Tier 2,No,Low,Not Placed,0.0
4818,Female,ECE,3.63,35.0,61.3,0,5.5,60.8,0,1,0,1,3,0,3,6.4,5,No,Medium,Tier 1,Yes,Medium,Not Placed,0.0
4819,Female,ECE,0.17,32.6,32.7,0,3.8,31.6,3,1,3,5,2,2,2,4.7,8,No,Low,Tier 2,Yes,Low,Not Placed,0.0
4820,Male,ECE,5.22,68.3,63.3,0,5.7,81.5,5,1,4,5,3,3,2,5.7,7,Yes,Low,Tier 1,Yes,Medium,Placed,13.3
4821,Male,IT,3.35,57.1,68.3,0,4.4,44.4,1,2,1,1,1,2,3,6.7,9,No,Low,Tier 3,Yes,Low,Not Placed,0.0
4822,Male,IT,0.01,9.8,24.2,5,0.6,61.7,2,0,2,4,1,3,1,6.5,5,Yes,Medium,Tier 1,Yes,Medium,Not Placed,0.0
4823,Male,IT,3.08,45.3,53.1,1,3.1,63.7,1,1,1,5,2,0,0,4.6,3,No,Medium,Tier 2,Yes,High,Not Placed,0.0
4824,Male,CSE,2.79,40.7,40.8,0,1.5,67.2,1,0,1,4,2,1,2,7.6,5,No,Medium,Tier 3,Yes,High,Not Placed,0.0
4825,Male,ECE,3.93,59.7,41.6,0,3.9,46.2,2,2,1,4,1,2,2,5.9,10,No,High,Tier 3,Yes,Medium,Not Placed,0.0
4826,Male,IT,1.32,37.8,19.8,0,0.4,64.4,1,1,0,1,1,0,4,5.1,3,No,High,Tier 1,Yes,Low,Not Placed,0.0
4827,Female,ECE,5.08,60.1,60.5,4,6.1,50.9,3,2,2,4,3,2,4,7.4,7,No,Low,Tier 2,Yes,High,Not Placed,0.0
4828,Male,ECE,6.92,58.6,71.2,3,6.7,74.0,6,2,4,3,2,4,2,8.0,3,No,Medium,Tier 3,No,Medium,Placed,13.85
4829,Male,IT,6.3,86.3,50.7,1,3.9,88.5,4,1,4,4,2,4,1,4.1,5,Yes,Medium,Tier 2,Yes,Low,Placed,14.45
4830,Male,IT,8.04,88.9,72.1,0,6.9,89.3,3,3,3,2,3,3,4,7.8,4,No,Low,Tier 3,Yes,Low,Placed,14.53
4831,Female,ECE,4.52,47.3,51.0,0,6.6,47.3,2,2,3,2,1,1,2,6.7,4,No,Medium,Tier 2,Yes,High,Not Placed,0.0
4832,Female,ME,5.19,63.2,66.8,0,5.0,79.8,0,1,1,3,3,0,3,6.7,7,No,High,Tier 3,Yes,High,Placed,9.96
4833,Female,CSE,8.1,68.7,82.6,0,6.2,87.7,4,2,4,3,4,2,2,5.7,8,No,Medium,Tier 1,Yes,High,Placed,14.98
4834,Male,EE,4.28,61.9,51.5,0,2.7,55.7,5,2,5,3,2,3,2,6.8,7,No,Low,Tier 3,Yes,Medium,Not Placed,0.0
4835,Male,CSE,7.02,60.0,64.3,1,4.7,58.6,3,3,2,2,2,2,3,6.9,6,No,Low,Tier 2,Yes,High,Placed,12.36
4836,Male,CSE,4.35,49.8,53.0,0,5.1,66.3,3,2,2,3,3,2,3,9.7,3,No,Medium,Tier 3,No,Medium,Not Placed,0.0
4837,Male,ME,4.18,53.0,64.6,0,4.0,58.1,3,2,3,2,3,2,1,7.6,6,Yes,Medium,Tier 2,Yes,Medium,Not Placed,0.0
4838,Male,CSE,7.6,90.0,80.4,1,6.5,82.5,7,3,5,3,4,3,3,7.0,7,No,Medium,Tier 2,No,High,Placed,15.85
4839,Male,IT,1.75,30.9,16.9,0,2.3,26.5,1,0,1,1,2,0,2,8.4,5,No,Medium,Tier 1,Yes,Medium,Not Placed,0.0
4840,Male,ME,3.39,50.2,32.6,2,3.7,50.3,4,3,4,4,3,3,1,8.1,8,Yes,Medium,Tier 3,Yes,Medium,Not Placed,0.0
4841,Female,ME,2.24,33.8,41.8,0,1.8,54.2,2,0,1,3,2,3,3,5.3,5,Yes,Medium,Tier 3,Yes,High,Not Placed,0.0
4842,Female,EE,3.59,45.2,44.5,0,4.3,79.1,3,1,4,1,1,4,2,7.8,4,No,Low,Tier 1,Yes,Medium,Not Placed,0.0
4843,Male,CSE,2.3,35.4,35.7,0,1.7,46.3,3,0,2,5,2,2,1,7.1,7,No,Medium,Tier 1,Yes,High,Not Placed,0.0
4844,Male,IT,5.79,62.3,58.2,5,4.8,87.1,4,2,4,2,3,1,2,6.2,7,No,High,Tier 2,Yes,Medium,Not Placed,0.0
4845,Male,CSE,7.98,66.0,86.9,0,8.1,92.3,4,4,4,4,4,2,2,5.8,8,No,High,Tier 1,Yes,Low,Placed,17.11
4846,Male,ECE,7.87,74.2,78.0,0,7.4,85.0,6,2,5,3,5,4,1,6.8,7,No,Low,Tier 2,Yes,Medium,Placed,18.39
4847,Female,ME,3.65,48.5,45.3,0,4.7,44.8,4,2,3,4,1,4,2,7.0,4,No,High,Tier 1,No,Medium,Not Placed,0.0
4848,Male,ECE,9.89,96.6,88.6,1,10.0,82.7,5,1,5,3,5,4,0,8.4,1,No,Low,Tier 2,Yes,Low,Placed,17.85
4849,Female,ECE,5.94,63.9,74.7,0,5.6,78.1,3,2,3,4,2,3,2,4.3,2,No,Medium,Tier 1,Yes,Medium,Not Placed,0.0
4850,Male,ECE,3.99,45.7,47.7,5,4.3,52.6,3,2,1,4,1,2,1,5.5,4,No,Medium,Tier 1,Yes,Low,Not Placed,0.0
4851,Female,IT,8.36,77.4,91.0,4,7.1,77.8,3,3,4,5,5,2,1,7.2,8,Yes,Medium,Tier 2,Yes,Medium,Not Placed,0.0
4852,Male,EE,7.3,72.1,64.5,1,6.2,76.6,3,2,3,4,4,4,0,6.8,8,No,Medium,Tier 2,Yes,Low,Placed,14.19
4853,Female,CSE,7.49,75.6,95.3,4,5.7,78.0,3,1,3,4,4,2,2,7.1,5,No,Medium,Tier 2,Yes,High,Not Placed,0.0
4854,Male,ECE,1.96,31.7,46.5,0,3.0,57.6,2,0,3,1,0,3,1,6.4,7,No,Low,Tier 2,Yes,Low,Not Placed,0.0
4855,Female,ME,4.68,58.7,36.3,0,5.1,57.0,1,1,3,0,2,4,1,7.3,3,No,Low,Tier 2,No,High,Not Placed,0.0
4856,Male,ECE,8.62,86.5,78.9,0,7.9,96.3,7,4,5,3,2,3,0,5.1,8,No,Low,Tier 1,Yes,High,Placed,18.07
4857,Male,CSE,5.04,47.5,63.1,0,5.1,70.5,5,2,4,2,3,3,2,9.5,5,No,Medium,Tier 3,Yes,Low,Placed,14.02
4858,Female,ECE,6.83,59.1,59.4,4,7.2,55.9,3,3,4,2,2,4,3,7.5,7,No,Medium,Tier 1,Yes,Low,Not Placed,0.0
4859,Female,CSE,5.88,91.0,63.7,0,5.6,73.8,6,2,5,3,4,3,2,7.5,7,Yes,Medium,Tier 2,No,Medium,Placed,15.1
4860,Female,CSE,8.42,75.3,89.6,2,7.0,53.5,2,2,2,4,4,1,0,5.7,6,No,Medium,Tier 2,No,Low,Placed,14.08
4861,Female,ME,2.85,34.0,39.0,1,2.6,41.4,1,0,1,2,1,1,4,6.3,3,No,Medium,Tier 2,Yes,Medium,Not Placed,0.0
4862,Female,ECE,5.75,69.0,69.4,0,4.0,75.1,1,2,2,4,3,0,0,7.6,4,Yes,Low,Tier 2,Yes,Low,Placed,12.71
4863,Male,CE,1.23,29.1,20.9,0,3.8,42.3,1,0,0,3,4,1,1,6.6,8,Yes,Medium,Tier 1,No,Low,Not Placed,0.0
4864,Male,ME,6.9,78.9,50.8,0,5.6,55.2,3,3,4,3,3,2,1,7.3,7,No,High,Tier 2,Yes,Low,Placed,15.55
4865,Male,IT,7.32,72.8,86.4,0,5.7,65.5,3,3,4,5,4,1,2,6.1,3,No,Medium,Tier 3,Yes,Medium,Placed,15.33
4866,Female,CSE,0.43,21.0,31.2,0,1.4,6.3,4,1,3,3,0,3,1,5.4,6,No,Low,Tier 1,Yes,High,Not Placed,0.0
4867,Male,ECE,6.76,73.1,97.1,0,6.0,59.4,3,1,4,3,4,3,2,8.3,3,No,Low,Tier 2,Yes,High,Placed,14.68
4868,Male,CSE,4.15,47.2,29.1,0,6.0,66.8,4,2,2,4,2,0,1,5.9,3,No,Low,Tier 3,Yes,Medium,Not Placed,0.0
4869,Male,CE,1.24,28.0,35.4,1,2.0,35.8,2,0,2,5,1,3,3,8.1,4,Yes,Medium,Tier 3,Yes,Low,Not Placed,0.0
4870,Female,CSE,4.2,61.3,31.9,0,7.1,62.2,0,3,1,3,3,2,1,6.0,5,Yes,High,Tier 1,Yes,Medium,Not Placed,0.0
4871,Male,CSE,1.94,31.3,51.1,0,2.9,46.8,3,1,2,4,1,2,1,6.8,3,No,Medium,Tier 3,Yes,Medium,Not Placed,0.0
4872,Male,ECE,4.16,50.2,56.2,2,6.5,60.4,3,2,3,3,1,2,0,6.5,7,No,Low,Tier 3,No,Medium,Not Placed,0.0
4873,Male,CSE,3.84,58.3,39.2,0,5.1,70.3,0,0,1,3,4,1,4,6.7,4,No,Medium,Tier 2,Yes,Low,Not Placed,0.0
4874,Male,CSE,7.38,87.3,84.8,0,7.0,76.8,4,2,4,2,2,3,0,7.9,5,No,Medium,Tier 2,Yes,Medium,Placed,13.9
4875,Male,ECE,7.74,96.6,74.4,1,8.5,92.4,2,2,3,2,3,2,2,9.0,6,Yes,High,Tier 1,Yes,Medium,Placed,13.71
4876,Female,CSE,6.07,49.0,69.6,3,6.9,41.7,0,2,2,5,3,3,1,6.8,9,No,Medium,Tier 1,No,Medium,Not Placed,0.0
4877,Female,CSE,0.23,26.0,21.9,3,2.3,49.7,3,0,2,2,1,2,1,7.1,7,No,High,Tier 2,No,Medium,Not Placed,0.0
4878,Female,ECE,9.31,100.0,100.0,0,10.0,75.4,6,3,5,1,5,4,1,6.7,5,No,High,Tier 2,Yes,Medium,Placed,16.3
4879,Male,IT,6.86,64.5,91.0,0,5.8,63.3,4,0,4,3,4,5,0,7.1,4,No,Low,Tier 1,Yes,Low,Placed,15.23
4880,Female,ECE,0.34,20.4,14.7,0,0.7,28.6,2,0,0,4,2,0,1,6.1,3,Yes,High,Tier 1,Yes,Low,Not Placed,0.0
4881,Male,ECE,8.19,95.1,94.1,4,6.6,97.1,4,2,3,4,4,4,0,5.8,4,No,Low,Tier 3,Yes,High,Not Placed,0.0
4882,Male,ECE,2.0,23.7,37.5,0,4.7,36.3,2,0,1,2,1,1,3,7.4,5,Yes,Low,Tier 1,Yes,Medium,Not Placed,0.0
4883,Female,ECE,5.79,68.6,50.2,0,7.0,61.9,3,2,3,4,0,3,2,7.3,8,No,Low,Tier 2,Yes,High,Placed,15.17
4884,Male,CE,4.67,63.4,48.4,2,4.2,51.5,2,0,2,5,3,1,2,8.4,5,No,High,Tier 1,Yes,Low,Placed,11.34
4885,Male,CSE,4.2,40.0,75.0,4,2.1,63.3,4,1,4,2,4,1,0,7.1,4,Yes,Medium,Tier 2,Yes,High,Not Placed,0.0
4886,Female,IT,8.9,89.2,92.8,1,7.5,97.3,5,2,4,3,3,3,1,6.9,6,Yes,Medium,Tier 2,No,Medium,Placed,17.68
4887,Male,ME,4.37,55.2,63.0,0,3.5,81.7,2,2,3,2,1,1,2,7.6,9,No,Low,Tier 3,Yes,High,Not Placed,0.0
4888,Female,ME,0.75,13.4,21.9,0,1.5,68.3,0,0,0,5,2,0,2,8.2,4,Yes,Low,Tier 2,Yes,Medium,Not Placed,0.0
4889,Male,CSE,9.47,86.7,88.4,2,7.1,99.6,4,2,4,1,5,3,2,6.8,6,Yes,Low,Tier 1,Yes,Low,Placed,16.63
4890,Female,CSE,9.21,91.9,92.0,0,6.3,94.6,5,2,5,3,5,3,2,4.0,5,No,Low,Tier 3,Yes,Low,Placed,18.76
4891,Male,IT,6.84,81.2,70.1,0,8.2,61.4,3,2,4,4,5,3,0,5.7,6,Yes,Low,Tier 1,Yes,Medium,Placed,17.22
4892,Male,CSE,4.68,61.2,40.5,0,4.1,86.0,0,0,1,2,3,1,3,8.3,7,No,Low,Tier 1,Yes,Medium,Not Placed,0.0
4893,Female,ME,0.93,14.3,15.4,2,3.6,43.2,1,2,1,2,0,0,2,9.0,8,No,Low,Tier 3,Yes,Medium,Not Placed,0.0
4894,Male,IT,7.91,88.8,88.4,0,6.8,79.0,4,3,4,3,3,3,2,8.6,5,No,Medium,Tier 3,Yes,High,Placed,17.67
4895,Male,IT,0.75,13.0,20.2,1,0.9,44.2,0,0,0,5,1,0,3,6.5,8,Yes,Medium,Tier 3,No,Medium,Not Placed,0.0
4896,Male,CSE,0.69,4.8,23.8,0,2.5,31.5,2,0,1,3,2,0,1,6.6,6,No,Low,Tier 2,Yes,Low,Not Placed,0.0
4897,Male,IT,5.37,57.0,63.3,0,4.9,39.2,0,1,1,3,2,0,1,7.9,3,No,Low,Tier 2,Yes,Low,Not Placed,0.0
4898,Male,IT,1.6,39.8,33.9,4,2.4,51.5,2,1,1,2,3,0,3,7.7,5,No,Medium,Tier 2,Yes,High,Not Placed,0.0
4899,Male,ME,0.08,22.2,30.1,0,1.7,51.6,0,0,1,3,0,1,3,4.0,10,No,Medium,Tier 1,Yes,Low,Not Placed,0.0
4900,Female,CSE,4.23,50.9,40.9,1,3.6,67.1,3,1,3,4,3,2,2,7.1,5,No,Medium,Tier 1,Yes,High,Not Placed,0.0
4901,Male,CSE,1.37,22.5,34.7,0,0.8,43.1,0,1,1,2,1,1,0,6.9,5,No,High,Tier 1,Yes,Medium,Not Placed,0.0
4902,Male,ECE,1.61,24.8,38.4,0,2.6,44.8,1,0,1,4,2,3,0,5.6,5,No,Low,Tier 2,Yes,Low,Not Placed,0.0
4903,Male,CSE,0.77,22.6,34.0,1,3.0,41.7,2,0,2,2,1,3,0,6.3,5,No,Low,Tier 3,Yes,High,Not Placed,0.0
4904,Male,ECE,2.05,21.7,20.3,2,2.0,49.0,1,1,2,1,3,3,1,7.3,3,Yes,Medium,Tier 3,Yes,Low,Not Placed,0.0
4905,Female,CE,7.15,72.3,77.7,1,6.7,77.2,3,1,4,4,3,4,1,6.7,1,Yes,Low,Tier 3,Yes,Medium,Placed,15.12
4906,Male,ECE,8.09,81.6,99.9,0,8.7,83.8,5,2,4,5,4,3,2,8.1,4,No,Low,Tier 1,Yes,Low,Placed,16.06
4907,Female,ME,4.53,40.0,53.2,0,4.6,80.8,1,2,2,2,3,2,1,9.1,5,No,Medium,Tier 2,Yes,High,Placed,10.94
4908,Male,CSE,5.07,49.7,63.4,3,5.1,71.1,2,1,2,3,3,3,2,8.1,7,No,Medium,Tier 2,Yes,Low,Placed,10.36
4909,Female,CSE,0.33,21.9,28.4,0,1.8,38.2,2,0,0,5,1,0,1,7.5,5,No,Medium,Tier 2,Yes,Medium,Not Placed,0.0
4910,Male,CSE,0.69,21.0,13.3,2,1.3,47.1,2,0,1,3,2,1,2,6.8,6,No,Low,Tier 2,Yes,High,Not Placed,0.0
4911,Female,CSE,2.58,33.8,57.0,0,2.3,58.4,1,1,1,1,2,2,1,8.0,3,Yes,Medium,Tier 1,Yes,Low,Not Placed,0.0
4912,Male,CE,5.44,52.1,66.5,3,4.3,79.0,4,1,5,3,1,3,1,6.3,2,Yes,Medium,Tier 3,Yes,Medium,Placed,13.68
4913,Male,CSE,7.4,93.7,82.4,3,7.0,70.3,2,3,3,5,3,2,2,6.3,6,No,Medium,Tier 1,Yes,Low,Placed,14.25
4914,Male,IT,6.05,58.0,49.8,0,6.5,65.5,4,2,4,2,1,2,1,5.5,7,No,Medium,Tier 3,Yes,Low,Placed,14.11
4915,Male,ECE,3.92,50.8,57.3,1,5.0,48.8,0,1,2,3,2,1,3,5.1,7,No,Low,Tier 1,Yes,High,Not Placed,0.0
4916,Female,CE,1.18,20.2,32.5,0,1.9,51.3,2,0,1,2,2,1,0,8.5,8,No,Medium,Tier 2,Yes,Low,Not Placed,0.0
4917,Male,CSE,7.81,81.7,96.7,0,8.1,90.5,4,3,4,3,4,3,3,7.3,8,No,Medium,Tier 1,Yes,Low,Placed,16.97
4918,Male,CSE,3.64,50.5,44.0,0,4.4,41.6,0,2,1,3,4,2,0,7.6,7,No,Low,Tier 1,Yes,High,Not Placed,0.0
4919,Female,CSE,7.36,63.9,67.0,0,6.7,83.9,4,3,3,3,5,1,2,6.8,4,No,High,Tier 2,Yes,Low,Placed,15.95
4920,Male,ECE,5.13,58.5,52.2,0,1.8,82.2,3,1,2,2,3,3,2,9.3,6,No,Medium,Tier 3,Yes,Medium,Placed,12.82
4921,Female,CSE,7.39,89.7,72.1,0,5.9,76.5,4,3,3,4,1,0,1,9.1,5,No,Medium,Tier 3,Yes,Low,Not Placed,0.0
4922,Female,ME,9.07,100.0,79.4,0,6.3,93.2,6,2,4,4,5,4,0,7.0,5,No,Medium,Tier 1,Yes,Medium,Placed,18.34
4923,Male,IT,9.21,92.0,100.0,0,8.6,99.0,5,4,5,4,3,5,0,7.0,6,No,Low,Tier 2,Yes,High,Placed,18.34
4924,Female,IT,5.35,60.9,74.1,0,5.3,51.3,4,2,2,3,4,2,1,6.7,8,No,Low,Tier 1,No,Low,Placed,12.68
4925,Male,ECE,5.12,80.6,57.0,0,4.0,67.5,1,1,0,2,3,1,0,5.7,7,Yes,Medium,Tier 1,Yes,High,Not Placed,0.0
4926,Male,CSE,2.66,49.0,35.4,1,3.7,66.2,3,1,2,5,3,1,4,6.5,5,Yes,High,Tier 1,No,Medium,Not Placed,0.0
4927,Male,ECE,9.36,88.4,74.7,0,6.6,84.0,4,3,5,3,5,5,0,6.6,6,Yes,Medium,Tier 1,Yes,Medium,Placed,19.09
4928,Male,EE,4.58,47.7,61.6,2,3.7,72.5,2,2,4,3,5,2,3,4.3,6,No,Low,Tier 2,Yes,Medium,Placed,13.9
4929,Female,ME,1.28,35.4,44.8,0,1.7,43.0,0,1,1,1,2,0,1,4.3,8,Yes,High,Tier 1,No,High,Not Placed,0.0
4930,Female,ME,4.33,41.7,46.3,0,5.1,52.9,2,0,2,2,1,4,1,6.9,9,No,Medium,Tier 2,Yes,Medium,Not Placed,0.0
4931,Male,ME,1.27,36.7,27.0,0,3.8,41.5,1,1,1,2,3,1,2,8.0,6,Yes,Medium,Tier 1,Yes,Medium,Not Placed,0.0
4932,Male,CSE,5.03,61.1,62.6,1,4.4,58.9,2,2,3,4,2,3,1,6.1,5,No,Medium,Tier 3,Yes,Low,Placed,13.55
4933,Female,CSE,5.61,67.9,80.1,0,6.7,58.0,2,2,2,3,4,2,0,9.1,6,Yes,Medium,Tier 1,Yes,Medium,Not Placed,0.0
4934,Male,CSE,3.38,41.2,47.0,1,3.9,52.2,3,2,2,3,4,2,0,6.7,8,No,High,Tier 2,No,High,Not Placed,0.0
4935,Male,CSE,0.72,14.8,25.7,0,2.2,40.1,3,1,1,1,2,0,3,6.0,7,No,Medium,Tier 2,Yes,Medium,Not Placed,0.0
4936,Male,CSE,9.44,100.0,95.3,0,8.0,89.6,4,3,5,5,3,4,1,5.3,4,Yes,Medium,Tier 2,Yes,Low,Placed,19.54
4937,Female,ECE,7.73,78.2,65.6,1,6.7,78.2,4,3,4,2,3,3,1,7.1,6,No,High,Tier 1,Yes,Low,Placed,16.24
4938,Male,IT,8.39,82.2,70.7,0,7.8,88.1,5,2,3,3,5,3,3,4.6,6,No,High,Tier 2,Yes,High,Placed,17.04
4939,Female,ME,3.67,45.4,39.3,0,4.8,63.4,4,2,3,2,4,2,3,6.1,4,No,High,Tier 3,Yes,Low,Not Placed,0.0
4940,Female,IT,7.61,81.6,89.0,0,5.9,66.9,3,3,4,3,4,4,0,7.1,4,Yes,Medium,Tier 2,Yes,Medium,Placed,16.59
4941,Male,CE,4.85,45.9,53.4,0,4.7,61.1,3,1,3,2,2,1,2,5.3,3,No,High,Tier 2,Yes,Medium,Placed,12.64
4942,Male,CSE,2.01,26.4,28.8,0,4.6,23.4,2,1,1,3,1,0,1,6.4,5,No,Low,Tier 2,Yes,Low,Not Placed,0.0
4943,Female,CSE,1.24,19.4,22.4,0,2.5,40.5,3,2,2,2,0,0,1,7.0,8,No,Low,Tier 2,Yes,Low,Not Placed,0.0
4944,Male,IT,3.45,52.8,44.2,5,4.2,57.5,1,2,1,3,2,0,2,5.5,8,No,Low,Tier 1,Yes,High,Not Placed,0.0
4945,Female,CSE,1.38,17.9,46.1,1,3.6,50.1,4,0,3,3,2,2,2,7.8,5,No,Medium,Tier 2,Yes,High,Not Placed,0.0
4946,Female,CSE,9.98,82.3,96.3,0,8.0,96.7,5,3,4,4,3,4,0,8.1,9,No,Medium,Tier 2,Yes,Low,Placed,17.66
4947,Female,CSE,0.49,0.0,14.1,0,1.8,44.5,1,0,2,4,2,2,1,5.8,5,No,Medium,Tier 2,Yes,Medium,Not Placed,0.0
4948,Female,CSE,4.41,37.8,53.5,0,5.4,62.2,0,1,1,3,4,0,3,6.8,5,No,High,Tier 2,Yes,Medium,Not Placed,0.0
4949,Female,ECE,4.52,67.0,71.7,1,5.9,54.0,1,2,0,3,3,0,1,6.9,2,No,Low,Tier 2,Yes,Low,Not Placed,0.0
4950,Female,ECE,3.01,40.7,37.1,0,1.2,39.7,1,1,1,2,4,2,2,7.4,6,No,High,Tier 2,Yes,High,Not Placed,0.0
4951,Male,ECE,5.71,68.5,51.9,0,4.8,66.1,2,3,1,5,3,0,2,6.6,4,Yes,Medium,Tier 3,Yes,Low,Placed,11.58
4952,Male,IT,1.5,33.1,25.0,0,1.6,34.8,3,0,2,3,2,1,0,6.1,8,No,Medium,Tier 3,No,Medium,Not Placed,0.0
4953,Male,ECE,7.84,82.2,82.0,0,6.9,80.6,2,2,4,3,4,4,1,5.7,3,No,Medium,Tier 2,Yes,High,Placed,17.63
4954,Female,CSE,3.32,42.5,51.4,1,2.9,49.0,3,1,4,2,4,3,1,8.0,8,No,Medium,Tier 2,No,Medium,Not Placed,0.0
4955,Male,CSE,5.91,75.7,75.3,0,6.3,75.5,3,1,3,2,4,2,1,6.3,6,Yes,High,Tier 2,Yes,Low,Placed,14.96
4956,Female,CSE,7.16,77.3,64.8,2,6.7,78.5,3,1,4,5,3,3,2,6.1,3,No,Medium,Tier 1,Yes,Low,Placed,13.64
4957,Male,IT,8.89,100.0,79.6,0,8.6,93.7,4,3,4,4,5,4,2,8.3,2,No,High,Tier 2,Yes,Low,Placed,16.74
4958,Female,IT,8.36,92.3,81.6,0,8.3,90.5,2,4,3,3,4,3,3,7.2,6,Yes,Medium,Tier 2,Yes,Low,Placed,16.19
4959,Male,IT,6.08,60.5,73.5,0,6.4,69.3,3,4,3,2,3,0,1,5.8,4,No,Medium,Tier 2,Yes,Medium,Placed,12.68
4960,Female,CSE,3.88,43.0,36.4,0,3.9,56.9,0,1,1,4,3,0,0,6.8,2,Yes,Medium,Tier 1,Yes,Medium,Not Placed,0.0
4961,Male,ECE,5.03,50.5,52.2,0,5.1,71.2,4,3,3,2,3,2,3,5.8,9,No,Medium,Tier 1,Yes,Low,Placed,13.0
4962,Male,ECE,7.69,92.5,73.6,0,6.4,100.0,5,2,4,3,4,4,3,5.6,7,No,Medium,Tier 1,Yes,Low,Placed,15.09
4963,Male,ECE,8.78,85.6,97.7,0,6.3,75.8,5,4,4,5,5,2,2,6.3,3,No,Medium,Tier 3,Yes,Medium,Placed,17.53
4964,Female,ECE,1.04,15.9,31.6,2,3.2,41.7,7,0,4,2,1,3,2,6.8,2,No,Medium,Tier 2,Yes,Low,Not Placed,0.0
4965,Male,ECE,3.85,50.9,57.8,0,4.1,43.8,3,0,2,4,1,2,3,6.3,8,No,High,Tier 3,Yes,Medium,Not Placed,0.0
4966,Male,ECE,7.76,80.0,93.5,0,5.4,81.3,5,4,4,3,3,4,1,7.7,3,No,High,Tier 3,Yes,Low,Placed,16.88
4967,Female,IT,4.32,54.7,49.5,3,5.1,52.8,2,3,2,4,2,1,2,7.8,6,Yes,Medium,Tier 1,Yes,Medium,Not Placed,0.0
4968,Female,CSE,3.32,62.1,32.7,0,3.6,53.5,3,1,3,3,4,2,2,6.2,6,No,Medium,Tier 3,Yes,Low,Not Placed,0.0
4969,Female,IT,4.11,59.1,39.1,1,2.3,61.5,4,2,3,2,2,4,3,6.8,4,No,High,Tier 1,Yes,Low,Not Placed,0.0
4970,Male,CSE,6.03,66.5,47.9,2,4.3,65.3,3,2,3,3,3,3,0,6.4,4,No,Medium,Tier 2,Yes,Low,Placed,11.72
4971,Male,CSE,10.0,85.9,93.4,0,7.8,73.6,5,5,5,2,5,4,1,5.8,2,No,Medium,Tier 3,Yes,Medium,Placed,18.58
4972,Female,EE,4.93,51.9,53.6,0,5.2,81.7,2,0,2,0,2,1,0,7.2,6,No,Medium,Tier 1,Yes,Medium,Placed,9.4
4973,Male,EE,2.08,39.8,42.5,1,3.7,57.6,2,1,1,2,1,1,2,4.7,10,No,High,Tier 1,Yes,High,Not Placed,0.0
4974,Female,CSE,1.63,17.1,31.2,1,3.4,43.2,3,0,2,3,3,1,0,5.8,3,No,Medium,Tier 1,Yes,Medium,Not Placed,0.0
4975,Male,ECE,0.42,40.0,16.5,0,2.4,26.8,2,0,0,2,2,1,2,5.6,4,No,Medium,Tier 3,Yes,Low,Not Placed,0.0
4976,Male,CSE,5.59,62.7,61.6,0,5.4,69.6,4,2,4,3,2,4,2,5.9,7,No,Low,Tier 3,Yes,Medium,Placed,14.72
4977,Male,ECE,5.45,61.8,51.2,0,7.0,72.0,3,1,3,2,2,2,3,5.7,1,Yes,Medium,Tier 3,Yes,Low,Placed,12.1
4978,Male,ME,2.05,25.8,44.7,2,3.6,56.5,4,0,3,3,2,4,1,5.1,4,No,Low,Tier 2,No,Medium,Not Placed,0.0
4979,Male,EE,6.95,79.0,65.7,0,6.6,87.0,6,3,5,5,4,5,3,6.6,6,Yes,High,Tier 3,Yes,Medium,Placed,16.23
4980,Male,IT,7.41,66.4,65.9,3,7.3,92.1,2,3,4,4,5,2,4,6.6,4,Yes,Low,Tier 1,No,Medium,Placed,14.1
4981,Female,ECE,2.59,58.7,46.9,5,2.9,29.6,1,1,1,4,2,1,1,7.0,7,No,Low,Tier 2,No,Low,Not Placed,0.0
4982,Male,IT,3.44,57.4,51.3,1,3.9,52.0,2,0,2,5,1,1,2,7.3,6,No,Low,Tier 2,Yes,Medium,Not Placed,0.0
4983,Female,CSE,9.9,100.0,80.0,1,6.3,100.0,4,3,5,3,4,5,1,7.5,6,No,Medium,Tier 1,Yes,High,Placed,17.86
4984,Female,CE,3.74,32.9,56.5,0,3.7,46.4,2,2,3,3,3,1,2,6.0,4,No,Low,Tier 3,Yes,Low,Not Placed,0.0
4985,Male,ME,7.61,81.7,71.5,0,8.6,95.3,5,2,4,2,4,2,1,7.1,5,No,Low,Tier 3,Yes,Low,Placed,15.94
4986,Male,ECE,4.53,65.6,50.5,0,4.8,83.9,1,2,3,5,2,3,2,6.7,6,No,Medium,Tier 3,Yes,Low,Not Placed,0.0
4987,Female,CSE,7.93,88.3,83.3,0,7.2,96.9,4,2,4,5,5,4,1,6.9,6,No,Medium,Tier 2,Yes,Low,Placed,17.46
4988,Female,CSE,7.69,70.3,85.4,0,7.9,89.1,3,2,5,4,1,2,2,6.5,8,No,Medium,Tier 2,Yes,Low,Placed,15.68
4989,Female,CSE,6.68,65.3,75.9,1,6.5,69.7,3,1,3,5,4,3,0,6.0,7,No,Low,Tier 2,Yes,Low,Not Placed,0.0
4990,Female,ME,8.55,83.2,85.9,0,6.7,89.7,4,3,4,0,2,2,2,6.7,5,No,Medium,Tier 1,Yes,Low,Placed,16.82
4991,Female,ECE,9.39,88.8,88.9,1,8.1,75.2,5,4,5,5,5,3,2,6.4,7,No,High,Tier 1,Yes,Medium,Placed,18.55
4992,Male,CSE,5.8,79.6,68.5,0,4.4,60.4,4,2,3,3,3,2,0,7.4,7,No,Medium,Tier 3,Yes,Low,Placed,15.1
4993,Male,ECE,2.37,15.9,35.8,0,3.3,40.7,4,2,3,5,3,2,1,8.1,4,No,Medium,Tier 2,Yes,High,Not Placed,0.0
4994,Female,ME,3.99,55.5,68.0,0,3.5,59.7,5,3,3,5,2,2,1,5.9,7,No,Medium,Tier 3,Yes,Low,Not Placed,0.0
4995,Male,CSE,7.58,66.5,84.5,4,7.7,75.8,5,3,5,4,5,3,2,6.4,5,No,Low,Tier 2,Yes,High,Not Placed,0.0
4996,Female,ME,6.51,60.7,60.8,2,5.5,77.2,4,2,3,3,1,3,2,9.8,6,No,High,Tier 1,Yes,Low,Placed,14.42
4997,Male,ME,1.78,10.0,27.5,0,1.9,56.2,4,1,2,3,3,0,2,4.8,8,No,Low,Tier 2,Yes,Low,Not Placed,0.0
4998,Male,CE,0.51,13.8,22.6,0,1.7,29.5,2,0,2,1,1,1,0,5.1,8,Yes,Low,Tier 2,Yes,High,Not Placed,0.0
4999,Female,ECE,6.83,88.2,85.6,3,6.6,77.8,6,3,5,4,4,4,0,8.3,4,No,Low,Tier 1,Yes,Medium,Placed,16.29
5000,Male,CSE,2.51,39.0,52.2,0,2.0,45.1,0,1,0,0,2,1,2,9.3,3,No,Medium,Tier 1,Yes,Low,Not Placed,0.0
